id,booking_id,event_type,actor_account_id,message,occurred_at
1,193,CREATED,6,Booking LNR-20260530-00193 được tạo.,2026-05-11 16:00:00
2,193,STAFF_ASSIGNED,\N,Đã phân công kỹ thuật viên #11.,2026-05-11 16:05:00
3,193,PAYMENT_RECEIVED,\N,Thanh toán PAY-20260530-00193 thành công.,2026-05-12 12:02:00
4,191,CREATED,8,Booking LNR-20260603-00191 được tạo.,2026-05-14 11:30:00
5,191,STAFF_ASSIGNED,\N,Đã phân công kỹ thuật viên #21.,2026-05-14 11:35:00
6,155,CREATED,8,Booking LNR-20260603-00155 được tạo.,2026-05-14 14:45:00
7,155,STAFF_ASSIGNED,\N,Đã phân công kỹ thuật viên #22.,2026-05-14 14:50:00
8,155,EMAIL_SENT,\N,Đã gửi email xác nhận booking.,2026-05-14 14:55:00
9,155,PAYMENT_RECEIVED,\N,Thanh toán PAY-20260603-00155 thành công.,2026-05-14 15:14:00
10,191,PAYMENT_RECEIVED,\N,Thanh toán PAY-20260603-00191 thành công.,2026-05-14 19:16:00
11,57,CREATED,98,Booking LNR-20260529-00057 được tạo.,2026-05-15 09:15:00
12,57,STAFF_ASSIGNED,98,Đã phân công kỹ thuật viên #11.,2026-05-15 09:20:00
13,57,EMAIL_SENT,\N,Đã gửi email xác nhận booking.,2026-05-15 09:25:00
14,37,CREATED,154,Booking LNR-20260529-00037 được tạo.,2026-05-17 05:15:00
15,37,STAFF_ASSIGNED,154,Đã phân công kỹ thuật viên #19.,2026-05-17 05:20:00
16,37,EMAIL_SENT,\N,Đã gửi email xác nhận booking.,2026-05-17 05:25:00
17,37,PAYMENT_RECEIVED,\N,Thanh toán PAY-20260529-00037 thành công.,2026-05-17 06:35:00
18,413,CREATED,8,Booking LNR-20260606-00413 được tạo.,2026-05-17 09:15:00
19,413,STAFF_ASSIGNED,\N,Đã phân công kỹ thuật viên #11.,2026-05-17 09:20:00
20,413,PAYMENT_RECEIVED,\N,Thanh toán PAY-20260606-00413 thành công.,2026-05-17 10:37:00
21,529,CREATED,8,Booking LNR-20260606-00529 được tạo.,2026-05-17 15:45:00
22,529,STAFF_ASSIGNED,8,Đã phân công kỹ thuật viên #13.,2026-05-17 15:50:00
23,529,EMAIL_SENT,\N,Đã gửi email xác nhận booking.,2026-05-17 15:55:00
24,529,PAYMENT_RECEIVED,\N,Thanh toán PAY-20260606-00529 thành công.,2026-05-17 16:11:00
25,138,CREATED,7,Booking LNR-20260529-00138 được tạo.,2026-05-18 09:00:00
26,138,STAFF_ASSIGNED,7,Đã phân công kỹ thuật viên #17.,2026-05-18 09:05:00
27,502,CREATED,170,Booking LNR-20260528-00502 được tạo.,2026-05-18 10:45:00
28,502,STAFF_ASSIGNED,170,Đã phân công kỹ thuật viên #20.,2026-05-18 10:50:00
29,502,PAYMENT_RECEIVED,\N,Thanh toán PAY-20260528-00502 thành công.,2026-05-18 12:28:00
30,69,CREATED,7,Booking LNR-20260603-00069 được tạo.,2026-05-18 12:30:00
31,69,STAFF_ASSIGNED,7,Đã phân công kỹ thuật viên #17.,2026-05-18 12:35:00
32,69,EMAIL_SENT,\N,Đã gửi email xác nhận booking.,2026-05-18 12:40:00
33,69,PAYMENT_RECEIVED,\N,Thanh toán PAY-20260603-00069 thành công.,2026-05-18 16:24:00
34,38,CREATED,9,Booking LNR-20260602-00038 được tạo.,2026-05-19 12:15:00
35,38,STAFF_ASSIGNED,9,Đã phân công kỹ thuật viên #21.,2026-05-19 12:20:00
36,38,EMAIL_SENT,\N,Đã gửi email xác nhận booking.,2026-05-19 12:25:00
37,18,CREATED,9,Booking LNR-20260602-00018 được tạo.,2026-05-20 09:30:00
38,18,STAFF_ASSIGNED,9,Đã phân công kỹ thuật viên #12.,2026-05-20 09:35:00
39,184,CREATED,9,Booking LNR-20260603-00184 được tạo.,2026-05-20 10:00:00
40,184,STAFF_ASSIGNED,\N,Đã phân công kỹ thuật viên #15.,2026-05-20 10:05:00
41,184,EMAIL_SENT,\N,Đã gửi email xác nhận booking.,2026-05-20 10:10:00
42,384,CREATED,158,Booking LNR-20260530-00384 được tạo.,2026-05-20 10:45:00
43,384,STAFF_ASSIGNED,\N,Đã phân công kỹ thuật viên #19.,2026-05-20 10:50:00
44,484,CREATED,8,Booking LNR-20260606-00484 được tạo.,2026-05-20 13:00:00
45,484,STAFF_ASSIGNED,8,Đã phân công kỹ thuật viên #24.,2026-05-20 13:05:00
46,484,EMAIL_SENT,\N,Đã gửi email xác nhận booking.,2026-05-20 13:10:00
47,184,PAYMENT_RECEIVED,\N,Thanh toán PAY-20260603-00184 thành công.,2026-05-20 17:40:00
48,484,PAYMENT_RECEIVED,\N,Thanh toán PAY-20260606-00484 thành công.,2026-05-20 20:37:00
49,304,CREATED,8,Booking LNR-20260609-00304 được tạo.,2026-05-21 07:30:00
50,304,STAFF_ASSIGNED,8,Đã phân công kỹ thuật viên #20.,2026-05-21 07:35:00
51,304,EMAIL_SENT,\N,Đã gửi email xác nhận booking.,2026-05-21 07:40:00
52,452,CREATED,6,Booking LNR-20260529-00452 được tạo.,2026-05-21 14:30:00
53,304,PAYMENT_RECEIVED,\N,Thanh toán PAY-20260609-00304 thành công.,2026-05-21 14:32:00
54,452,STAFF_ASSIGNED,\N,Đã phân công kỹ thuật viên #21.,2026-05-21 14:35:00
55,452,PAYMENT_RECEIVED,\N,Thanh toán PAY-20260529-00452 thành công.,2026-05-21 16:21:00
56,556,CREATED,166,Booking LNR-20260609-00556 được tạo.,2026-05-22 11:15:00
57,556,STAFF_ASSIGNED,166,Đã phân công kỹ thuật viên #15.,2026-05-22 11:20:00
58,556,EMAIL_SENT,\N,Đã gửi email xác nhận booking.,2026-05-22 11:25:00
59,424,CREATED,113,Booking LNR-20260603-00424 được tạo.,2026-05-23 06:30:00
60,424,STAFF_ASSIGNED,113,Đã phân công kỹ thuật viên #21.,2026-05-23 06:35:00
61,332,CREATED,7,Booking LNR-20260601-00332 được tạo.,2026-05-23 09:15:00
62,481,CREATED,8,Booking LNR-20260601-00481 được tạo.,2026-05-23 09:15:00
63,332,STAFF_ASSIGNED,7,Đã phân công kỹ thuật viên #20.,2026-05-23 09:20:00
64,481,STAFF_ASSIGNED,8,Đã phân công kỹ thuật viên #11.,2026-05-23 09:20:00
65,332,PAYMENT_RECEIVED,\N,Thanh toán PAY-20260601-00332 thành công.,2026-05-23 10:02:00
66,412,CREATED,9,Booking LNR-20260608-00412 được tạo.,2026-05-23 11:45:00
67,412,STAFF_ASSIGNED,9,Đã phân công kỹ thuật viên #21.,2026-05-23 11:50:00
68,412,EMAIL_SENT,\N,Đã gửi email xác nhận booking.,2026-05-23 11:55:00
69,412,PAYMENT_RECEIVED,\N,Thanh toán PAY-20260608-00412 thành công.,2026-05-23 19:20:00
70,488,CREATED,7,Booking LNR-20260610-00488 được tạo.,2026-05-24 06:30:00
71,488,STAFF_ASSIGNED,7,Đã phân công kỹ thuật viên #15.,2026-05-24 06:35:00
72,488,PAYMENT_RECEIVED,\N,Thanh toán PAY-20260610-00488 thành công.,2026-05-24 13:36:00
73,539,CREATED,6,Booking LNR-20260610-00539 được tạo.,2026-05-24 15:00:00
74,539,STAFF_ASSIGNED,\N,Đã phân công kỹ thuật viên #17.,2026-05-24 15:05:00
75,539,EMAIL_SENT,\N,Đã gửi email xác nhận booking.,2026-05-24 15:10:00
76,16,CREATED,39,Booking LNR-20260612-00016 được tạo.,2026-05-25 10:30:00
77,16,STAFF_ASSIGNED,39,Đã phân công kỹ thuật viên #24.,2026-05-25 10:35:00
78,50,CREATED,7,Booking LNR-20260605-00050 được tạo.,2026-05-25 12:00:00
79,50,STAFF_ASSIGNED,\N,Đã phân công kỹ thuật viên #13.,2026-05-25 12:05:00
80,16,PAYMENT_RECEIVED,\N,Thanh toán PAY-20260612-00016 thành công.,2026-05-25 12:11:00
81,50,PAYMENT_RECEIVED,\N,Thanh toán PAY-20260605-00050 thành công.,2026-05-25 15:15:00
82,214,CREATED,7,Booking LNR-20260611-00214 được tạo.,2026-05-26 06:00:00
83,214,STAFF_ASSIGNED,7,Đã phân công kỹ thuật viên #10.,2026-05-26 06:05:00
84,214,PAYMENT_RECEIVED,\N,Thanh toán PAY-20260611-00214 thành công.,2026-05-26 09:12:00
85,343,CREATED,121,Booking LNR-20260606-00343 được tạo.,2026-05-26 10:45:00
86,343,STAFF_ASSIGNED,\N,Đã phân công kỹ thuật viên #16.,2026-05-26 10:50:00
87,456,CREATED,152,Booking LNR-20260528-00456 được tạo.,2026-05-26 12:15:00
88,456,STAFF_ASSIGNED,\N,Đã phân công kỹ thuật viên #17.,2026-05-26 12:20:00
89,441,CREATED,9,Booking LNR-20260604-00441 được tạo.,2026-05-26 14:00:00
90,441,STAFF_ASSIGNED,\N,Đã phân công kỹ thuật viên #11.,2026-05-26 14:05:00
91,441,PAYMENT_RECEIVED,\N,Thanh toán PAY-20260604-00441 thành công.,2026-05-26 14:14:00
92,316,CREATED,8,Booking LNR-20260610-00316 được tạo.,2026-05-27 03:30:00
93,316,STAFF_ASSIGNED,\N,Đã phân công kỹ thuật viên #14.,2026-05-27 03:35:00
94,316,EMAIL_SENT,\N,Đã gửi email xác nhận booking.,2026-05-27 03:40:00
95,316,PAYMENT_RECEIVED,\N,Thanh toán PAY-20260610-00316 thành công.,2026-05-27 04:32:00
96,296,CREATED,167,Booking LNR-20260605-00296 được tạo.,2026-05-27 07:00:00
97,343,PAYMENT_RECEIVED,\N,Thanh toán PAY-20260606-00343 thành công.,2026-05-27 07:02:00
98,296,STAFF_ASSIGNED,167,Đã phân công kỹ thuật viên #16.,2026-05-27 07:05:00
99,118,CREATED,120,Booking LNR-20260610-00118 được tạo.,2026-05-27 11:30:00
100,118,STAFF_ASSIGNED,\N,Đã phân công kỹ thuật viên #14.,2026-05-27 11:35:00
101,118,EMAIL_SENT,\N,Đã gửi email xác nhận booking.,2026-05-27 11:40:00
102,87,CREATED,147,Booking LNR-20260610-00087 được tạo.,2026-05-27 14:30:00
103,87,STAFF_ASSIGNED,\N,Đã phân công kỹ thuật viên #15.,2026-05-27 14:35:00
104,87,EMAIL_SENT,\N,Đã gửi email xác nhận booking.,2026-05-27 14:40:00
105,437,CREATED,134,Booking LNR-20260615-00437 được tạo.,2026-05-27 15:45:00
106,437,STAFF_ASSIGNED,134,Đã phân công kỹ thuật viên #14.,2026-05-27 15:50:00
107,118,PAYMENT_RECEIVED,\N,Thanh toán PAY-20260610-00118 thành công.,2026-05-27 19:18:00
108,417,CREATED,100,Booking LNR-20260602-00417 được tạo.,2026-05-28 09:30:00
109,417,STAFF_ASSIGNED,100,Đã phân công kỹ thuật viên #15.,2026-05-28 09:35:00
110,417,EMAIL_SENT,\N,Đã gửi email xác nhận booking.,2026-05-28 09:40:00
111,417,PAYMENT_RECEIVED,\N,Thanh toán PAY-20260602-00417 thành công.,2026-05-28 11:03:00
112,207,CREATED,6,Booking LNR-20260604-00207 được tạo.,2026-05-28 12:00:00
113,207,STAFF_ASSIGNED,\N,Đã phân công kỹ thuật viên #23.,2026-05-28 12:05:00
114,207,EMAIL_SENT,\N,Đã gửi email xác nhận booking.,2026-05-28 12:10:00
115,502,CHECKED_IN,9,Khách đã check-in tại spa.,2026-05-28 13:03:00
116,502,SERVICE_STARTED,20,Kỹ thuật viên bắt đầu thực hiện dịch vụ.,2026-05-28 13:15:00
117,456,CHECKED_IN,7,Khách đã check-in tại spa.,2026-05-28 14:32:00
118,456,SERVICE_STARTED,17,Kỹ thuật viên bắt đầu thực hiện dịch vụ.,2026-05-28 14:49:00
119,143,CREATED,34,Booking LNR-20260616-00143 được tạo.,2026-05-28 15:45:00
120,143,STAFF_ASSIGNED,34,Đã phân công kỹ thuật viên #19.,2026-05-28 15:50:00
121,143,EMAIL_SENT,\N,Đã gửi email xác nhận booking.,2026-05-28 15:55:00
122,456,COMPLETED,17,Booking đã hoàn thành.,2026-05-28 16:01:00
123,502,COMPLETED,20,Booking đã hoàn thành.,2026-05-28 16:27:00
124,37,CHECKED_IN,6,Khách đã check-in tại spa.,2026-05-29 11:01:00
125,37,SERVICE_STARTED,19,Kỹ thuật viên bắt đầu thực hiện dịch vụ.,2026-05-29 11:20:00
126,37,COMPLETED,19,Booking đã hoàn thành.,2026-05-29 12:18:00
127,138,CHECKED_IN,8,Khách đã check-in tại spa.,2026-05-29 13:01:00
128,138,SERVICE_STARTED,17,Kỹ thuật viên bắt đầu thực hiện dịch vụ.,2026-05-29 13:20:00
129,399,CREATED,9,Booking LNR-20260611-00399 được tạo.,2026-05-29 14:00:00
130,399,STAFF_ASSIGNED,9,Đã phân công kỹ thuật viên #12.,2026-05-29 14:05:00
131,399,PAYMENT_RECEIVED,\N,Thanh toán PAY-20260611-00399 thành công.,2026-05-29 14:15:00
132,138,COMPLETED,17,Booking đã hoàn thành.,2026-05-29 14:30:00
133,317,CREATED,8,Booking LNR-20260612-00317 được tạo.,2026-05-29 15:00:00
134,317,STAFF_ASSIGNED,8,Đã phân công kỹ thuật viên #11.,2026-05-29 15:05:00
135,57,CHECKED_IN,7,Khách đã check-in tại spa.,2026-05-29 15:16:00
136,57,SERVICE_STARTED,11,Kỹ thuật viên bắt đầu thực hiện dịch vụ.,2026-05-29 15:34:00
137,57,COMPLETED,11,Booking đã hoàn thành.,2026-05-29 16:13:00
138,452,CHECKED_IN,7,Khách đã check-in tại spa.,2026-05-29 16:21:00
139,452,SERVICE_STARTED,21,Kỹ thuật viên bắt đầu thực hiện dịch vụ.,2026-05-29 16:37:00
140,452,COMPLETED,21,Booking đã hoàn thành.,2026-05-29 17:22:00
141,370,CREATED,86,Booking LNR-20260612-00370 được tạo.,2026-05-30 06:30:00
142,370,STAFF_ASSIGNED,86,Đã phân công kỹ thuật viên #15.,2026-05-30 06:35:00
143,78,CREATED,7,Booking LNR-20260601-00078 được tạo.,2026-05-30 06:45:00
144,78,STAFF_ASSIGNED,7,Đã phân công kỹ thuật viên #23.,2026-05-30 06:50:00
145,544,CREATED,115,Booking LNR-20260611-00544 được tạo.,2026-05-30 08:00:00
146,544,STAFF_ASSIGNED,115,Đã phân công kỹ thuật viên #17.,2026-05-30 08:05:00
147,78,PAYMENT_RECEIVED,\N,Thanh toán PAY-20260601-00078 thành công.,2026-05-30 08:11:00
148,355,CREATED,7,Booking LNR-20260609-00355 được tạo.,2026-05-30 08:15:00
149,355,STAFF_ASSIGNED,7,Đã phân công kỹ thuật viên #24.,2026-05-30 08:20:00
150,355,PAYMENT_RECEIVED,\N,Thanh toán PAY-20260609-00355 thành công.,2026-05-30 09:20:00
151,331,CREATED,6,Booking LNR-20260617-00331 được tạo.,2026-05-30 11:15:00
152,331,STAFF_ASSIGNED,6,Đã phân công kỹ thuật viên #23.,2026-05-30 11:20:00
153,331,EMAIL_SENT,\N,Đã gửi email xác nhận booking.,2026-05-30 11:25:00
154,317,PAYMENT_RECEIVED,\N,Thanh toán PAY-20260612-00317 thành công.,2026-05-30 11:34:00
155,526,CREATED,8,Booking LNR-20260605-00526 được tạo.,2026-05-30 13:30:00
156,526,STAFF_ASSIGNED,\N,Đã phân công kỹ thuật viên #23.,2026-05-30 13:35:00
157,384,CHECKED_IN,6,Khách đã check-in tại spa.,2026-05-30 15:35:00
158,384,SERVICE_STARTED,19,Kỹ thuật viên bắt đầu thực hiện dịch vụ.,2026-05-30 15:51:00
159,384,COMPLETED,19,Booking đã hoàn thành.,2026-05-30 17:03:00
160,193,CHECKED_IN,9,Khách đã check-in tại spa.,2026-05-30 17:42:00
161,193,SERVICE_STARTED,11,Kỹ thuật viên bắt đầu thực hiện dịch vụ.,2026-05-30 18:04:00
162,331,PAYMENT_RECEIVED,\N,Thanh toán PAY-20260617-00331 thành công.,2026-05-30 18:20:00
163,193,COMPLETED,11,Booking đã hoàn thành.,2026-05-30 18:43:00
164,370,PAYMENT_RECEIVED,\N,Thanh toán PAY-20260612-00370 thành công.,2026-05-31 03:20:00
165,591,CREATED,8,Booking LNR-20260604-00591 được tạo.,2026-05-31 12:45:00
166,591,STAFF_ASSIGNED,8,Đã phân công kỹ thuật viên #21.,2026-05-31 12:50:00
167,591,PAYMENT_RECEIVED,\N,Thanh toán PAY-20260604-00591 thành công.,2026-05-31 13:23:00
168,99,CREATED,115,Booking LNR-20260617-00099 được tạo.,2026-05-31 13:45:00
169,99,STAFF_ASSIGNED,115,Đã phân công kỹ thuật viên #13.,2026-05-31 13:50:00
170,99,EMAIL_SENT,\N,Đã gửi email xác nhận booking.,2026-05-31 13:55:00
171,99,PAYMENT_RECEIVED,\N,Thanh toán PAY-20260617-00099 thành công.,2026-05-31 14:00:00
172,332,CHECKED_IN,7,Khách đã check-in tại spa.,2026-06-01 09:05:00
173,588,CREATED,9,Booking LNR-20260603-00588 được tạo.,2026-06-01 09:15:00
174,332,SERVICE_STARTED,20,Kỹ thuật viên bắt đầu thực hiện dịch vụ.,2026-06-01 09:18:00
175,588,STAFF_ASSIGNED,9,Đã phân công kỹ thuật viên #22.,2026-06-01 09:20:00
176,588,PAYMENT_RECEIVED,\N,Thanh toán PAY-20260603-00588 thành công.,2026-06-01 09:43:00
177,78,CHECKED_IN,7,Khách đã check-in tại spa.,2026-06-01 09:59:00
178,78,SERVICE_STARTED,23,Kỹ thuật viên bắt đầu thực hiện dịch vụ.,2026-06-01 10:19:00
179,332,COMPLETED,20,Booking đã hoàn thành.,2026-06-01 10:42:00
180,229,CREATED,7,Booking LNR-20260617-00229 được tạo.,2026-06-01 11:00:00
181,229,STAFF_ASSIGNED,\N,Đã phân công kỹ thuật viên #20.,2026-06-01 11:05:00
182,229,EMAIL_SENT,\N,Đã gửi email xác nhận booking.,2026-06-01 11:10:00
183,78,COMPLETED,23,Booking đã hoàn thành.,2026-06-01 11:14:00
184,481,CHECKED_IN,6,Khách đã check-in tại spa.,2026-06-01 12:40:00
185,481,SERVICE_STARTED,11,Kỹ thuật viên bắt đầu thực hiện dịch vụ.,2026-06-01 13:03:00
186,481,COMPLETED,11,Booking đã hoàn thành.,2026-06-01 13:45:00
187,253,CREATED,9,Booking LNR-20260616-00253 được tạo.,2026-06-01 14:15:00
188,253,STAFF_ASSIGNED,9,Đã phân công kỹ thuật viên #19.,2026-06-01 14:20:00
189,253,EMAIL_SENT,\N,Đã gửi email xác nhận booking.,2026-06-01 14:25:00
190,504,CREATED,8,Booking LNR-20260615-00504 được tạo.,2026-06-01 14:45:00
191,504,STAFF_ASSIGNED,\N,Đã phân công kỹ thuật viên #13.,2026-06-01 14:50:00
192,504,EMAIL_SENT,\N,Đã gửi email xác nhận booking.,2026-06-01 14:55:00
193,82,CREATED,31,Booking LNR-20260616-00082 được tạo.,2026-06-01 15:30:00
194,82,STAFF_ASSIGNED,\N,Đã phân công kỹ thuật viên #20.,2026-06-01 15:35:00
195,82,PAYMENT_RECEIVED,\N,Thanh toán PAY-20260616-00082 thành công.,2026-06-01 15:51:00
196,504,PAYMENT_RECEIVED,\N,Thanh toán PAY-20260615-00504 thành công.,2026-06-01 18:29:00
197,152,CREATED,8,Booking LNR-20260605-00152 được tạo.,2026-06-02 04:30:00
198,152,STAFF_ASSIGNED,8,Đã phân công kỹ thuật viên #17.,2026-06-02 04:35:00
199,351,CREATED,8,Booking LNR-20260610-00351 được tạo.,2026-06-02 07:15:00
200,351,STAFF_ASSIGNED,8,Đã phân công kỹ thuật viên #19.,2026-06-02 07:20:00
201,351,EMAIL_SENT,\N,Đã gửi email xác nhận booking.,2026-06-02 07:25:00
202,8,CREATED,6,Booking LNR-20260618-00008 được tạo.,2026-06-02 07:30:00
203,8,STAFF_ASSIGNED,6,Đã phân công kỹ thuật viên #10.,2026-06-02 07:35:00
204,8,EMAIL_SENT,\N,Đã gửi email xác nhận booking.,2026-06-02 07:40:00
205,18,CHECKED_IN,6,Khách đã check-in tại spa.,2026-06-02 09:51:00
206,18,SERVICE_STARTED,12,Kỹ thuật viên bắt đầu thực hiện dịch vụ.,2026-06-02 10:00:00
207,253,PAYMENT_RECEIVED,\N,Thanh toán PAY-20260616-00253 thành công.,2026-06-02 10:30:00
208,265,CREATED,6,Booking LNR-20260618-00265 được tạo.,2026-06-02 10:45:00
209,265,STAFF_ASSIGNED,6,Đã phân công kỹ thuật viên #12.,2026-06-02 10:50:00
210,18,COMPLETED,12,Booking đã hoàn thành.,2026-06-02 12:43:00
211,38,CHECKED_IN,7,Khách đã check-in tại spa.,2026-06-02 13:38:00
212,38,SERVICE_STARTED,21,Kỹ thuật viên bắt đầu thực hiện dịch vụ.,2026-06-02 13:53:00
213,265,PAYMENT_RECEIVED,\N,Thanh toán PAY-20260618-00265 thành công.,2026-06-02 14:28:00
214,8,PAYMENT_RECEIVED,\N,Thanh toán PAY-20260618-00008 thành công.,2026-06-02 14:35:00
215,351,PAYMENT_RECEIVED,\N,Thanh toán PAY-20260610-00351 thành công.,2026-06-02 14:51:00
216,417,CHECKED_IN,9,Khách đã check-in tại spa.,2026-06-02 15:21:00
217,417,SERVICE_STARTED,15,Kỹ thuật viên bắt đầu thực hiện dịch vụ.,2026-06-02 15:33:00
218,492,CREATED,7,Booking LNR-20260618-00492 được tạo.,2026-06-02 15:45:00
219,492,STAFF_ASSIGNED,7,Đã phân công kỹ thuật viên #14.,2026-06-02 15:50:00
220,492,EMAIL_SENT,\N,Đã gửi email xác nhận booking.,2026-06-02 15:55:00
221,417,COMPLETED,15,Booking đã hoàn thành.,2026-06-02 16:44:00
222,38,COMPLETED,21,Booking đã hoàn thành.,2026-06-02 17:20:00
223,1,CREATED,7,Booking LNR-20260606-00001 được tạo.,2026-06-03 06:45:00
224,1,STAFF_ASSIGNED,7,Đã phân công kỹ thuật viên #16.,2026-06-03 06:50:00
225,1,EMAIL_SENT,\N,Đã gửi email xác nhận booking.,2026-06-03 06:55:00
226,1,PAYMENT_RECEIVED,\N,Thanh toán PAY-20260606-00001 thành công.,2026-06-03 07:19:00
227,184,CHECKED_IN,7,Khách đã check-in tại spa.,2026-06-03 10:44:00
228,588,CHECKED_IN,6,Khách đã check-in tại spa.,2026-06-03 10:44:00
229,184,SERVICE_STARTED,15,Kỹ thuật viên bắt đầu thực hiện dịch vụ.,2026-06-03 11:06:00
230,588,SERVICE_STARTED,22,Kỹ thuật viên bắt đầu thực hiện dịch vụ.,2026-06-03 11:07:00
231,476,CREATED,7,Booking LNR-20260617-00476 được tạo.,2026-06-03 11:15:00
232,476,STAFF_ASSIGNED,7,Đã phân công kỹ thuật viên #20.,2026-06-03 11:20:00
233,184,COMPLETED,15,Booking đã hoàn thành.,2026-06-03 11:48:00
234,424,CHECKED_IN,9,Khách đã check-in tại spa.,2026-06-03 11:55:00
235,424,SERVICE_STARTED,21,Kỹ thuật viên bắt đầu thực hiện dịch vụ.,2026-06-03 12:02:00
236,492,PAYMENT_RECEIVED,\N,Thanh toán PAY-20260618-00492 thành công.,2026-06-03 12:13:00
237,588,COMPLETED,22,Booking đã hoàn thành.,2026-06-03 13:07:00
238,476,PAYMENT_RECEIVED,\N,Thanh toán PAY-20260617-00476 thành công.,2026-06-03 13:09:00
239,424,COMPLETED,21,Booking đã hoàn thành.,2026-06-03 13:58:00
240,69,CHECKED_IN,8,Khách đã check-in tại spa.,2026-06-03 14:11:00
241,69,SERVICE_STARTED,17,Kỹ thuật viên bắt đầu thực hiện dịch vụ.,2026-06-03 14:32:00
242,120,CREATED,100,Booking LNR-20260620-00120 được tạo.,2026-06-03 14:45:00
243,120,STAFF_ASSIGNED,\N,Đã phân công kỹ thuật viên #11.,2026-06-03 14:50:00
244,120,EMAIL_SENT,\N,Đã gửi email xác nhận booking.,2026-06-03 14:55:00
245,69,COMPLETED,17,Booking đã hoàn thành.,2026-06-03 15:13:00
246,218,CREATED,7,Booking LNR-20260615-00218 được tạo.,2026-06-03 15:15:00
247,218,STAFF_ASSIGNED,\N,Đã phân công kỹ thuật viên #13.,2026-06-03 15:20:00
248,218,EMAIL_SENT,\N,Đã gửi email xác nhận booking.,2026-06-03 15:25:00
249,155,CHECKED_IN,6,Khách đã check-in tại spa.,2026-06-03 15:26:00
250,191,CHECKED_IN,9,Khách đã check-in tại spa.,2026-06-03 15:42:00
251,155,SERVICE_STARTED,22,Kỹ thuật viên bắt đầu thực hiện dịch vụ.,2026-06-03 15:48:00
252,249,CREATED,7,Booking LNR-20260615-00249 được tạo.,2026-06-03 16:00:00
253,191,SERVICE_STARTED,21,Kỹ thuật viên bắt đầu thực hiện dịch vụ.,2026-06-03 16:01:00
254,249,STAFF_ASSIGNED,7,Đã phân công kỹ thuật viên #20.,2026-06-03 16:05:00
255,249,EMAIL_SENT,\N,Đã gửi email xác nhận booking.,2026-06-03 16:10:00
256,191,COMPLETED,21,Booking đã hoàn thành.,2026-06-03 17:30:00
257,155,COMPLETED,22,Booking đã hoàn thành.,2026-06-03 17:43:00
258,218,PAYMENT_RECEIVED,\N,Thanh toán PAY-20260615-00218 thành công.,2026-06-03 18:37:00
259,471,CREATED,8,Booking LNR-20260611-00471 được tạo.,2026-06-04 08:15:00
260,471,STAFF_ASSIGNED,\N,Đã phân công kỹ thuật viên #11.,2026-06-04 08:20:00
261,471,PAYMENT_RECEIVED,\N,Thanh toán PAY-20260611-00471 thành công.,2026-06-04 09:49:00
262,435,CREATED,8,Booking LNR-20260616-00435 được tạo.,2026-06-04 10:00:00
263,435,STAFF_ASSIGNED,8,Đã phân công kỹ thuật viên #13.,2026-06-04 10:05:00
264,435,EMAIL_SENT,\N,Đã gửi email xác nhận booking.,2026-06-04 10:10:00
265,115,CREATED,8,Booking LNR-20260620-00115 được tạo.,2026-06-04 12:15:00
266,115,STAFF_ASSIGNED,8,Đã phân công kỹ thuật viên #12.,2026-06-04 12:20:00
267,591,CHECKED_IN,9,Khách đã check-in tại spa.,2026-06-04 13:19:00
268,435,PAYMENT_RECEIVED,\N,Thanh toán PAY-20260616-00435 thành công.,2026-06-04 13:33:00
269,591,SERVICE_STARTED,21,Kỹ thuật viên bắt đầu thực hiện dịch vụ.,2026-06-04 13:37:00
270,591,COMPLETED,21,Booking đã hoàn thành.,2026-06-04 14:48:00
271,441,CHECKED_IN,8,Khách đã check-in tại spa.,2026-06-04 14:59:00
272,441,SERVICE_STARTED,11,Kỹ thuật viên bắt đầu thực hiện dịch vụ.,2026-06-04 15:15:00
273,207,CHECKED_IN,8,Khách đã check-in tại spa.,2026-06-04 16:08:00
274,207,SERVICE_STARTED,23,Kỹ thuật viên bắt đầu thực hiện dịch vụ.,2026-06-04 16:20:00
275,441,COMPLETED,11,Booking đã hoàn thành.,2026-06-04 16:27:00
276,207,COMPLETED,23,Booking đã hoàn thành.,2026-06-04 18:59:00
277,175,CREATED,9,Booking LNR-20260620-00175 được tạo.,2026-06-05 05:15:00
278,175,STAFF_ASSIGNED,\N,Đã phân công kỹ thuật viên #22.,2026-06-05 05:20:00
279,536,CREATED,9,Booking LNR-20260620-00536 được tạo.,2026-06-05 08:45:00
280,536,STAFF_ASSIGNED,\N,Đã phân công kỹ thuật viên #20.,2026-06-05 08:50:00
281,536,PAYMENT_RECEIVED,\N,Thanh toán PAY-20260620-00536 thành công.,2026-06-05 09:16:00
282,152,CHECKED_IN,6,Khách đã check-in tại spa.,2026-06-05 10:25:00
283,152,SERVICE_STARTED,17,Kỹ thuật viên bắt đầu thực hiện dịch vụ.,2026-06-05 10:46:00
284,152,COMPLETED,17,Booking đã hoàn thành.,2026-06-05 11:31:00
285,50,CHECKED_IN,8,Khách đã check-in tại spa.,2026-06-05 13:08:00
286,50,SERVICE_STARTED,13,Kỹ thuật viên bắt đầu thực hiện dịch vụ.,2026-06-05 13:17:00
287,296,CHECKED_IN,9,Khách đã check-in tại spa.,2026-06-05 13:33:00
288,296,SERVICE_STARTED,16,Kỹ thuật viên bắt đầu thực hiện dịch vụ.,2026-06-05 13:49:00
289,296,COMPLETED,16,Booking đã hoàn thành.,2026-06-05 15:01:00
290,50,COMPLETED,13,Booking đã hoàn thành.,2026-06-05 15:30:00
291,526,CHECKED_IN,9,Khách đã check-in tại spa.,2026-06-05 16:28:00
292,526,SERVICE_STARTED,23,Kỹ thuật viên bắt đầu thực hiện dịch vụ.,2026-06-05 16:48:00
293,526,COMPLETED,23,Booking đã hoàn thành.,2026-06-05 18:00:00
294,61,CREATED,8,Booking LNR-20260611-00061 được tạo.,2026-06-06 06:30:00
295,61,STAFF_ASSIGNED,8,Đã phân công kỹ thuật viên #20.,2026-06-06 06:35:00
296,1,CHECKED_IN,6,Khách đã check-in tại spa.,2026-06-06 11:17:00
297,1,SERVICE_STARTED,16,Kỹ thuật viên bắt đầu thực hiện dịch vụ.,2026-06-06 11:34:00
298,484,CHECKED_IN,9,Khách đã check-in tại spa.,2026-06-06 14:17:00
299,484,SERVICE_STARTED,24,Kỹ thuật viên bắt đầu thực hiện dịch vụ.,2026-06-06 14:35:00
300,413,CHECKED_IN,9,Khách đã check-in tại spa.,2026-06-06 14:36:00
301,413,SERVICE_STARTED,11,Kỹ thuật viên bắt đầu thực hiện dịch vụ.,2026-06-06 14:48:00
302,1,COMPLETED,16,Booking đã hoàn thành.,2026-06-06 15:19:00
303,343,CHECKED_IN,6,Khách đã check-in tại spa.,2026-06-06 15:40:00
304,413,COMPLETED,11,Booking đã hoàn thành.,2026-06-06 15:42:00
305,343,SERVICE_STARTED,16,Kỹ thuật viên bắt đầu thực hiện dịch vụ.,2026-06-06 16:07:00
306,343,COMPLETED,16,Booking đã hoàn thành.,2026-06-06 17:17:00
307,529,CHECKED_IN,9,Khách đã check-in tại spa.,2026-06-06 17:21:00
308,529,SERVICE_STARTED,13,Kỹ thuật viên bắt đầu thực hiện dịch vụ.,2026-06-06 17:38:00
309,484,COMPLETED,24,Booking đã hoàn thành.,2026-06-06 18:02:00
310,529,COMPLETED,13,Booking đã hoàn thành.,2026-06-06 18:36:00
311,61,PAYMENT_RECEIVED,\N,Thanh toán PAY-20260611-00061 thành công.,2026-06-07 02:34:00
312,461,CREATED,8,Booking LNR-20260625-00461 được tạo.,2026-06-07 08:15:00
313,461,STAFF_ASSIGNED,8,Đã phân công kỹ thuật viên #10.,2026-06-07 08:20:00
314,461,EMAIL_SENT,\N,Đã gửi email xác nhận booking.,2026-06-07 08:25:00
315,449,CREATED,40,Booking LNR-20260616-00449 được tạo.,2026-06-07 10:15:00
316,449,STAFF_ASSIGNED,\N,Đã phân công kỹ thuật viên #18.,2026-06-07 10:20:00
317,449,PAYMENT_RECEIVED,\N,Thanh toán PAY-20260616-00449 thành công.,2026-06-07 10:27:00
318,220,CREATED,40,Booking LNR-20260627-00220 được tạo.,2026-06-08 04:45:00
319,220,STAFF_ASSIGNED,\N,Đã phân công kỹ thuật viên #13.,2026-06-08 04:50:00
320,220,EMAIL_SENT,\N,Đã gửi email xác nhận booking.,2026-06-08 04:55:00
321,220,PAYMENT_RECEIVED,\N,Thanh toán PAY-20260627-00220 thành công.,2026-06-08 06:10:00
322,261,CREATED,7,Booking LNR-20260620-00261 được tạo.,2026-06-08 10:00:00
323,261,STAFF_ASSIGNED,7,Đã phân công kỹ thuật viên #10.,2026-06-08 10:05:00
324,412,CHECKED_IN,6,Khách đã check-in tại spa.,2026-06-08 12:32:00
325,412,SERVICE_STARTED,21,Kỹ thuật viên bắt đầu thực hiện dịch vụ.,2026-06-08 12:53:00
326,412,COMPLETED,21,Booking đã hoàn thành.,2026-06-08 13:51:00
327,261,PAYMENT_RECEIVED,\N,Thanh toán PAY-20260620-00261 thành công.,2026-06-08 17:38:00
328,236,CREATED,44,Booking LNR-20260623-00236 được tạo.,2026-06-09 05:00:00
329,236,STAFF_ASSIGNED,44,Đã phân công kỹ thuật viên #10.,2026-06-09 05:05:00
330,36,CREATED,6,Booking LNR-20260615-00036 được tạo.,2026-06-09 05:15:00
331,36,STAFF_ASSIGNED,6,Đã phân công kỹ thuật viên #21.,2026-06-09 05:20:00
332,236,PAYMENT_RECEIVED,\N,Thanh toán PAY-20260623-00236 thành công.,2026-06-09 05:31:00
333,36,PAYMENT_RECEIVED,\N,Thanh toán PAY-20260615-00036 thành công.,2026-06-09 07:08:00
334,355,CHECKED_IN,8,Khách đã check-in tại spa.,2026-06-09 10:10:00
335,27,CREATED,33,Booking LNR-20260613-00027 được tạo.,2026-06-09 10:15:00
336,27,STAFF_ASSIGNED,33,Đã phân công kỹ thuật viên #20.,2026-06-09 10:20:00
337,355,SERVICE_STARTED,24,Kỹ thuật viên bắt đầu thực hiện dịch vụ.,2026-06-09 10:35:00
338,304,CHECKED_IN,9,Khách đã check-in tại spa.,2026-06-09 11:25:00
339,304,SERVICE_STARTED,20,Kỹ thuật viên bắt đầu thực hiện dịch vụ.,2026-06-09 11:53:00
340,355,COMPLETED,24,Booking đã hoàn thành.,2026-06-09 12:04:00
341,27,PAYMENT_RECEIVED,\N,Thanh toán PAY-20260613-00027 thành công.,2026-06-09 12:05:00
342,304,COMPLETED,20,Booking đã hoàn thành.,2026-06-09 13:03:00
343,556,CHECKED_IN,8,Khách đã check-in tại spa.,2026-06-09 13:21:00
344,556,SERVICE_STARTED,15,Kỹ thuật viên bắt đầu thực hiện dịch vụ.,2026-06-09 13:37:00
345,584,CREATED,60,Booking LNR-20260619-00584 được tạo.,2026-06-09 14:30:00
346,584,STAFF_ASSIGNED,60,Đã phân công kỹ thuật viên #21.,2026-06-09 14:35:00
347,584,EMAIL_SENT,\N,Đã gửi email xác nhận booking.,2026-06-09 14:40:00
348,556,COMPLETED,15,Booking đã hoàn thành.,2026-06-09 15:07:00
349,584,PAYMENT_RECEIVED,\N,Thanh toán PAY-20260619-00584 thành công.,2026-06-09 16:10:00
350,280,CREATED,60,Booking LNR-20260618-00280 được tạo.,2026-06-10 07:30:00
351,280,STAFF_ASSIGNED,60,Đã phân công kỹ thuật viên #24.,2026-06-10 07:35:00
352,280,PAYMENT_RECEIVED,\N,Thanh toán PAY-20260618-00280 thành công.,2026-06-10 08:57:00
353,316,CHECKED_IN,6,Khách đã check-in tại spa.,2026-06-10 09:15:00
354,316,SERVICE_STARTED,14,Kỹ thuật viên bắt đầu thực hiện dịch vụ.,2026-06-10 09:36:00
355,316,COMPLETED,14,Booking đã hoàn thành.,2026-06-10 11:06:00
356,351,CHECKED_IN,9,Khách đã check-in tại spa.,2026-06-10 11:20:00
357,488,CHECKED_IN,8,Khách đã check-in tại spa.,2026-06-10 11:26:00
358,351,SERVICE_STARTED,19,Kỹ thuật viên bắt đầu thực hiện dịch vụ.,2026-06-10 11:33:00
359,488,SERVICE_STARTED,15,Kỹ thuật viên bắt đầu thực hiện dịch vụ.,2026-06-10 11:46:00
360,351,COMPLETED,19,Booking đã hoàn thành.,2026-06-10 13:01:00
361,488,COMPLETED,15,Booking đã hoàn thành.,2026-06-10 13:11:00
362,118,CHECKED_IN,6,Khách đã check-in tại spa.,2026-06-10 14:04:00
363,118,SERVICE_STARTED,14,Kỹ thuật viên bắt đầu thực hiện dịch vụ.,2026-06-10 14:16:00
364,118,COMPLETED,14,Booking đã hoàn thành.,2026-06-10 15:41:00
365,87,CHECKED_IN,8,Khách đã check-in tại spa.,2026-06-10 15:42:00
366,539,CHECKED_IN,8,Khách đã check-in tại spa.,2026-06-10 15:46:00
367,87,SERVICE_STARTED,15,Kỹ thuật viên bắt đầu thực hiện dịch vụ.,2026-06-10 16:01:00
368,539,SERVICE_STARTED,17,Kỹ thuật viên bắt đầu thực hiện dịch vụ.,2026-06-10 16:03:00
369,87,COMPLETED,15,Booking đã hoàn thành.,2026-06-10 16:55:00
370,539,COMPLETED,17,Booking đã hoàn thành.,2026-06-10 17:31:00
371,353,CREATED,9,Booking LNR-20260630-00353 được tạo.,2026-06-11 07:15:00
372,353,STAFF_ASSIGNED,9,Đã phân công kỹ thuật viên #15.,2026-06-11 07:20:00
373,353,EMAIL_SENT,\N,Đã gửi email xác nhận booking.,2026-06-11 07:25:00
374,165,CREATED,127,Booking LNR-20260622-00165 được tạo.,2026-06-11 09:15:00
375,165,STAFF_ASSIGNED,127,Đã phân công kỹ thuật viên #21.,2026-06-11 09:20:00
376,165,EMAIL_SENT,\N,Đã gửi email xác nhận booking.,2026-06-11 09:25:00
377,90,CREATED,6,Booking LNR-20260618-00090 được tạo.,2026-06-11 09:45:00
378,90,STAFF_ASSIGNED,6,Đã phân công kỹ thuật viên #15.,2026-06-11 09:50:00
379,90,EMAIL_SENT,\N,Đã gửi email xác nhận booking.,2026-06-11 09:55:00
380,61,CHECKED_IN,8,Khách đã check-in tại spa.,2026-06-11 10:06:00
381,61,SERVICE_STARTED,20,Kỹ thuật viên bắt đầu thực hiện dịch vụ.,2026-06-11 10:23:00
382,165,PAYMENT_RECEIVED,\N,Thanh toán PAY-20260622-00165 thành công.,2026-06-11 10:45:00
383,336,CREATED,106,Booking LNR-20260616-00336 được tạo.,2026-06-11 10:45:00
384,214,CHECKED_IN,7,Khách đã check-in tại spa.,2026-06-11 10:46:00
385,336,STAFF_ASSIGNED,\N,Đã phân công kỹ thuật viên #24.,2026-06-11 10:50:00
386,105,CREATED,9,Booking LNR-20260630-00105 được tạo.,2026-06-11 11:00:00
387,105,STAFF_ASSIGNED,\N,Đã phân công kỹ thuật viên #22.,2026-06-11 11:05:00
388,214,SERVICE_STARTED,10,Kỹ thuật viên bắt đầu thực hiện dịch vụ.,2026-06-11 11:08:00
389,90,PAYMENT_RECEIVED,\N,Thanh toán PAY-20260618-00090 thành công.,2026-06-11 11:33:00
390,336,PAYMENT_RECEIVED,\N,Thanh toán PAY-20260616-00336 thành công.,2026-06-11 11:56:00
391,544,CHECKED_IN,6,Khách đã check-in tại spa.,2026-06-11 12:04:00
392,61,COMPLETED,20,Booking đã hoàn thành.,2026-06-11 12:18:00
393,544,SERVICE_STARTED,17,Kỹ thuật viên bắt đầu thực hiện dịch vụ.,2026-06-11 12:18:00
394,471,CHECKED_IN,8,Khách đã check-in tại spa.,2026-06-11 12:29:00
395,105,PAYMENT_RECEIVED,\N,Thanh toán PAY-20260630-00105 thành công.,2026-06-11 12:32:00
396,214,COMPLETED,10,Booking đã hoàn thành.,2026-06-11 12:34:00
397,471,SERVICE_STARTED,11,Kỹ thuật viên bắt đầu thực hiện dịch vụ.,2026-06-11 12:53:00
398,544,COMPLETED,17,Booking đã hoàn thành.,2026-06-11 13:28:00
399,471,COMPLETED,11,Booking đã hoàn thành.,2026-06-11 15:36:00
400,399,CHECKED_IN,9,Khách đã check-in tại spa.,2026-06-11 16:16:00
401,399,SERVICE_STARTED,12,Kỹ thuật viên bắt đầu thực hiện dịch vụ.,2026-06-11 16:38:00
402,399,COMPLETED,12,Booking đã hoàn thành.,2026-06-11 17:48:00
403,353,PAYMENT_RECEIVED,\N,Thanh toán PAY-20260630-00353 thành công.,2026-06-12 03:17:00
404,16,CHECKED_IN,7,Khách đã check-in tại spa.,2026-06-12 11:10:00
405,369,CREATED,6,Booking LNR-20260622-00369 được tạo.,2026-06-12 11:30:00
406,16,SERVICE_STARTED,24,Kỹ thuật viên bắt đầu thực hiện dịch vụ.,2026-06-12 11:32:00
407,369,STAFF_ASSIGNED,6,Đã phân công kỹ thuật viên #23.,2026-06-12 11:35:00
408,369,EMAIL_SENT,\N,Đã gửi email xác nhận booking.,2026-06-12 11:40:00
409,16,COMPLETED,24,Booking đã hoàn thành.,2026-06-12 12:26:00
410,70,CREATED,75,Booking LNR-20260629-00070 được tạo.,2026-06-12 12:30:00
411,187,CREATED,6,Booking LNR-20260619-00187 được tạo.,2026-06-12 12:30:00
412,70,STAFF_ASSIGNED,75,Đã phân công kỹ thuật viên #14.,2026-06-12 12:35:00
413,187,STAFF_ASSIGNED,\N,Đã phân công kỹ thuật viên #13.,2026-06-12 12:35:00
414,370,CHECKED_IN,7,Khách đã check-in tại spa.,2026-06-12 12:40:00
415,370,SERVICE_STARTED,15,Kỹ thuật viên bắt đầu thực hiện dịch vụ.,2026-06-12 13:01:00
416,391,CREATED,74,Booking LNR-20260618-00391 được tạo.,2026-06-12 13:15:00
417,391,STAFF_ASSIGNED,\N,Đã phân công kỹ thuật viên #20.,2026-06-12 13:20:00
418,187,PAYMENT_RECEIVED,\N,Thanh toán PAY-20260619-00187 thành công.,2026-06-12 13:53:00
419,370,COMPLETED,15,Booking đã hoàn thành.,2026-06-12 14:29:00
420,317,CHECKED_IN,9,Khách đã check-in tại spa.,2026-06-12 17:00:00
421,317,SERVICE_STARTED,11,Kỹ thuật viên bắt đầu thực hiện dịch vụ.,2026-06-12 17:22:00
422,317,COMPLETED,11,Booking đã hoàn thành.,2026-06-12 18:17:00
423,306,CREATED,80,Booking LNR-20260616-00306 được tạo.,2026-06-13 06:30:00
424,306,STAFF_ASSIGNED,80,Đã phân công kỹ thuật viên #16.,2026-06-13 06:35:00
425,221,CREATED,8,Booking LNR-20260701-00221 được tạo.,2026-06-13 06:45:00
426,221,STAFF_ASSIGNED,8,Đã phân công kỹ thuật viên #22.,2026-06-13 06:50:00
427,221,EMAIL_SENT,\N,Đã gửi email xác nhận booking.,2026-06-13 06:55:00
428,597,CREATED,169,Booking LNR-20260623-00597 được tạo.,2026-06-13 07:30:00
429,597,STAFF_ASSIGNED,\N,Đã phân công kỹ thuật viên #12.,2026-06-13 07:35:00
430,597,EMAIL_SENT,\N,Đã gửi email xác nhận booking.,2026-06-13 07:40:00
431,491,CREATED,7,Booking LNR-20260616-00491 được tạo.,2026-06-13 10:15:00
432,491,STAFF_ASSIGNED,\N,Đã phân công kỹ thuật viên #10.,2026-06-13 10:20:00
433,491,EMAIL_SENT,\N,Đã gửi email xác nhận booking.,2026-06-13 10:25:00
434,27,CHECKED_IN,9,Khách đã check-in tại spa.,2026-06-13 14:44:00
435,27,SERVICE_STARTED,20,Kỹ thuật viên bắt đầu thực hiện dịch vụ.,2026-06-13 15:03:00
436,27,COMPLETED,20,Booking đã hoàn thành.,2026-06-13 18:02:00
437,221,PAYMENT_RECEIVED,\N,Thanh toán PAY-20260701-00221 thành công.,2026-06-14 03:13:00
438,24,CREATED,7,Booking LNR-20260618-00024 được tạo.,2026-06-14 08:15:00
439,24,STAFF_ASSIGNED,7,Đã phân công kỹ thuật viên #20.,2026-06-14 08:20:00
440,24,EMAIL_SENT,\N,Đã gửi email xác nhận booking.,2026-06-14 08:25:00
441,295,CREATED,6,Booking LNR-20260704-00295 được tạo.,2026-06-14 09:15:00
442,295,STAFF_ASSIGNED,\N,Đã phân công kỹ thuật viên #14.,2026-06-14 09:20:00
443,295,EMAIL_SENT,\N,Đã gửi email xác nhận booking.,2026-06-14 09:25:00
444,15,CREATED,41,Booking LNR-20260626-00015 được tạo.,2026-06-14 12:30:00
445,295,PAYMENT_RECEIVED,\N,Thanh toán PAY-20260704-00295 thành công.,2026-06-14 12:30:00
446,15,STAFF_ASSIGNED,41,Đã phân công kỹ thuật viên #16.,2026-06-14 12:35:00
447,15,EMAIL_SENT,\N,Đã gửi email xác nhận booking.,2026-06-14 12:40:00
448,285,CREATED,125,Booking LNR-20260703-00285 được tạo.,2026-06-14 12:45:00
449,285,STAFF_ASSIGNED,\N,Đã phân công kỹ thuật viên #22.,2026-06-14 12:50:00
450,15,PAYMENT_RECEIVED,\N,Thanh toán PAY-20260626-00015 thành công.,2026-06-14 15:55:00
451,285,PAYMENT_RECEIVED,\N,Thanh toán PAY-20260703-00285 thành công.,2026-06-14 16:40:00
452,24,PAYMENT_RECEIVED,\N,Thanh toán PAY-20260618-00024 thành công.,2026-06-15 04:39:00
453,36,CHECKED_IN,8,Khách đã check-in tại spa.,2026-06-15 10:45:00
454,36,SERVICE_STARTED,21,Kỹ thuật viên bắt đầu thực hiện dịch vụ.,2026-06-15 11:01:00
455,512,CREATED,7,Booking LNR-20260618-00512 được tạo.,2026-06-15 11:15:00
456,512,STAFF_ASSIGNED,\N,Đã phân công kỹ thuật viên #20.,2026-06-15 11:20:00
457,468,CREATED,7,Booking LNR-20260703-00468 được tạo.,2026-06-15 11:45:00
458,468,STAFF_ASSIGNED,7,Đã phân công kỹ thuật viên #24.,2026-06-15 11:50:00
459,36,COMPLETED,21,Booking đã hoàn thành.,2026-06-15 12:13:00
460,512,PAYMENT_RECEIVED,\N,Thanh toán PAY-20260618-00512 thành công.,2026-06-15 14:48:00
461,218,CHECKED_IN,8,Khách đã check-in tại spa.,2026-06-15 15:09:00
462,218,SERVICE_STARTED,13,Kỹ thuật viên bắt đầu thực hiện dịch vụ.,2026-06-15 15:21:00
463,249,CHECKED_IN,8,Khách đã check-in tại spa.,2026-06-15 16:07:00
464,437,CHECKED_IN,7,Khách đã check-in tại spa.,2026-06-15 16:17:00
465,249,SERVICE_STARTED,20,Kỹ thuật viên bắt đầu thực hiện dịch vụ.,2026-06-15 16:19:00
466,218,COMPLETED,13,Booking đã hoàn thành.,2026-06-15 16:31:00
467,437,SERVICE_STARTED,14,Kỹ thuật viên bắt đầu thực hiện dịch vụ.,2026-06-15 16:34:00
468,504,CHECKED_IN,8,Khách đã check-in tại spa.,2026-06-15 16:40:00
469,504,SERVICE_STARTED,13,Kỹ thuật viên bắt đầu thực hiện dịch vụ.,2026-06-15 17:01:00
470,437,COMPLETED,14,Booking đã hoàn thành.,2026-06-15 17:33:00
471,249,COMPLETED,20,Booking đã hoàn thành.,2026-06-15 17:46:00
472,504,COMPLETED,13,Booking đã hoàn thành.,2026-06-15 18:11:00
473,577,CREATED,123,Booking LNR-20260703-00577 được tạo.,2026-06-16 06:45:00
474,577,PAYMENT_RECEIVED,\N,Thanh toán PAY-20260703-00577 thành công.,2026-06-16 06:46:00
475,577,STAFF_ASSIGNED,123,Đã phân công kỹ thuật viên #18.,2026-06-16 06:50:00
476,306,CHECKED_IN,8,Khách đã check-in tại spa.,2026-06-16 09:34:00
477,576,CREATED,171,Booking LNR-20260704-00576 được tạo.,2026-06-16 09:45:00
478,576,STAFF_ASSIGNED,171,Đã phân công kỹ thuật viên #10.,2026-06-16 09:50:00
479,306,SERVICE_STARTED,16,Kỹ thuật viên bắt đầu thực hiện dịch vụ.,2026-06-16 09:52:00
480,491,CHECKED_IN,7,Khách đã check-in tại spa.,2026-06-16 10:04:00
481,491,SERVICE_STARTED,10,Kỹ thuật viên bắt đầu thực hiện dịch vụ.,2026-06-16 10:22:00
482,306,COMPLETED,16,Booking đã hoàn thành.,2026-06-16 11:16:00
483,449,CHECKED_IN,7,Khách đã check-in tại spa.,2026-06-16 12:26:00
484,449,SERVICE_STARTED,18,Kỹ thuật viên bắt đầu thực hiện dịch vụ.,2026-06-16 12:45:00
485,336,CHECKED_IN,7,Khách đã check-in tại spa.,2026-06-16 13:03:00
486,435,CHECKED_IN,6,Khách đã check-in tại spa.,2026-06-16 13:09:00
487,435,SERVICE_STARTED,13,Kỹ thuật viên bắt đầu thực hiện dịch vụ.,2026-06-16 13:19:00
488,336,SERVICE_STARTED,24,Kỹ thuật viên bắt đầu thực hiện dịch vụ.,2026-06-16 13:21:00
489,491,COMPLETED,10,Booking đã hoàn thành.,2026-06-16 13:22:00
490,449,COMPLETED,18,Booking đã hoàn thành.,2026-06-16 13:40:00
491,435,COMPLETED,13,Booking đã hoàn thành.,2026-06-16 14:33:00
492,336,COMPLETED,24,Booking đã hoàn thành.,2026-06-16 14:49:00
493,253,CHECKED_IN,7,Khách đã check-in tại spa.,2026-06-16 15:07:00
494,253,SERVICE_STARTED,19,Kỹ thuật viên bắt đầu thực hiện dịch vụ.,2026-06-16 15:17:00
495,82,CHECKED_IN,8,Khách đã check-in tại spa.,2026-06-16 15:41:00
496,82,SERVICE_STARTED,20,Kỹ thuật viên bắt đầu thực hiện dịch vụ.,2026-06-16 16:08:00
497,253,COMPLETED,19,Booking đã hoàn thành.,2026-06-16 17:11:00
498,143,CHECKED_IN,7,Khách đã check-in tại spa.,2026-06-16 17:33:00
499,143,SERVICE_STARTED,19,Kỹ thuật viên bắt đầu thực hiện dịch vụ.,2026-06-16 17:51:00
500,82,COMPLETED,20,Booking đã hoàn thành.,2026-06-16 18:04:00
501,143,COMPLETED,19,Booking đã hoàn thành.,2026-06-16 18:50:00
502,73,CREATED,142,Booking LNR-20260630-00073 được tạo.,2026-06-17 03:45:00
503,73,STAFF_ASSIGNED,\N,Đã phân công kỹ thuật viên #24.,2026-06-17 03:50:00
504,73,EMAIL_SENT,\N,Đã gửi email xác nhận booking.,2026-06-17 03:55:00
505,66,CREATED,9,Booking LNR-20260703-00066 được tạo.,2026-06-17 06:30:00
506,66,STAFF_ASSIGNED,9,Đã phân công kỹ thuật viên #13.,2026-06-17 06:35:00
507,73,PAYMENT_RECEIVED,\N,Thanh toán PAY-20260630-00073 thành công.,2026-06-17 07:28:00
508,476,CHECKED_IN,7,Khách đã check-in tại spa.,2026-06-17 10:56:00
509,476,SERVICE_STARTED,20,Kỹ thuật viên bắt đầu thực hiện dịch vụ.,2026-06-17 11:23:00
510,500,CREATED,6,Booking LNR-20260704-00500 được tạo.,2026-06-17 11:45:00
511,500,STAFF_ASSIGNED,6,Đã phân công kỹ thuật viên #23.,2026-06-17 11:50:00
512,582,CREATED,63,Booking LNR-20260620-00582 được tạo.,2026-06-17 12:15:00
513,582,STAFF_ASSIGNED,\N,Đã phân công kỹ thuật viên #24.,2026-06-17 12:20:00
514,500,PAYMENT_RECEIVED,\N,Thanh toán PAY-20260704-00500 thành công.,2026-06-17 12:35:00
515,476,COMPLETED,20,Booking đã hoàn thành.,2026-06-17 12:50:00
516,582,PAYMENT_RECEIVED,\N,Thanh toán PAY-20260620-00582 thành công.,2026-06-17 12:54:00
517,331,CHECKED_IN,6,Khách đã check-in tại spa.,2026-06-17 13:04:00
518,331,SERVICE_STARTED,23,Kỹ thuật viên bắt đầu thực hiện dịch vụ.,2026-06-17 13:15:00
519,331,COMPLETED,23,Booking đã hoàn thành.,2026-06-17 14:26:00
520,229,CHECKED_IN,9,Khách đã check-in tại spa.,2026-06-17 14:27:00
521,229,SERVICE_STARTED,20,Kỹ thuật viên bắt đầu thực hiện dịch vụ.,2026-06-17 14:46:00
522,229,COMPLETED,20,Booking đã hoàn thành.,2026-06-17 15:58:00
523,99,CHECKED_IN,8,Khách đã check-in tại spa.,2026-06-17 17:01:00
524,99,SERVICE_STARTED,13,Kỹ thuật viên bắt đầu thực hiện dịch vụ.,2026-06-17 17:20:00
525,99,COMPLETED,13,Booking đã hoàn thành.,2026-06-17 18:02:00
526,88,CREATED,8,Booking LNR-20260630-00088 được tạo.,2026-06-18 08:30:00
527,88,STAFF_ASSIGNED,8,Đã phân công kỹ thuật viên #13.,2026-06-18 08:35:00
528,24,CHECKED_IN,8,Khách đã check-in tại spa.,2026-06-18 09:50:00
529,24,SERVICE_STARTED,20,Kỹ thuật viên bắt đầu thực hiện dịch vụ.,2026-06-18 10:04:00
530,8,CHECKED_IN,9,Khách đã check-in tại spa.,2026-06-18 10:52:00
531,8,SERVICE_STARTED,10,Kỹ thuật viên bắt đầu thực hiện dịch vụ.,2026-06-18 11:07:00
532,88,PAYMENT_RECEIVED,\N,Thanh toán PAY-20260630-00088 thành công.,2026-06-18 11:58:00
533,24,COMPLETED,20,Booking đã hoàn thành.,2026-06-18 12:33:00
534,8,COMPLETED,10,Booking đã hoàn thành.,2026-06-18 12:36:00
535,512,CHECKED_IN,6,Khách đã check-in tại spa.,2026-06-18 13:02:00
536,512,SERVICE_STARTED,20,Kỹ thuật viên bắt đầu thực hiện dịch vụ.,2026-06-18 13:18:00
537,90,CHECKED_IN,7,Khách đã check-in tại spa.,2026-06-18 13:39:00
538,280,CHECKED_IN,6,Khách đã check-in tại spa.,2026-06-18 13:42:00
539,90,SERVICE_STARTED,15,Kỹ thuật viên bắt đầu thực hiện dịch vụ.,2026-06-18 13:48:00
540,280,SERVICE_STARTED,24,Kỹ thuật viên bắt đầu thực hiện dịch vụ.,2026-06-18 14:07:00
541,512,COMPLETED,20,Booking đã hoàn thành.,2026-06-18 14:43:00
542,90,COMPLETED,15,Booking đã hoàn thành.,2026-06-18 14:44:00
543,391,CHECKED_IN,7,Khách đã check-in tại spa.,2026-06-18 14:56:00
544,280,COMPLETED,24,Booking đã hoàn thành.,2026-06-18 15:19:00
545,391,SERVICE_STARTED,20,Kỹ thuật viên bắt đầu thực hiện dịch vụ.,2026-06-18 15:22:00
546,492,CHECKED_IN,8,Khách đã check-in tại spa.,2026-06-18 15:34:00
547,492,SERVICE_STARTED,14,Kỹ thuật viên bắt đầu thực hiện dịch vụ.,2026-06-18 15:53:00
548,265,CHECKED_IN,8,Khách đã check-in tại spa.,2026-06-18 16:20:00
549,265,SERVICE_STARTED,12,Kỹ thuật viên bắt đầu thực hiện dịch vụ.,2026-06-18 16:33:00
550,492,COMPLETED,14,Booking đã hoàn thành.,2026-06-18 16:50:00
551,391,COMPLETED,20,Booking đã hoàn thành.,2026-06-18 16:51:00
552,265,COMPLETED,12,Booking đã hoàn thành.,2026-06-18 18:02:00
553,376,CREATED,7,Booking LNR-20260703-00376 được tạo.,2026-06-19 02:45:00
554,376,STAFF_ASSIGNED,7,Đã phân công kỹ thuật viên #22.,2026-06-19 02:50:00
555,376,PAYMENT_RECEIVED,\N,Thanh toán PAY-20260703-00376 thành công.,2026-06-19 04:39:00
556,95,CREATED,90,Booking LNR-20260625-00095 được tạo.,2026-06-19 10:45:00
557,95,STAFF_ASSIGNED,\N,Đã phân công kỹ thuật viên #14.,2026-06-19 10:50:00
558,95,EMAIL_SENT,\N,Đã gửi email xác nhận booking.,2026-06-19 10:55:00
559,17,CREATED,7,Booking LNR-20260709-00017 được tạo.,2026-06-19 11:15:00
560,17,STAFF_ASSIGNED,\N,Đã phân công kỹ thuật viên #24.,2026-06-19 11:20:00
561,187,CHECKED_IN,6,Khách đã check-in tại spa.,2026-06-19 12:43:00
562,187,SERVICE_STARTED,13,Kỹ thuật viên bắt đầu thực hiện dịch vụ.,2026-06-19 13:02:00
563,187,COMPLETED,13,Booking đã hoàn thành.,2026-06-19 13:42:00
564,584,CHECKED_IN,8,Khách đã check-in tại spa.,2026-06-19 14:12:00
565,584,SERVICE_STARTED,21,Kỹ thuật viên bắt đầu thực hiện dịch vụ.,2026-06-19 14:31:00
566,584,COMPLETED,21,Booking đã hoàn thành.,2026-06-19 17:30:00
567,17,PAYMENT_RECEIVED,\N,Thanh toán PAY-20260709-00017 thành công.,2026-06-19 19:04:00
568,41,CREATED,7,Booking LNR-20260701-00041 được tạo.,2026-06-20 06:15:00
569,41,STAFF_ASSIGNED,\N,Đã phân công kỹ thuật viên #14.,2026-06-20 06:20:00
570,41,EMAIL_SENT,\N,Đã gửi email xác nhận booking.,2026-06-20 06:25:00
571,188,CREATED,9,Booking LNR-20260710-00188 được tạo.,2026-06-20 10:00:00
572,188,STAFF_ASSIGNED,\N,Đã phân công kỹ thuật viên #10.,2026-06-20 10:05:00
573,188,EMAIL_SENT,\N,Đã gửi email xác nhận booking.,2026-06-20 10:10:00
574,360,CREATED,106,Booking LNR-20260622-00360 được tạo.,2026-06-20 10:15:00
575,360,STAFF_ASSIGNED,106,Đã phân công kỹ thuật viên #20.,2026-06-20 10:20:00
576,175,CHECKED_IN,8,Khách đã check-in tại spa.,2026-06-20 10:28:00
577,175,SERVICE_STARTED,22,Kỹ thuật viên bắt đầu thực hiện dịch vụ.,2026-06-20 10:50:00
578,188,PAYMENT_RECEIVED,\N,Thanh toán PAY-20260710-00188 thành công.,2026-06-20 11:23:00
579,175,COMPLETED,22,Booking đã hoàn thành.,2026-06-20 11:44:00
580,115,CHECKED_IN,6,Khách đã check-in tại spa.,2026-06-20 12:14:00
581,115,SERVICE_STARTED,12,Kỹ thuật viên bắt đầu thực hiện dịch vụ.,2026-06-20 12:35:00
582,528,CREATED,6,Booking LNR-20260627-00528 được tạo.,2026-06-20 13:30:00
583,582,CHECKED_IN,7,Khách đã check-in tại spa.,2026-06-20 13:30:00
584,528,STAFF_ASSIGNED,6,Đã phân công kỹ thuật viên #19.,2026-06-20 13:35:00
585,528,EMAIL_SENT,\N,Đã gửi email xác nhận booking.,2026-06-20 13:40:00
586,261,CHECKED_IN,9,Khách đã check-in tại spa.,2026-06-20 13:43:00
587,536,CHECKED_IN,9,Khách đã check-in tại spa.,2026-06-20 13:49:00
588,582,SERVICE_STARTED,24,Kỹ thuật viên bắt đầu thực hiện dịch vụ.,2026-06-20 13:53:00
589,261,SERVICE_STARTED,10,Kỹ thuật viên bắt đầu thực hiện dịch vụ.,2026-06-20 14:02:00
590,536,SERVICE_STARTED,20,Kỹ thuật viên bắt đầu thực hiện dịch vụ.,2026-06-20 14:03:00
591,120,CHECKED_IN,6,Khách đã check-in tại spa.,2026-06-20 14:55:00
592,115,COMPLETED,12,Booking đã hoàn thành.,2026-06-20 14:59:00
593,261,COMPLETED,10,Booking đã hoàn thành.,2026-06-20 15:15:00
594,582,COMPLETED,24,Booking đã hoàn thành.,2026-06-20 15:20:00
595,120,SERVICE_STARTED,11,Kỹ thuật viên bắt đầu thực hiện dịch vụ.,2026-06-20 15:23:00
596,183,CREATED,7,Booking LNR-20260710-00183 được tạo.,2026-06-20 16:00:00
597,183,STAFF_ASSIGNED,7,Đã phân công kỹ thuật viên #17.,2026-06-20 16:05:00
598,120,COMPLETED,11,Booking đã hoàn thành.,2026-06-20 16:06:00
599,183,EMAIL_SENT,\N,Đã gửi email xác nhận booking.,2026-06-20 16:10:00
600,536,COMPLETED,20,Booking đã hoàn thành.,2026-06-20 16:43:00
601,183,PAYMENT_RECEIVED,\N,Thanh toán PAY-20260710-00183 thành công.,2026-06-20 17:20:00
602,528,PAYMENT_RECEIVED,\N,Thanh toán PAY-20260627-00528 thành công.,2026-06-20 21:05:00
603,128,CREATED,7,Booking LNR-20260710-00128 được tạo.,2026-06-21 06:15:00
604,128,STAFF_ASSIGNED,7,Đã phân công kỹ thuật viên #22.,2026-06-21 06:20:00
605,360,PAYMENT_RECEIVED,\N,Thanh toán PAY-20260622-00360 thành công.,2026-06-21 06:54:00
606,190,CREATED,84,Booking LNR-20260710-00190 được tạo.,2026-06-21 14:45:00
607,190,STAFF_ASSIGNED,84,Đã phân công kỹ thuật viên #22.,2026-06-21 14:50:00
608,190,EMAIL_SENT,\N,Đã gửi email xác nhận booking.,2026-06-21 14:55:00
609,190,PAYMENT_RECEIVED,\N,Thanh toán PAY-20260710-00190 thành công.,2026-06-21 15:30:00
610,112,CREATED,8,Booking LNR-20260626-00112 được tạo.,2026-06-22 05:00:00
611,112,STAFF_ASSIGNED,8,Đã phân công kỹ thuật viên #16.,2026-06-22 05:05:00
612,112,EMAIL_SENT,\N,Đã gửi email xác nhận booking.,2026-06-22 05:10:00
613,411,CREATED,126,Booking LNR-20260706-00411 được tạo.,2026-06-22 05:30:00
614,411,STAFF_ASSIGNED,\N,Đã phân công kỹ thuật viên #12.,2026-06-22 05:35:00
615,411,EMAIL_SENT,\N,Đã gửi email xác nhận booking.,2026-06-22 05:40:00
616,385,CREATED,7,Booking LNR-20260710-00385 được tạo.,2026-06-22 08:45:00
617,385,STAFF_ASSIGNED,\N,Đã phân công kỹ thuật viên #10.,2026-06-22 08:50:00
618,360,CHECKED_IN,6,Khách đã check-in tại spa.,2026-06-22 10:15:00
619,360,SERVICE_STARTED,20,Kỹ thuật viên bắt đầu thực hiện dịch vụ.,2026-06-22 10:36:00
620,165,CHECKED_IN,9,Khách đã check-in tại spa.,2026-06-22 11:25:00
621,165,SERVICE_STARTED,21,Kỹ thuật viên bắt đầu thực hiện dịch vụ.,2026-06-22 11:46:00
622,360,COMPLETED,20,Booking đã hoàn thành.,2026-06-22 12:01:00
623,294,CREATED,157,Booking LNR-20260711-00294 được tạo.,2026-06-22 14:45:00
624,294,STAFF_ASSIGNED,\N,Đã phân công kỹ thuật viên #24.,2026-06-22 14:50:00
625,165,COMPLETED,21,Booking đã hoàn thành.,2026-06-22 15:15:00
626,294,PAYMENT_RECEIVED,\N,Thanh toán PAY-20260711-00294 thành công.,2026-06-22 16:39:00
627,369,CHECKED_IN,9,Khách đã check-in tại spa.,2026-06-22 16:58:00
628,369,SERVICE_STARTED,23,Kỹ thuật viên bắt đầu thực hiện dịch vụ.,2026-06-22 17:15:00
629,369,COMPLETED,23,Booking đã hoàn thành.,2026-06-22 18:40:00
630,518,CREATED,6,Booking LNR-20260626-00518 được tạo.,2026-06-23 09:00:00
631,518,STAFF_ASSIGNED,6,Đã phân công kỹ thuật viên #10.,2026-06-23 09:05:00
632,518,EMAIL_SENT,\N,Đã gửi email xác nhận booking.,2026-06-23 09:10:00
633,236,CHECKED_IN,9,Khách đã check-in tại spa.,2026-06-23 09:17:00
634,236,SERVICE_STARTED,10,Kỹ thuật viên bắt đầu thực hiện dịch vụ.,2026-06-23 09:38:00
635,516,CREATED,132,Booking LNR-20260711-00516 được tạo.,2026-06-23 10:15:00
636,516,STAFF_ASSIGNED,132,Đã phân công kỹ thuật viên #18.,2026-06-23 10:20:00
637,236,COMPLETED,10,Booking đã hoàn thành.,2026-06-23 11:04:00
638,516,PAYMENT_RECEIVED,\N,Thanh toán PAY-20260711-00516 thành công.,2026-06-23 11:24:00
639,518,PAYMENT_RECEIVED,\N,Thanh toán PAY-20260626-00518 thành công.,2026-06-23 12:37:00
640,597,CHECKED_IN,9,Khách đã check-in tại spa.,2026-06-23 13:09:00
641,597,SERVICE_STARTED,12,Kỹ thuật viên bắt đầu thực hiện dịch vụ.,2026-06-23 13:20:00
642,597,COMPLETED,12,Booking đã hoàn thành.,2026-06-23 14:49:00
643,406,CREATED,128,Booking LNR-20260711-00406 được tạo.,2026-06-24 10:45:00
644,406,STAFF_ASSIGNED,\N,Đã phân công kỹ thuật viên #16.,2026-06-24 10:50:00
645,406,PAYMENT_RECEIVED,\N,Thanh toán PAY-20260711-00406 thành công.,2026-06-24 11:31:00
646,284,CREATED,6,Booking LNR-20260702-00284 được tạo.,2026-06-25 08:00:00
647,284,STAFF_ASSIGNED,\N,Đã phân công kỹ thuật viên #20.,2026-06-25 08:05:00
648,284,EMAIL_SENT,\N,Đã gửi email xác nhận booking.,2026-06-25 08:10:00
649,284,PAYMENT_RECEIVED,\N,Thanh toán PAY-20260702-00284 thành công.,2026-06-25 09:08:00
650,94,CREATED,132,Booking LNR-20260704-00094 được tạo.,2026-06-25 11:00:00
651,94,STAFF_ASSIGNED,\N,Đã phân công kỹ thuật viên #11.,2026-06-25 11:05:00
652,95,CHECKED_IN,7,Khách đã check-in tại spa.,2026-06-25 14:27:00
653,461,CHECKED_IN,9,Khách đã check-in tại spa.,2026-06-25 14:41:00
654,95,SERVICE_STARTED,14,Kỹ thuật viên bắt đầu thực hiện dịch vụ.,2026-06-25 14:50:00
655,461,SERVICE_STARTED,10,Kỹ thuật viên bắt đầu thực hiện dịch vụ.,2026-06-25 15:08:00
656,95,COMPLETED,14,Booking đã hoàn thành.,2026-06-25 16:14:00
657,461,COMPLETED,10,Booking đã hoàn thành.,2026-06-25 16:32:00
658,237,CREATED,6,Booking LNR-20260715-00237 được tạo.,2026-06-26 07:30:00
659,237,STAFF_ASSIGNED,\N,Đã phân công kỹ thuật viên #11.,2026-06-26 07:35:00
660,112,CHECKED_IN,6,Khách đã check-in tại spa.,2026-06-26 10:57:00
661,112,SERVICE_STARTED,16,Kỹ thuật viên bắt đầu thực hiện dịch vụ.,2026-06-26 11:23:00
662,63,CREATED,9,Booking LNR-20260715-00063 được tạo.,2026-06-26 11:45:00
663,63,STAFF_ASSIGNED,9,Đã phân công kỹ thuật viên #14.,2026-06-26 11:50:00
664,518,CHECKED_IN,6,Khách đã check-in tại spa.,2026-06-26 12:25:00
665,112,COMPLETED,16,Booking đã hoàn thành.,2026-06-26 12:32:00
666,518,SERVICE_STARTED,10,Kỹ thuật viên bắt đầu thực hiện dịch vụ.,2026-06-26 12:38:00
667,63,PAYMENT_RECEIVED,\N,Thanh toán PAY-20260715-00063 thành công.,2026-06-26 15:03:00
668,15,CHECKED_IN,6,Khách đã check-in tại spa.,2026-06-26 15:11:00
669,15,SERVICE_STARTED,16,Kỹ thuật viên bắt đầu thực hiện dịch vụ.,2026-06-26 15:31:00
670,518,COMPLETED,10,Booking đã hoàn thành.,2026-06-26 15:36:00
671,15,COMPLETED,16,Booking đã hoàn thành.,2026-06-26 16:46:00
672,220,CHECKED_IN,7,Khách đã check-in tại spa.,2026-06-27 10:39:00
673,402,CREATED,8,Booking LNR-20260708-00402 được tạo.,2026-06-27 10:45:00
674,220,SERVICE_STARTED,13,Kỹ thuật viên bắt đầu thực hiện dịch vụ.,2026-06-27 10:46:00
675,402,STAFF_ASSIGNED,8,Đã phân công kỹ thuật viên #13.,2026-06-27 10:50:00
676,402,PAYMENT_RECEIVED,\N,Thanh toán PAY-20260708-00402 thành công.,2026-06-27 11:50:00
677,220,COMPLETED,13,Booking đã hoàn thành.,2026-06-27 11:57:00
678,528,CHECKED_IN,6,Khách đã check-in tại spa.,2026-06-27 13:18:00
679,528,SERVICE_STARTED,19,Kỹ thuật viên bắt đầu thực hiện dịch vụ.,2026-06-27 13:31:00
680,528,COMPLETED,19,Booking đã hoàn thành.,2026-06-27 14:59:00
681,479,CREATED,9,Booking LNR-20260703-00479 được tạo.,2026-06-28 07:15:00
682,479,STAFF_ASSIGNED,9,Đã phân công kỹ thuật viên #17.,2026-06-28 07:20:00
683,479,EMAIL_SENT,\N,Đã gửi email xác nhận booking.,2026-06-28 07:25:00
684,508,CREATED,8,Booking LNR-20260701-00508 được tạo.,2026-06-28 08:15:00
685,508,STAFF_ASSIGNED,8,Đã phân công kỹ thuật viên #20.,2026-06-28 08:20:00
686,508,EMAIL_SENT,\N,Đã gửi email xác nhận booking.,2026-06-28 08:25:00
687,361,CREATED,7,Booking LNR-20260711-00361 được tạo.,2026-06-28 10:15:00
688,361,STAFF_ASSIGNED,\N,Đã phân công kỹ thuật viên #22.,2026-06-28 10:20:00
689,361,PAYMENT_RECEIVED,\N,Thanh toán PAY-20260711-00361 thành công.,2026-06-28 10:44:00
690,479,PAYMENT_RECEIVED,\N,Thanh toán PAY-20260703-00479 thành công.,2026-06-28 10:54:00
691,508,PAYMENT_RECEIVED,\N,Thanh toán PAY-20260701-00508 thành công.,2026-06-28 11:20:00
692,341,CREATED,6,Booking LNR-20260708-00341 được tạo.,2026-06-28 15:15:00
693,341,STAFF_ASSIGNED,\N,Đã phân công kỹ thuật viên #23.,2026-06-28 15:20:00
694,341,EMAIL_SENT,\N,Đã gửi email xác nhận booking.,2026-06-28 15:25:00
695,575,CREATED,6,Booking LNR-20260707-00575 được tạo.,2026-06-29 03:15:00
696,575,STAFF_ASSIGNED,6,Đã phân công kỹ thuật viên #14.,2026-06-29 03:20:00
697,575,PAYMENT_RECEIVED,\N,Thanh toán PAY-20260707-00575 thành công.,2026-06-29 06:32:00
698,70,CHECKED_IN,7,Khách đã check-in tại spa.,2026-06-29 13:20:00
699,70,SERVICE_STARTED,14,Kỹ thuật viên bắt đầu thực hiện dịch vụ.,2026-06-29 13:34:00
700,70,COMPLETED,14,Booking đã hoàn thành.,2026-06-29 15:00:00
701,430,CREATED,160,Booking LNR-20260717-00430 được tạo.,2026-06-29 15:15:00
702,430,STAFF_ASSIGNED,\N,Đã phân công kỹ thuật viên #17.,2026-06-29 15:20:00
703,432,CREATED,8,Booking LNR-20260714-00432 được tạo.,2026-06-30 05:45:00
704,432,STAFF_ASSIGNED,8,Đã phân công kỹ thuật viên #21.,2026-06-30 05:50:00
705,432,EMAIL_SENT,\N,Đã gửi email xác nhận booking.,2026-06-30 05:55:00
706,73,CHECKED_IN,6,Khách đã check-in tại spa.,2026-06-30 09:47:00
707,73,SERVICE_STARTED,24,Kỹ thuật viên bắt đầu thực hiện dịch vụ.,2026-06-30 10:07:00
708,202,CREATED,90,Booking LNR-20260706-00202 được tạo.,2026-06-30 10:30:00
709,202,STAFF_ASSIGNED,\N,Đã phân công kỹ thuật viên #21.,2026-06-30 10:35:00
710,202,EMAIL_SENT,\N,Đã gửi email xác nhận booking.,2026-06-30 10:40:00
711,88,CHECKED_IN,6,Khách đã check-in tại spa.,2026-06-30 11:04:00
712,88,SERVICE_STARTED,13,Kỹ thuật viên bắt đầu thực hiện dịch vụ.,2026-06-30 11:19:00
713,430,PAYMENT_RECEIVED,\N,Thanh toán PAY-20260717-00430 thành công.,2026-06-30 11:36:00
714,73,COMPLETED,24,Booking đã hoàn thành.,2026-06-30 11:37:00
715,431,CREATED,8,Booking LNR-20260702-00431 được tạo.,2026-06-30 12:15:00
716,88,COMPLETED,13,Booking đã hoàn thành.,2026-06-30 12:17:00
717,431,STAFF_ASSIGNED,8,Đã phân công kỹ thuật viên #12.,2026-06-30 12:20:00
718,431,EMAIL_SENT,\N,Đã gửi email xác nhận booking.,2026-06-30 12:25:00
719,105,CHECKED_IN,8,Khách đã check-in tại spa.,2026-06-30 12:28:00
720,105,SERVICE_STARTED,22,Kỹ thuật viên bắt đầu thực hiện dịch vụ.,2026-06-30 12:46:00
721,105,COMPLETED,22,Booking đã hoàn thành.,2026-06-30 13:40:00
722,353,CHECKED_IN,6,Khách đã check-in tại spa.,2026-06-30 13:53:00
723,353,SERVICE_STARTED,15,Kỹ thuật viên bắt đầu thực hiện dịch vụ.,2026-06-30 14:04:00
724,353,COMPLETED,15,Booking đã hoàn thành.,2026-06-30 15:34:00
725,431,PAYMENT_RECEIVED,\N,Thanh toán PAY-20260702-00431 thành công.,2026-06-30 20:05:00
726,365,CREATED,73,Booking LNR-20260711-00365 được tạo.,2026-07-01 05:45:00
727,365,STAFF_ASSIGNED,\N,Đã phân công kỹ thuật viên #17.,2026-07-01 05:50:00
728,365,EMAIL_SENT,\N,Đã gửi email xác nhận booking.,2026-07-01 05:55:00
729,144,CREATED,8,Booking LNR-20260715-00144 được tạo.,2026-07-01 07:45:00
730,144,STAFF_ASSIGNED,8,Đã phân công kỹ thuật viên #20.,2026-07-01 07:50:00
731,365,PAYMENT_RECEIVED,\N,Thanh toán PAY-20260711-00365 thành công.,2026-07-01 09:37:00
732,41,CHECKED_IN,7,Khách đã check-in tại spa.,2026-07-01 10:55:00
733,144,PAYMENT_RECEIVED,\N,Thanh toán PAY-20260715-00144 thành công.,2026-07-01 11:04:00
734,41,SERVICE_STARTED,14,Kỹ thuật viên bắt đầu thực hiện dịch vụ.,2026-07-01 11:22:00
735,168,CREATED,8,Booking LNR-20260714-00168 được tạo.,2026-07-01 12:15:00
736,41,COMPLETED,14,Booking đã hoàn thành.,2026-07-01 12:20:00
737,168,STAFF_ASSIGNED,8,Đã phân công kỹ thuật viên #20.,2026-07-01 12:20:00
738,508,CHECKED_IN,6,Khách đã check-in tại spa.,2026-07-01 12:32:00
739,508,SERVICE_STARTED,20,Kỹ thuật viên bắt đầu thực hiện dịch vụ.,2026-07-01 12:45:00
740,221,CHECKED_IN,6,Khách đã check-in tại spa.,2026-07-01 12:58:00
741,221,SERVICE_STARTED,22,Kỹ thuật viên bắt đầu thực hiện dịch vụ.,2026-07-01 13:20:00
742,508,COMPLETED,20,Booking đã hoàn thành.,2026-07-01 13:57:00
743,221,COMPLETED,22,Booking đã hoàn thành.,2026-07-01 16:45:00
744,168,PAYMENT_RECEIVED,\N,Thanh toán PAY-20260714-00168 thành công.,2026-07-01 19:48:00
745,163,CREATED,110,Booking LNR-20260714-00163 được tạo.,2026-07-02 05:45:00
746,163,STAFF_ASSIGNED,110,Đã phân công kỹ thuật viên #20.,2026-07-02 05:50:00
747,163,EMAIL_SENT,\N,Đã gửi email xác nhận booking.,2026-07-02 05:55:00
748,326,CREATED,9,Booking LNR-20260718-00326 được tạo.,2026-07-02 11:45:00
749,326,STAFF_ASSIGNED,\N,Đã phân công kỹ thuật viên #14.,2026-07-02 11:50:00
750,326,EMAIL_SENT,\N,Đã gửi email xác nhận booking.,2026-07-02 11:55:00
751,284,CHECKED_IN,9,Khách đã check-in tại spa.,2026-07-02 12:35:00
752,174,CREATED,9,Booking LNR-20260706-00174 được tạo.,2026-07-02 12:45:00
753,284,SERVICE_STARTED,20,Kỹ thuật viên bắt đầu thực hiện dịch vụ.,2026-07-02 12:49:00
754,174,STAFF_ASSIGNED,\N,Đã phân công kỹ thuật viên #12.,2026-07-02 12:50:00
755,284,COMPLETED,20,Booking đã hoàn thành.,2026-07-02 13:47:00
756,431,CHECKED_IN,9,Khách đã check-in tại spa.,2026-07-02 14:10:00
757,431,SERVICE_STARTED,12,Kỹ thuật viên bắt đầu thực hiện dịch vụ.,2026-07-02 14:19:00
758,326,PAYMENT_RECEIVED,\N,Thanh toán PAY-20260718-00326 thành công.,2026-07-02 14:52:00
759,431,COMPLETED,12,Booking đã hoàn thành.,2026-07-02 15:43:00
760,359,CREATED,7,Booking LNR-20260706-00359 được tạo.,2026-07-03 09:15:00
761,376,CHECKED_IN,7,Khách đã check-in tại spa.,2026-07-03 09:19:00
762,359,STAFF_ASSIGNED,7,Đã phân công kỹ thuật viên #21.,2026-07-03 09:20:00
763,376,SERVICE_STARTED,22,Kỹ thuật viên bắt đầu thực hiện dịch vụ.,2026-07-03 09:37:00
764,577,CHECKED_IN,7,Khách đã check-in tại spa.,2026-07-03 10:12:00
765,577,SERVICE_STARTED,18,Kỹ thuật viên bắt đầu thực hiện dịch vụ.,2026-07-03 10:34:00
766,479,CHECKED_IN,6,Khách đã check-in tại spa.,2026-07-03 10:50:00
767,479,SERVICE_STARTED,17,Kỹ thuật viên bắt đầu thực hiện dịch vụ.,2026-07-03 11:07:00
768,376,COMPLETED,22,Booking đã hoàn thành.,2026-07-03 11:36:00
769,363,CREATED,71,Booking LNR-20260710-00363 được tạo.,2026-07-03 11:45:00
770,363,STAFF_ASSIGNED,71,Đã phân công kỹ thuật viên #12.,2026-07-03 11:50:00
771,66,CHECKED_IN,6,Khách đã check-in tại spa.,2026-07-03 12:03:00
772,577,COMPLETED,18,Booking đã hoàn thành.,2026-07-03 12:03:00
773,66,SERVICE_STARTED,13,Kỹ thuật viên bắt đầu thực hiện dịch vụ.,2026-07-03 12:15:00
774,479,COMPLETED,17,Booking đã hoàn thành.,2026-07-03 12:32:00
775,363,PAYMENT_RECEIVED,\N,Thanh toán PAY-20260710-00363 thành công.,2026-07-03 13:11:00
776,66,COMPLETED,13,Booking đã hoàn thành.,2026-07-03 13:57:00
777,285,CHECKED_IN,8,Khách đã check-in tại spa.,2026-07-03 14:20:00
778,285,SERVICE_STARTED,22,Kỹ thuật viên bắt đầu thực hiện dịch vụ.,2026-07-03 14:31:00
779,468,CHECKED_IN,6,Khách đã check-in tại spa.,2026-07-03 14:55:00
780,468,SERVICE_STARTED,24,Kỹ thuật viên bắt đầu thực hiện dịch vụ.,2026-07-03 15:06:00
781,285,COMPLETED,22,Booking đã hoàn thành.,2026-07-03 16:26:00
782,468,COMPLETED,24,Booking đã hoàn thành.,2026-07-03 17:04:00
783,359,PAYMENT_RECEIVED,\N,Thanh toán PAY-20260706-00359 thành công.,2026-07-04 05:57:00
784,295,CHECKED_IN,7,Khách đã check-in tại spa.,2026-07-04 09:25:00
785,295,SERVICE_STARTED,14,Kỹ thuật viên bắt đầu thực hiện dịch vụ.,2026-07-04 09:47:00
786,295,COMPLETED,14,Booking đã hoàn thành.,2026-07-04 11:16:00
787,576,CHECKED_IN,7,Khách đã check-in tại spa.,2026-07-04 12:20:00
788,576,SERVICE_STARTED,10,Kỹ thuật viên bắt đầu thực hiện dịch vụ.,2026-07-04 12:32:00
789,576,COMPLETED,10,Booking đã hoàn thành.,2026-07-04 15:15:00
790,94,CHECKED_IN,9,Khách đã check-in tại spa.,2026-07-04 15:26:00
791,94,SERVICE_STARTED,11,Kỹ thuật viên bắt đầu thực hiện dịch vụ.,2026-07-04 15:49:00
792,94,COMPLETED,11,Booking đã hoàn thành.,2026-07-04 16:47:00
793,500,CHECKED_IN,8,Khách đã check-in tại spa.,2026-07-04 16:49:00
794,500,SERVICE_STARTED,23,Kỹ thuật viên bắt đầu thực hiện dịch vụ.,2026-07-04 17:00:00
795,500,COMPLETED,23,Booking đã hoàn thành.,2026-07-04 18:15:00
796,308,CREATED,119,Booking LNR-20260718-00308 được tạo.,2026-07-05 06:30:00
797,308,STAFF_ASSIGNED,\N,Đã phân công kỹ thuật viên #14.,2026-07-05 06:35:00
798,308,PAYMENT_RECEIVED,\N,Thanh toán PAY-20260718-00308 thành công.,2026-07-05 10:04:00
799,62,CREATED,6,Booking LNR-20260725-00062 được tạo.,2026-07-05 10:30:00
800,62,STAFF_ASSIGNED,\N,Đã phân công kỹ thuật viên #14.,2026-07-05 10:35:00
801,62,PAYMENT_RECEIVED,\N,Thanh toán PAY-20260725-00062 thành công.,2026-07-05 13:44:00
802,411,CHECKED_IN,6,Khách đã check-in tại spa.,2026-07-06 09:44:00
803,411,SERVICE_STARTED,12,Kỹ thuật viên bắt đầu thực hiện dịch vụ.,2026-07-06 10:06:00
804,359,CHECKED_IN,7,Khách đã check-in tại spa.,2026-07-06 10:19:00
805,359,SERVICE_STARTED,21,Kỹ thuật viên bắt đầu thực hiện dịch vụ.,2026-07-06 10:31:00
806,411,COMPLETED,12,Booking đã hoàn thành.,2026-07-06 11:20:00
807,359,COMPLETED,21,Booking đã hoàn thành.,2026-07-06 11:56:00
808,174,CHECKED_IN,7,Khách đã check-in tại spa.,2026-07-06 12:31:00
809,174,SERVICE_STARTED,12,Kỹ thuật viên bắt đầu thực hiện dịch vụ.,2026-07-06 12:47:00
810,174,COMPLETED,12,Booking đã hoàn thành.,2026-07-06 14:14:00
811,202,CHECKED_IN,8,Khách đã check-in tại spa.,2026-07-06 14:54:00
812,202,SERVICE_STARTED,21,Kỹ thuật viên bắt đầu thực hiện dịch vụ.,2026-07-06 15:02:00
813,202,COMPLETED,21,Booking đã hoàn thành.,2026-07-06 17:16:00
814,575,CHECKED_IN,8,Khách đã check-in tại spa.,2026-07-07 09:46:00
815,575,SERVICE_STARTED,14,Kỹ thuật viên bắt đầu thực hiện dịch vụ.,2026-07-07 10:04:00
816,121,CREATED,7,Booking LNR-20260727-00121 được tạo.,2026-07-07 10:15:00
817,121,STAFF_ASSIGNED,7,Đã phân công kỹ thuật viên #23.,2026-07-07 10:20:00
818,121,EMAIL_SENT,\N,Đã gửi email xác nhận booking.,2026-07-07 10:25:00
819,575,COMPLETED,14,Booking đã hoàn thành.,2026-07-07 12:49:00
820,198,CREATED,162,Booking LNR-20260717-00198 được tạo.,2026-07-08 03:30:00
821,198,STAFF_ASSIGNED,\N,Đã phân công kỹ thuật viên #15.,2026-07-08 03:35:00
822,121,PAYMENT_RECEIVED,\N,Thanh toán PAY-20260727-00121 thành công.,2026-07-08 06:31:00
823,198,PAYMENT_RECEIVED,\N,Thanh toán PAY-20260717-00198 thành công.,2026-07-08 07:22:00
824,402,CHECKED_IN,8,Khách đã check-in tại spa.,2026-07-08 13:17:00
825,402,SERVICE_STARTED,13,Kỹ thuật viên bắt đầu thực hiện dịch vụ.,2026-07-08 13:30:00
826,402,COMPLETED,13,Booking đã hoàn thành.,2026-07-08 14:40:00
827,341,CHECKED_IN,9,Khách đã check-in tại spa.,2026-07-08 15:26:00
828,341,SERVICE_STARTED,23,Kỹ thuật viên bắt đầu thực hiện dịch vụ.,2026-07-08 15:46:00
829,341,COMPLETED,23,Booking đã hoàn thành.,2026-07-08 18:41:00
830,438,CREATED,44,Booking LNR-20260721-00438 được tạo.,2026-07-09 04:15:00
831,438,STAFF_ASSIGNED,\N,Đã phân công kỹ thuật viên #18.,2026-07-09 04:20:00
832,438,EMAIL_SENT,\N,Đã gửi email xác nhận booking.,2026-07-09 04:25:00
833,68,CREATED,109,Booking LNR-20260713-00068 được tạo.,2026-07-09 09:00:00
834,68,STAFF_ASSIGNED,109,Đã phân công kỹ thuật viên #14.,2026-07-09 09:05:00
835,68,PAYMENT_RECEIVED,\N,Thanh toán PAY-20260713-00068 thành công.,2026-07-09 09:41:00
836,17,CHECKED_IN,7,Khách đã check-in tại spa.,2026-07-09 15:26:00
837,17,SERVICE_STARTED,24,Kỹ thuật viên bắt đầu thực hiện dịch vụ.,2026-07-09 15:48:00
838,156,CREATED,7,Booking LNR-20260721-00156 được tạo.,2026-07-09 16:00:00
839,156,STAFF_ASSIGNED,\N,Đã phân công kỹ thuật viên #10.,2026-07-09 16:05:00
840,17,COMPLETED,24,Booking đã hoàn thành.,2026-07-09 17:01:00
841,156,PAYMENT_RECEIVED,\N,Thanh toán PAY-20260721-00156 thành công.,2026-07-09 19:12:00
842,385,CHECKED_IN,8,Khách đã check-in tại spa.,2026-07-10 09:35:00
843,385,SERVICE_STARTED,10,Kỹ thuật viên bắt đầu thực hiện dịch vụ.,2026-07-10 09:52:00
844,564,CREATED,158,Booking LNR-20260716-00564 được tạo.,2026-07-10 10:15:00
845,564,PAYMENT_RECEIVED,\N,Thanh toán PAY-20260716-00564 thành công.,2026-07-10 10:19:00
846,564,STAFF_ASSIGNED,158,Đã phân công kỹ thuật viên #14.,2026-07-10 10:20:00
847,385,COMPLETED,10,Booking đã hoàn thành.,2026-07-10 10:47:00
848,128,CHECKED_IN,7,Khách đã check-in tại spa.,2026-07-10 11:30:00
849,349,CREATED,8,Booking LNR-20260723-00349 được tạo.,2026-07-10 11:30:00
850,349,STAFF_ASSIGNED,\N,Đã phân công kỹ thuật viên #24.,2026-07-10 11:35:00
851,349,EMAIL_SENT,\N,Đã gửi email xác nhận booking.,2026-07-10 11:40:00
852,128,SERVICE_STARTED,22,Kỹ thuật viên bắt đầu thực hiện dịch vụ.,2026-07-10 11:53:00
853,363,CHECKED_IN,9,Khách đã check-in tại spa.,2026-07-10 11:59:00
854,363,SERVICE_STARTED,12,Kỹ thuật viên bắt đầu thực hiện dịch vụ.,2026-07-10 12:21:00
855,128,COMPLETED,22,Booking đã hoàn thành.,2026-07-10 13:22:00
856,363,COMPLETED,12,Booking đã hoàn thành.,2026-07-10 14:17:00
857,190,CHECKED_IN,9,Khách đã check-in tại spa.,2026-07-10 14:43:00
858,349,PAYMENT_RECEIVED,\N,Thanh toán PAY-20260723-00349 thành công.,2026-07-10 14:45:00
859,190,SERVICE_STARTED,22,Kỹ thuật viên bắt đầu thực hiện dịch vụ.,2026-07-10 15:02:00
860,188,CHECKED_IN,8,Khách đã check-in tại spa.,2026-07-10 15:28:00
861,188,SERVICE_STARTED,10,Kỹ thuật viên bắt đầu thực hiện dịch vụ.,2026-07-10 15:45:00
862,183,CHECKED_IN,7,Khách đã check-in tại spa.,2026-07-10 16:25:00
863,188,COMPLETED,10,Booking đã hoàn thành.,2026-07-10 16:40:00
864,183,SERVICE_STARTED,17,Kỹ thuật viên bắt đầu thực hiện dịch vụ.,2026-07-10 16:45:00
865,190,COMPLETED,22,Booking đã hoàn thành.,2026-07-10 17:00:00
866,183,COMPLETED,17,Booking đã hoàn thành.,2026-07-10 17:57:00
867,440,CREATED,7,Booking LNR-20260722-00440 được tạo.,2026-07-11 05:45:00
868,440,STAFF_ASSIGNED,\N,Đã phân công kỹ thuật viên #17.,2026-07-11 05:50:00
869,440,EMAIL_SENT,\N,Đã gửi email xác nhận booking.,2026-07-11 05:55:00
870,440,PAYMENT_RECEIVED,\N,Thanh toán PAY-20260722-00440 thành công.,2026-07-11 07:10:00
871,365,CHECKED_IN,9,Khách đã check-in tại spa.,2026-07-11 11:18:00
872,365,SERVICE_STARTED,17,Kỹ thuật viên bắt đầu thực hiện dịch vụ.,2026-07-11 11:32:00
873,365,COMPLETED,17,Booking đã hoàn thành.,2026-07-11 12:17:00
874,406,CHECKED_IN,6,Khách đã check-in tại spa.,2026-07-11 14:17:00
875,406,SERVICE_STARTED,16,Kỹ thuật viên bắt đầu thực hiện dịch vụ.,2026-07-11 14:32:00
876,516,CHECKED_IN,6,Khách đã check-in tại spa.,2026-07-11 14:41:00
877,516,SERVICE_STARTED,18,Kỹ thuật viên bắt đầu thực hiện dịch vụ.,2026-07-11 15:04:00
878,294,CHECKED_IN,6,Khách đã check-in tại spa.,2026-07-11 15:10:00
879,361,CHECKED_IN,6,Khách đã check-in tại spa.,2026-07-11 15:33:00
880,294,SERVICE_STARTED,24,Kỹ thuật viên bắt đầu thực hiện dịch vụ.,2026-07-11 15:36:00
881,406,COMPLETED,16,Booking đã hoàn thành.,2026-07-11 15:42:00
882,361,SERVICE_STARTED,22,Kỹ thuật viên bắt đầu thực hiện dịch vụ.,2026-07-11 15:47:00
883,516,COMPLETED,18,Booking đã hoàn thành.,2026-07-11 15:49:00
884,294,COMPLETED,24,Booking đã hoàn thành.,2026-07-11 16:34:00
885,361,COMPLETED,22,Booking đã hoàn thành.,2026-07-11 17:13:00
886,557,CREATED,7,Booking LNR-20260718-00557 được tạo.,2026-07-12 04:30:00
887,557,STAFF_ASSIGNED,\N,Đã phân công kỹ thuật viên #14.,2026-07-12 04:35:00
888,289,CREATED,9,Booking LNR-20260721-00289 được tạo.,2026-07-12 06:30:00
889,289,STAFF_ASSIGNED,\N,Đã phân công kỹ thuật viên #20.,2026-07-12 06:35:00
890,137,CREATED,7,Booking LNR-20260724-00137 được tạo.,2026-07-12 07:15:00
891,137,STAFF_ASSIGNED,7,Đã phân công kỹ thuật viên #12.,2026-07-12 07:20:00
892,3,CREATED,8,Booking LNR-20260720-00003 được tạo.,2026-07-12 09:15:00
893,3,STAFF_ASSIGNED,8,Đã phân công kỹ thuật viên #24.,2026-07-12 09:20:00
894,289,PAYMENT_RECEIVED,\N,Thanh toán PAY-20260721-00289 thành công.,2026-07-12 10:17:00
895,496,CREATED,40,Booking LNR-20260716-00496 được tạo.,2026-07-13 06:45:00
896,496,STAFF_ASSIGNED,40,Đã phân công kỹ thuật viên #16.,2026-07-13 06:50:00
897,496,EMAIL_SENT,\N,Đã gửi email xác nhận booking.,2026-07-13 06:55:00
898,68,CHECKED_IN,9,Khách đã check-in tại spa.,2026-07-13 10:26:00
899,68,SERVICE_STARTED,14,Kỹ thuật viên bắt đầu thực hiện dịch vụ.,2026-07-13 10:48:00
900,425,CREATED,7,Booking LNR-20260720-00425 được tạo.,2026-07-13 11:00:00
901,425,STAFF_ASSIGNED,\N,Đã phân công kỹ thuật viên #19.,2026-07-13 11:05:00
902,425,EMAIL_SENT,\N,Đã gửi email xác nhận booking.,2026-07-13 11:10:00
903,510,CREATED,6,Booking LNR-20260801-00510 được tạo.,2026-07-13 12:30:00
904,510,STAFF_ASSIGNED,\N,Đã phân công kỹ thuật viên #17.,2026-07-13 12:35:00
905,560,CREATED,9,Booking LNR-20260729-00560 được tạo.,2026-07-13 12:45:00
906,68,COMPLETED,14,Booking đã hoàn thành.,2026-07-13 12:48:00
907,560,STAFF_ASSIGNED,\N,Đã phân công kỹ thuật viên #20.,2026-07-13 12:50:00
908,560,PAYMENT_RECEIVED,\N,Thanh toán PAY-20260729-00560 thành công.,2026-07-13 13:08:00
909,596,CREATED,9,Booking LNR-20260731-00596 được tạo.,2026-07-13 13:15:00
910,596,STAFF_ASSIGNED,\N,Đã phân công kỹ thuật viên #16.,2026-07-13 13:20:00
911,596,EMAIL_SENT,\N,Đã gửi email xác nhận booking.,2026-07-13 13:25:00
912,510,PAYMENT_RECEIVED,\N,Thanh toán PAY-20260801-00510 thành công.,2026-07-13 14:23:00
913,425,PAYMENT_RECEIVED,\N,Thanh toán PAY-20260720-00425 thành công.,2026-07-13 14:47:00
914,596,PAYMENT_RECEIVED,\N,Thanh toán PAY-20260731-00596 thành công.,2026-07-13 16:39:00
915,40,CREATED,7,Booking LNR-20260801-00040 được tạo.,2026-07-14 04:00:00
916,40,STAFF_ASSIGNED,7,Đã phân công kỹ thuật viên #10.,2026-07-14 04:05:00
917,40,PAYMENT_RECEIVED,\N,Thanh toán PAY-20260801-00040 thành công.,2026-07-14 04:12:00
918,486,CREATED,8,Booking LNR-20260723-00486 được tạo.,2026-07-14 07:15:00
919,486,STAFF_ASSIGNED,8,Đã phân công kỹ thuật viên #20.,2026-07-14 07:20:00
920,486,PAYMENT_RECEIVED,\N,Thanh toán PAY-20260723-00486 thành công.,2026-07-14 07:45:00
921,163,CHECKED_IN,7,Khách đã check-in tại spa.,2026-07-14 08:41:00
922,163,SERVICE_STARTED,20,Kỹ thuật viên bắt đầu thực hiện dịch vụ.,2026-07-14 09:03:00
923,146,CREATED,8,Booking LNR-20260723-00146 được tạo.,2026-07-14 09:15:00
924,146,STAFF_ASSIGNED,8,Đã phân công kỹ thuật viên #12.,2026-07-14 09:20:00
925,163,COMPLETED,20,Booking đã hoàn thành.,2026-07-14 10:32:00
926,432,CHECKED_IN,6,Khách đã check-in tại spa.,2026-07-14 10:52:00
927,470,CREATED,7,Booking LNR-20260716-00470 được tạo.,2026-07-14 11:00:00
928,432,SERVICE_STARTED,21,Kỹ thuật viên bắt đầu thực hiện dịch vụ.,2026-07-14 11:04:00
929,470,STAFF_ASSIGNED,\N,Đã phân công kỹ thuật viên #14.,2026-07-14 11:05:00
930,432,COMPLETED,21,Booking đã hoàn thành.,2026-07-14 11:58:00
931,146,PAYMENT_RECEIVED,\N,Thanh toán PAY-20260723-00146 thành công.,2026-07-14 12:30:00
932,470,PAYMENT_RECEIVED,\N,Thanh toán PAY-20260716-00470 thành công.,2026-07-14 12:33:00
933,168,CHECKED_IN,7,Khách đã check-in tại spa.,2026-07-14 13:51:00
934,168,SERVICE_STARTED,20,Kỹ thuật viên bắt đầu thực hiện dịch vụ.,2026-07-14 14:06:00
935,168,COMPLETED,20,Booking đã hoàn thành.,2026-07-14 17:00:00
936,237,CHECKED_IN,6,Khách đã check-in tại spa.,2026-07-15 10:19:00
937,144,CHECKED_IN,9,Khách đã check-in tại spa.,2026-07-15 10:25:00
938,237,SERVICE_STARTED,11,Kỹ thuật viên bắt đầu thực hiện dịch vụ.,2026-07-15 10:36:00
939,144,SERVICE_STARTED,20,Kỹ thuật viên bắt đầu thực hiện dịch vụ.,2026-07-15 10:49:00
940,237,COMPLETED,11,Booking đã hoàn thành.,2026-07-15 11:17:00
941,144,COMPLETED,20,Booking đã hoàn thành.,2026-07-15 12:01:00
942,63,CHECKED_IN,9,Khách đã check-in tại spa.,2026-07-15 14:39:00
943,63,SERVICE_STARTED,14,Kỹ thuật viên bắt đầu thực hiện dịch vụ.,2026-07-15 14:53:00
944,63,COMPLETED,14,Booking đã hoàn thành.,2026-07-15 15:51:00
945,398,CREATED,8,Booking LNR-20260803-00398 được tạo.,2026-07-16 09:45:00
946,398,STAFF_ASSIGNED,\N,Đã phân công kỹ thuật viên #13.,2026-07-16 09:50:00
947,398,EMAIL_SENT,\N,Đã gửi email xác nhận booking.,2026-07-16 09:55:00
948,496,CHECKED_IN,6,Khách đã check-in tại spa.,2026-07-16 09:56:00
949,268,CREATED,8,Booking LNR-20260721-00268 được tạo.,2026-07-16 10:00:00
950,268,STAFF_ASSIGNED,\N,Đã phân công kỹ thuật viên #12.,2026-07-16 10:05:00
951,496,SERVICE_STARTED,16,Kỹ thuật viên bắt đầu thực hiện dịch vụ.,2026-07-16 10:20:00
952,324,CREATED,106,Booking LNR-20260731-00324 được tạo.,2026-07-16 10:30:00
953,324,STAFF_ASSIGNED,106,Đã phân công kỹ thuật viên #15.,2026-07-16 10:35:00
954,470,CHECKED_IN,6,Khách đã check-in tại spa.,2026-07-16 12:55:00
955,470,SERVICE_STARTED,14,Kỹ thuật viên bắt đầu thực hiện dịch vụ.,2026-07-16 13:18:00
956,496,COMPLETED,16,Booking đã hoàn thành.,2026-07-16 13:50:00
957,19,CREATED,151,Booking LNR-20260725-00019 được tạo.,2026-07-16 14:30:00
958,19,STAFF_ASSIGNED,151,Đã phân công kỹ thuật viên #10.,2026-07-16 14:35:00
959,470,COMPLETED,14,Booking đã hoàn thành.,2026-07-16 14:43:00
960,564,CHECKED_IN,7,Khách đã check-in tại spa.,2026-07-16 15:48:00
961,564,SERVICE_STARTED,14,Kỹ thuật viên bắt đầu thực hiện dịch vụ.,2026-07-16 16:01:00
962,564,COMPLETED,14,Booking đã hoàn thành.,2026-07-16 17:29:00
963,268,PAYMENT_RECEIVED,\N,Thanh toán PAY-20260721-00268 thành công.,2026-07-17 06:48:00
964,198,CHECKED_IN,6,Khách đã check-in tại spa.,2026-07-17 10:00:00
965,198,SERVICE_STARTED,15,Kỹ thuật viên bắt đầu thực hiện dịch vụ.,2026-07-17 10:16:00
966,198,COMPLETED,15,Booking đã hoàn thành.,2026-07-17 11:25:00
967,101,CREATED,8,Booking LNR-20260727-00101 được tạo.,2026-07-17 13:45:00
968,101,STAFF_ASSIGNED,\N,Đã phân công kỹ thuật viên #23.,2026-07-17 13:50:00
969,101,EMAIL_SENT,\N,Đã gửi email xác nhận booking.,2026-07-17 13:55:00
970,430,CHECKED_IN,7,Khách đã check-in tại spa.,2026-07-17 16:47:00
971,430,SERVICE_STARTED,17,Kỹ thuật viên bắt đầu thực hiện dịch vụ.,2026-07-17 17:07:00
972,430,COMPLETED,17,Booking đã hoàn thành.,2026-07-17 17:49:00
973,178,CREATED,158,Booking LNR-20260803-00178 được tạo.,2026-07-18 08:15:00
974,178,STAFF_ASSIGNED,158,Đã phân công kỹ thuật viên #18.,2026-07-18 08:20:00
975,178,EMAIL_SENT,\N,Đã gửi email xác nhận booking.,2026-07-18 08:25:00
976,543,CREATED,7,Booking LNR-20260803-00543 được tạo.,2026-07-18 09:00:00
977,543,STAFF_ASSIGNED,7,Đã phân công kỹ thuật viên #12.,2026-07-18 09:05:00
978,543,EMAIL_SENT,\N,Đã gửi email xác nhận booking.,2026-07-18 09:10:00
979,557,CHECKED_IN,9,Khách đã check-in tại spa.,2026-07-18 10:22:00
980,557,SERVICE_STARTED,14,Kỹ thuật viên bắt đầu thực hiện dịch vụ.,2026-07-18 10:37:00
981,308,CHECKED_IN,9,Khách đã check-in tại spa.,2026-07-18 12:00:00
982,557,COMPLETED,14,Booking đã hoàn thành.,2026-07-18 12:06:00
983,308,SERVICE_STARTED,14,Kỹ thuật viên bắt đầu thực hiện dịch vụ.,2026-07-18 12:20:00
984,308,COMPLETED,14,Booking đã hoàn thành.,2026-07-18 13:29:00
985,326,CHECKED_IN,6,Khách đã check-in tại spa.,2026-07-18 14:29:00
986,326,SERVICE_STARTED,14,Kỹ thuật viên bắt đầu thực hiện dịch vụ.,2026-07-18 14:52:00
987,23,CREATED,7,Booking LNR-20260730-00023 được tạo.,2026-07-18 15:15:00
988,23,STAFF_ASSIGNED,\N,Đã phân công kỹ thuật viên #20.,2026-07-18 15:20:00
989,23,EMAIL_SENT,\N,Đã gửi email xác nhận booking.,2026-07-18 15:25:00
990,326,COMPLETED,14,Booking đã hoàn thành.,2026-07-18 15:46:00
991,543,PAYMENT_RECEIVED,\N,Thanh toán PAY-20260803-00543 thành công.,2026-07-18 16:39:00
992,364,CREATED,7,Booking LNR-20260731-00364 được tạo.,2026-07-19 03:45:00
993,364,STAFF_ASSIGNED,\N,Đã phân công kỹ thuật viên #10.,2026-07-19 03:50:00
994,364,PAYMENT_RECEIVED,\N,Thanh toán PAY-20260731-00364 thành công.,2026-07-19 04:01:00
995,477,CREATED,86,Booking LNR-20260808-00477 được tạo.,2026-07-19 08:00:00
996,477,STAFF_ASSIGNED,86,Đã phân công kỹ thuật viên #18.,2026-07-19 08:05:00
997,477,EMAIL_SENT,\N,Đã gửi email xác nhận booking.,2026-07-19 08:10:00
998,494,CREATED,9,Booking LNR-20260724-00494 được tạo.,2026-07-19 08:30:00
999,494,STAFF_ASSIGNED,9,Đã phân công kỹ thuật viên #17.,2026-07-19 08:35:00
1000,494,PAYMENT_RECEIVED,\N,Thanh toán PAY-20260724-00494 thành công.,2026-07-19 10:24:00
1001,477,PAYMENT_RECEIVED,\N,Thanh toán PAY-20260808-00477 thành công.,2026-07-20 04:31:00
1002,256,CREATED,8,Booking LNR-20260727-00256 được tạo.,2026-07-20 07:15:00
1003,256,STAFF_ASSIGNED,\N,Đã phân công kỹ thuật viên #13.,2026-07-20 07:20:00
1004,256,EMAIL_SENT,\N,Đã gửi email xác nhận booking.,2026-07-20 07:25:00
1005,555,CREATED,6,Booking LNR-20260801-00555 được tạo.,2026-07-20 08:30:00
1006,555,STAFF_ASSIGNED,\N,Đã phân công kỹ thuật viên #18.,2026-07-20 08:35:00
1007,555,EMAIL_SENT,\N,Đã gửi email xác nhận booking.,2026-07-20 08:40:00
1008,3,CHECKED_IN,6,Khách đã check-in tại spa.,2026-07-20 09:58:00
1009,12,CREATED,7,Booking LNR-20260731-00012 được tạo.,2026-07-20 10:15:00
1010,3,SERVICE_STARTED,24,Kỹ thuật viên bắt đầu thực hiện dịch vụ.,2026-07-20 10:17:00
1011,12,STAFF_ASSIGNED,7,Đã phân công kỹ thuật viên #16.,2026-07-20 10:20:00
1012,12,EMAIL_SENT,\N,Đã gửi email xác nhận booking.,2026-07-20 10:25:00
1013,3,COMPLETED,24,Booking đã hoàn thành.,2026-07-20 11:29:00
1014,425,CHECKED_IN,8,Khách đã check-in tại spa.,2026-07-20 16:42:00
1015,425,SERVICE_STARTED,19,Kỹ thuật viên bắt đầu thực hiện dịch vụ.,2026-07-20 17:06:00
1016,425,COMPLETED,19,Booking đã hoàn thành.,2026-07-20 18:21:00
1017,555,PAYMENT_RECEIVED,\N,Thanh toán PAY-20260801-00555 thành công.,2026-07-21 04:51:00
1018,519,CREATED,8,Booking LNR-20260730-00519 được tạo.,2026-07-21 09:30:00
1019,519,STAFF_ASSIGNED,\N,Đã phân công kỹ thuật viên #15.,2026-07-21 09:35:00
1020,519,EMAIL_SENT,\N,Đã gửi email xác nhận booking.,2026-07-21 09:40:00
1021,145,CREATED,35,Booking LNR-20260723-00145 được tạo.,2026-07-21 09:45:00
1022,145,STAFF_ASSIGNED,\N,Đã phân công kỹ thuật viên #24.,2026-07-21 09:50:00
1023,289,CHECKED_IN,8,Khách đã check-in tại spa.,2026-07-21 10:10:00
1024,289,SERVICE_STARTED,20,Kỹ thuật viên bắt đầu thực hiện dịch vụ.,2026-07-21 10:15:00
1025,438,CHECKED_IN,9,Khách đã check-in tại spa.,2026-07-21 10:39:00
1026,438,SERVICE_STARTED,18,Kỹ thuật viên bắt đầu thực hiện dịch vụ.,2026-07-21 10:53:00
1027,289,COMPLETED,20,Booking đã hoàn thành.,2026-07-21 11:13:00
1028,438,COMPLETED,18,Booking đã hoàn thành.,2026-07-21 12:21:00
1029,145,PAYMENT_RECEIVED,\N,Thanh toán PAY-20260723-00145 thành công.,2026-07-21 12:52:00
1030,162,CREATED,9,Booking LNR-20260808-00162 được tạo.,2026-07-21 13:45:00
1031,162,STAFF_ASSIGNED,\N,Đã phân công kỹ thuật viên #17.,2026-07-21 13:50:00
1032,268,CHECKED_IN,6,Khách đã check-in tại spa.,2026-07-21 16:13:00
1033,156,CHECKED_IN,6,Khách đã check-in tại spa.,2026-07-21 16:32:00
1034,268,SERVICE_STARTED,12,Kỹ thuật viên bắt đầu thực hiện dịch vụ.,2026-07-21 16:36:00
1035,519,PAYMENT_RECEIVED,\N,Thanh toán PAY-20260730-00519 thành công.,2026-07-21 16:46:00
1036,156,SERVICE_STARTED,10,Kỹ thuật viên bắt đầu thực hiện dịch vụ.,2026-07-21 16:50:00
1037,156,COMPLETED,10,Booking đã hoàn thành.,2026-07-21 17:44:00
1038,268,COMPLETED,12,Booking đã hoàn thành.,2026-07-21 18:01:00
1039,445,CREATED,135,Booking LNR-20260804-00445 được tạo.,2026-07-22 07:30:00
1040,445,PAYMENT_RECEIVED,\N,Thanh toán PAY-20260804-00445 thành công.,2026-07-22 07:34:00
1041,445,STAFF_ASSIGNED,135,Đã phân công kỹ thuật viên #10.,2026-07-22 07:35:00
1042,357,CREATED,8,Booking LNR-20260725-00357 được tạo.,2026-07-22 08:30:00
1043,357,STAFF_ASSIGNED,8,Đã phân công kỹ thuật viên #10.,2026-07-22 08:35:00
1044,357,EMAIL_SENT,\N,Đã gửi email xác nhận booking.,2026-07-22 08:40:00
1045,162,PAYMENT_RECEIVED,\N,Thanh toán PAY-20260808-00162 thành công.,2026-07-22 09:56:00
1046,440,CHECKED_IN,6,Khách đã check-in tại spa.,2026-07-22 10:36:00
1047,440,SERVICE_STARTED,17,Kỹ thuật viên bắt đầu thực hiện dịch vụ.,2026-07-22 10:47:00
1048,440,COMPLETED,17,Booking đã hoàn thành.,2026-07-22 12:17:00
1049,189,CREATED,9,Booking LNR-20260811-00189 được tạo.,2026-07-22 12:30:00
1050,189,STAFF_ASSIGNED,9,Đã phân công kỹ thuật viên #12.,2026-07-22 12:35:00
1051,427,CREATED,6,Booking LNR-20260727-00427 được tạo.,2026-07-23 05:00:00
1052,427,STAFF_ASSIGNED,6,Đã phân công kỹ thuật viên #14.,2026-07-23 05:05:00
1053,357,PAYMENT_RECEIVED,\N,Thanh toán PAY-20260725-00357 thành công.,2026-07-23 05:25:00
1054,397,CREATED,55,Booking LNR-20260731-00397 được tạo.,2026-07-23 05:30:00
1055,397,STAFF_ASSIGNED,55,Đã phân công kỹ thuật viên #17.,2026-07-23 05:35:00
1056,397,EMAIL_SENT,\N,Đã gửi email xác nhận booking.,2026-07-23 05:40:00
1057,189,PAYMENT_RECEIVED,\N,Thanh toán PAY-20260811-00189 thành công.,2026-07-23 08:39:00
1058,397,PAYMENT_RECEIVED,\N,Thanh toán PAY-20260731-00397 thành công.,2026-07-23 09:05:00
1059,486,CHECKED_IN,8,Khách đã check-in tại spa.,2026-07-23 09:39:00
1060,486,SERVICE_STARTED,20,Kỹ thuật viên bắt đầu thực hiện dịch vụ.,2026-07-23 09:47:00
1061,145,CHECKED_IN,8,Khách đã check-in tại spa.,2026-07-23 10:08:00
1062,145,SERVICE_STARTED,24,Kỹ thuật viên bắt đầu thực hiện dịch vụ.,2026-07-23 10:21:00
1063,486,COMPLETED,20,Booking đã hoàn thành.,2026-07-23 11:11:00
1064,145,COMPLETED,24,Booking đã hoàn thành.,2026-07-23 12:15:00
1065,146,CHECKED_IN,8,Khách đã check-in tại spa.,2026-07-23 12:28:00
1066,146,SERVICE_STARTED,12,Kỹ thuật viên bắt đầu thực hiện dịch vụ.,2026-07-23 12:46:00
1067,146,COMPLETED,12,Booking đã hoàn thành.,2026-07-23 14:12:00
1068,349,CHECKED_IN,9,Khách đã check-in tại spa.,2026-07-23 14:55:00
1069,349,SERVICE_STARTED,24,Kỹ thuật viên bắt đầu thực hiện dịch vụ.,2026-07-23 15:02:00
1070,349,COMPLETED,24,Booking đã hoàn thành.,2026-07-23 17:01:00
1071,290,CREATED,95,Booking LNR-20260807-00290 được tạo.,2026-07-24 05:00:00
1072,290,STAFF_ASSIGNED,\N,Đã phân công kỹ thuật viên #19.,2026-07-24 05:05:00
1073,290,EMAIL_SENT,\N,Đã gửi email xác nhận booking.,2026-07-24 05:10:00
1074,271,CREATED,9,Booking LNR-20260812-00271 được tạo.,2026-07-24 08:30:00
1075,271,STAFF_ASSIGNED,9,Đã phân công kỹ thuật viên #14.,2026-07-24 08:35:00
1076,271,EMAIL_SENT,\N,Đã gửi email xác nhận booking.,2026-07-24 08:40:00
1077,301,CREATED,8,Booking LNR-20260729-00301 được tạo.,2026-07-24 09:15:00
1078,301,STAFF_ASSIGNED,\N,Đã phân công kỹ thuật viên #13.,2026-07-24 09:20:00
1079,124,CREATED,9,Booking LNR-20260803-00124 được tạo.,2026-07-24 10:15:00
1080,271,PAYMENT_RECEIVED,\N,Thanh toán PAY-20260812-00271 thành công.,2026-07-24 10:19:00
1081,124,STAFF_ASSIGNED,\N,Đã phân công kỹ thuật viên #23.,2026-07-24 10:20:00
1082,124,EMAIL_SENT,\N,Đã gửi email xác nhận booking.,2026-07-24 10:25:00
1083,301,PAYMENT_RECEIVED,\N,Thanh toán PAY-20260729-00301 thành công.,2026-07-24 10:44:00
1084,124,PAYMENT_RECEIVED,\N,Thanh toán PAY-20260803-00124 thành công.,2026-07-24 12:10:00
1085,380,CREATED,171,Booking LNR-20260731-00380 được tạo.,2026-07-24 13:00:00
1086,380,STAFF_ASSIGNED,171,Đã phân công kỹ thuật viên #21.,2026-07-24 13:05:00
1087,494,CHECKED_IN,9,Khách đã check-in tại spa.,2026-07-24 13:31:00
1088,494,SERVICE_STARTED,17,Kỹ thuật viên bắt đầu thực hiện dịch vụ.,2026-07-24 13:47:00
1089,137,CHECKED_IN,9,Khách đã check-in tại spa.,2026-07-24 13:50:00
1090,137,SERVICE_STARTED,12,Kỹ thuật viên bắt đầu thực hiện dịch vụ.,2026-07-24 14:04:00
1091,494,COMPLETED,17,Booking đã hoàn thành.,2026-07-24 14:28:00
1092,137,COMPLETED,12,Booking đã hoàn thành.,2026-07-24 15:32:00
1093,469,CREATED,7,Booking LNR-20260808-00469 được tạo.,2026-07-25 06:45:00
1094,469,STAFF_ASSIGNED,7,Đã phân công kỹ thuật viên #23.,2026-07-25 06:50:00
1095,469,EMAIL_SENT,\N,Đã gửi email xác nhận booking.,2026-07-25 06:55:00
1096,357,CHECKED_IN,9,Khách đã check-in tại spa.,2026-07-25 09:06:00
1097,357,SERVICE_STARTED,10,Kỹ thuật viên bắt đầu thực hiện dịch vụ.,2026-07-25 09:18:00
1098,380,PAYMENT_RECEIVED,\N,Thanh toán PAY-20260731-00380 thành công.,2026-07-25 09:44:00
1099,344,CREATED,100,Booking LNR-20260810-00344 được tạo.,2026-07-25 09:45:00
1100,344,STAFF_ASSIGNED,100,Đã phân công kỹ thuật viên #17.,2026-07-25 09:50:00
1101,357,COMPLETED,10,Booking đã hoàn thành.,2026-07-25 11:16:00
1102,62,CHECKED_IN,6,Khách đã check-in tại spa.,2026-07-25 12:40:00
1103,62,SERVICE_STARTED,14,Kỹ thuật viên bắt đầu thực hiện dịch vụ.,2026-07-25 12:47:00
1104,62,COMPLETED,14,Booking đã hoàn thành.,2026-07-25 14:15:00
1105,19,CHECKED_IN,9,Khách đã check-in tại spa.,2026-07-25 14:39:00
1106,19,SERVICE_STARTED,10,Kỹ thuật viên bắt đầu thực hiện dịch vụ.,2026-07-25 14:46:00
1107,19,COMPLETED,10,Booking đã hoàn thành.,2026-07-25 15:42:00
1108,344,PAYMENT_RECEIVED,\N,Thanh toán PAY-20260810-00344 thành công.,2026-07-25 16:53:00
1109,469,PAYMENT_RECEIVED,\N,Thanh toán PAY-20260808-00469 thành công.,2026-07-26 03:18:00
1110,447,CREATED,6,Booking LNR-20260731-00447 được tạo.,2026-07-26 05:15:00
1111,447,STAFF_ASSIGNED,\N,Đã phân công kỹ thuật viên #15.,2026-07-26 05:20:00
1112,447,PAYMENT_RECEIVED,\N,Thanh toán PAY-20260731-00447 thành công.,2026-07-26 05:28:00
1113,378,CREATED,7,Booking LNR-20260804-00378 được tạo.,2026-07-26 07:45:00
1114,378,STAFF_ASSIGNED,\N,Đã phân công kỹ thuật viên #10.,2026-07-26 07:50:00
1115,378,PAYMENT_RECEIVED,\N,Thanh toán PAY-20260804-00378 thành công.,2026-07-26 15:14:00
1116,427,CHECKED_IN,8,Khách đã check-in tại spa.,2026-07-27 09:31:00
1117,427,SERVICE_STARTED,14,Kỹ thuật viên bắt đầu thực hiện dịch vụ.,2026-07-27 09:49:00
1118,121,CHECKED_IN,7,Khách đã check-in tại spa.,2026-07-27 10:03:00
1119,121,SERVICE_STARTED,23,Kỹ thuật viên bắt đầu thực hiện dịch vụ.,2026-07-27 10:19:00
1120,256,CHECKED_IN,6,Khách đã check-in tại spa.,2026-07-27 10:24:00
1121,79,CREATED,121,Booking LNR-20260808-00079 được tạo.,2026-07-27 10:30:00
1122,79,STAFF_ASSIGNED,121,Đã phân công kỹ thuật viên #11.,2026-07-27 10:35:00
1123,256,SERVICE_STARTED,13,Kỹ thuật viên bắt đầu thực hiện dịch vụ.,2026-07-27 10:37:00
1124,427,COMPLETED,14,Booking đã hoàn thành.,2026-07-27 11:13:00
1125,534,CREATED,104,Booking LNR-20260731-00534 được tạo.,2026-07-27 11:15:00
1126,121,COMPLETED,23,Booking đã hoàn thành.,2026-07-27 11:19:00
1127,534,STAFF_ASSIGNED,104,Đã phân công kỹ thuật viên #21.,2026-07-27 11:20:00
1128,256,COMPLETED,13,Booking đã hoàn thành.,2026-07-27 11:34:00
1129,264,CREATED,6,Booking LNR-20260731-00264 được tạo.,2026-07-27 14:45:00
1130,264,STAFF_ASSIGNED,6,Đã phân công kỹ thuật viên #22.,2026-07-27 14:50:00
1131,264,EMAIL_SENT,\N,Đã gửi email xác nhận booking.,2026-07-27 14:55:00
1132,101,CHECKED_IN,6,Khách đã check-in tại spa.,2026-07-27 17:25:00
1133,101,SERVICE_STARTED,23,Kỹ thuật viên bắt đầu thực hiện dịch vụ.,2026-07-27 17:45:00
1134,79,PAYMENT_RECEIVED,\N,Thanh toán PAY-20260808-00079 thành công.,2026-07-27 17:47:00
1135,101,COMPLETED,23,Booking đã hoàn thành.,2026-07-27 18:45:00
1136,215,CREATED,6,Booking LNR-20260817-00215 được tạo.,2026-07-28 03:30:00
1137,215,STAFF_ASSIGNED,6,Đã phân công kỹ thuật viên #17.,2026-07-28 03:35:00
1138,410,CREATED,93,Booking LNR-20260808-00410 được tạo.,2026-07-28 07:15:00
1139,410,STAFF_ASSIGNED,93,Đã phân công kỹ thuật viên #18.,2026-07-28 07:20:00
1140,410,PAYMENT_RECEIVED,\N,Thanh toán PAY-20260808-00410 thành công.,2026-07-28 10:48:00
1141,521,CREATED,8,Booking LNR-20260803-00521 được tạo.,2026-07-28 14:45:00
1142,521,STAFF_ASSIGNED,\N,Đã phân công kỹ thuật viên #20.,2026-07-28 14:50:00
1143,197,CREATED,7,Booking LNR-20260807-00197 được tạo.,2026-07-29 13:00:00
1144,197,STAFF_ASSIGNED,\N,Đã phân công kỹ thuật viên #23.,2026-07-29 13:05:00
1145,560,CHECKED_IN,6,Khách đã check-in tại spa.,2026-07-29 13:10:00
1146,560,SERVICE_STARTED,20,Kỹ thuật viên bắt đầu thực hiện dịch vụ.,2026-07-29 13:33:00
1147,301,CHECKED_IN,9,Khách đã check-in tại spa.,2026-07-29 14:10:00
1148,301,SERVICE_STARTED,13,Kỹ thuật viên bắt đầu thực hiện dịch vụ.,2026-07-29 14:30:00
1149,560,COMPLETED,20,Booking đã hoàn thành.,2026-07-29 14:46:00
1150,197,PAYMENT_RECEIVED,\N,Thanh toán PAY-20260807-00197 thành công.,2026-07-29 14:50:00
1151,301,COMPLETED,13,Booking đã hoàn thành.,2026-07-29 15:15:00
1152,342,CREATED,9,Booking LNR-20260811-00342 được tạo.,2026-07-30 09:45:00
1153,342,STAFF_ASSIGNED,\N,Đã phân công kỹ thuật viên #19.,2026-07-30 09:50:00
1154,519,CHECKED_IN,9,Khách đã check-in tại spa.,2026-07-30 14:27:00
1155,519,SERVICE_STARTED,15,Kỹ thuật viên bắt đầu thực hiện dịch vụ.,2026-07-30 14:46:00
1156,23,CHECKED_IN,9,Khách đã check-in tại spa.,2026-07-30 15:39:00
1157,23,SERVICE_STARTED,20,Kỹ thuật viên bắt đầu thực hiện dịch vụ.,2026-07-30 15:47:00
1158,519,COMPLETED,15,Booking đã hoàn thành.,2026-07-30 16:15:00
1159,23,COMPLETED,20,Booking đã hoàn thành.,2026-07-30 16:46:00
1160,342,PAYMENT_RECEIVED,\N,Thanh toán PAY-20260811-00342 thành công.,2026-07-30 17:04:00
1161,566,CREATED,7,Booking LNR-20260807-00566 được tạo.,2026-07-31 07:15:00
1162,566,STAFF_ASSIGNED,7,Đã phân công kỹ thuật viên #24.,2026-07-31 07:20:00
1163,566,EMAIL_SENT,\N,Đã gửi email xác nhận booking.,2026-07-31 07:25:00
1164,358,CREATED,8,Booking LNR-20260808-00358 được tạo.,2026-07-31 09:15:00
1165,358,STAFF_ASSIGNED,8,Đã phân công kỹ thuật viên #20.,2026-07-31 09:20:00
1166,358,PAYMENT_RECEIVED,\N,Thanh toán PAY-20260808-00358 thành công.,2026-07-31 09:21:00
1167,364,CHECKED_IN,9,Khách đã check-in tại spa.,2026-07-31 10:13:00
1168,397,CHECKED_IN,7,Khách đã check-in tại spa.,2026-07-31 10:32:00
1169,364,SERVICE_STARTED,10,Kỹ thuật viên bắt đầu thực hiện dịch vụ.,2026-07-31 10:34:00
1170,141,CREATED,6,Booking LNR-20260813-00141 được tạo.,2026-07-31 10:45:00
1171,397,SERVICE_STARTED,17,Kỹ thuật viên bắt đầu thực hiện dịch vụ.,2026-07-31 10:45:00
1172,141,STAFF_ASSIGNED,6,Đã phân công kỹ thuật viên #18.,2026-07-31 10:50:00
1173,141,EMAIL_SENT,\N,Đã gửi email xác nhận booking.,2026-07-31 10:55:00
1174,473,CREATED,7,Booking LNR-20260808-00473 được tạo.,2026-07-31 11:00:00
1175,473,STAFF_ASSIGNED,\N,Đã phân công kỹ thuật viên #17.,2026-07-31 11:05:00
1176,447,CHECKED_IN,7,Khách đã check-in tại spa.,2026-07-31 11:21:00
1177,447,SERVICE_STARTED,15,Kỹ thuật viên bắt đầu thực hiện dịch vụ.,2026-07-31 11:34:00
1178,12,CHECKED_IN,6,Khách đã check-in tại spa.,2026-07-31 11:44:00
1179,534,CHECKED_IN,8,Khách đã check-in tại spa.,2026-07-31 11:46:00
1180,364,COMPLETED,10,Booking đã hoàn thành.,2026-07-31 11:49:00
1181,397,COMPLETED,17,Booking đã hoàn thành.,2026-07-31 12:00:00
1182,534,SERVICE_STARTED,21,Kỹ thuật viên bắt đầu thực hiện dịch vụ.,2026-07-31 12:00:00
1183,12,SERVICE_STARTED,16,Kỹ thuật viên bắt đầu thực hiện dịch vụ.,2026-07-31 12:02:00
1184,274,CREATED,8,Booking LNR-20260804-00274 được tạo.,2026-07-31 12:15:00
1185,274,STAFF_ASSIGNED,8,Đã phân công kỹ thuật viên #21.,2026-07-31 12:20:00
1186,447,COMPLETED,15,Booking đã hoàn thành.,2026-07-31 12:34:00
1187,534,COMPLETED,21,Booking đã hoàn thành.,2026-07-31 12:54:00
1188,274,PAYMENT_RECEIVED,\N,Thanh toán PAY-20260804-00274 thành công.,2026-07-31 13:23:00
1189,12,COMPLETED,16,Booking đã hoàn thành.,2026-07-31 13:32:00
1190,324,CHECKED_IN,8,Khách đã check-in tại spa.,2026-07-31 14:29:00
1191,324,SERVICE_STARTED,15,Kỹ thuật viên bắt đầu thực hiện dịch vụ.,2026-07-31 14:46:00
1192,596,CHECKED_IN,6,Khách đã check-in tại spa.,2026-07-31 15:02:00
1193,264,CHECKED_IN,8,Khách đã check-in tại spa.,2026-07-31 15:05:00
1194,264,SERVICE_STARTED,22,Kỹ thuật viên bắt đầu thực hiện dịch vụ.,2026-07-31 15:22:00
1195,596,SERVICE_STARTED,16,Kỹ thuật viên bắt đầu thực hiện dịch vụ.,2026-07-31 15:22:00
1196,264,COMPLETED,22,Booking đã hoàn thành.,2026-07-31 16:22:00
1197,324,COMPLETED,15,Booking đã hoàn thành.,2026-07-31 16:56:00
1198,380,CHECKED_IN,8,Khách đã check-in tại spa.,2026-07-31 17:07:00
1199,596,COMPLETED,16,Booking đã hoàn thành.,2026-07-31 17:17:00
1200,380,SERVICE_STARTED,21,Kỹ thuật viên bắt đầu thực hiện dịch vụ.,2026-07-31 17:21:00
1201,380,COMPLETED,21,Booking đã hoàn thành.,2026-07-31 18:49:00
1202,47,CREATED,8,Booking LNR-20260819-00047 được tạo.,2026-08-01 07:00:00
1203,47,STAFF_ASSIGNED,8,Đã phân công kỹ thuật viên #17.,2026-08-01 07:05:00
1204,100,CREATED,7,Booking LNR-20260811-00100 được tạo.,2026-08-01 07:30:00
1205,100,STAFF_ASSIGNED,7,Đã phân công kỹ thuật viên #10.,2026-08-01 07:35:00
1206,208,CREATED,9,Booking LNR-20260815-00208 được tạo.,2026-08-01 07:45:00
1207,208,STAFF_ASSIGNED,\N,Đã phân công kỹ thuật viên #20.,2026-08-01 07:50:00
1208,208,EMAIL_SENT,\N,Đã gửi email xác nhận booking.,2026-08-01 07:55:00
1209,92,CREATED,6,Booking LNR-20260814-00092 được tạo.,2026-08-01 08:45:00
1210,92,STAFF_ASSIGNED,6,Đã phân công kỹ thuật viên #21.,2026-08-01 08:50:00
1211,92,EMAIL_SENT,\N,Đã gửi email xác nhận booking.,2026-08-01 08:55:00
1212,40,CHECKED_IN,7,Khách đã check-in tại spa.,2026-08-01 09:54:00
1213,40,SERVICE_STARTED,10,Kỹ thuật viên bắt đầu thực hiện dịch vụ.,2026-08-01 10:00:00
1214,540,CREATED,6,Booking LNR-20260803-00540 được tạo.,2026-08-01 11:15:00
1215,540,STAFF_ASSIGNED,6,Đã phân công kỹ thuật viên #24.,2026-08-01 11:20:00
1216,540,EMAIL_SENT,\N,Đã gửi email xác nhận booking.,2026-08-01 11:25:00
1217,40,COMPLETED,10,Booking đã hoàn thành.,2026-08-01 12:44:00
1218,540,PAYMENT_RECEIVED,\N,Thanh toán PAY-20260803-00540 thành công.,2026-08-01 12:48:00
1219,555,CHECKED_IN,8,Khách đã check-in tại spa.,2026-08-01 13:41:00
1220,555,SERVICE_STARTED,18,Kỹ thuật viên bắt đầu thực hiện dịch vụ.,2026-08-01 14:08:00
1221,47,PAYMENT_RECEIVED,\N,Thanh toán PAY-20260819-00047 thành công.,2026-08-01 14:27:00
1222,555,COMPLETED,18,Booking đã hoàn thành.,2026-08-01 15:37:00
1223,510,CHECKED_IN,6,Khách đã check-in tại spa.,2026-08-01 18:06:00
1224,510,SERVICE_STARTED,17,Kỹ thuật viên bắt đầu thực hiện dịch vụ.,2026-08-01 18:20:00
1225,510,COMPLETED,17,Booking đã hoàn thành.,2026-08-01 19:03:00
1226,100,PAYMENT_RECEIVED,\N,Thanh toán PAY-20260811-00100 thành công.,2026-08-02 04:22:00
1227,278,CREATED,9,Booking LNR-20260814-00278 được tạo.,2026-08-02 08:30:00
1228,278,STAFF_ASSIGNED,9,Đã phân công kỹ thuật viên #17.,2026-08-02 08:35:00
1229,278,EMAIL_SENT,\N,Đã gửi email xác nhận booking.,2026-08-02 08:40:00
1230,278,PAYMENT_RECEIVED,\N,Thanh toán PAY-20260814-00278 thành công.,2026-08-02 09:31:00
1231,347,CREATED,7,Booking LNR-20260819-00347 được tạo.,2026-08-03 08:00:00
1232,347,STAFF_ASSIGNED,7,Đã phân công kỹ thuật viên #13.,2026-08-03 08:05:00
1233,347,PAYMENT_RECEIVED,\N,Thanh toán PAY-20260819-00347 thành công.,2026-08-03 09:11:00
1234,581,CREATED,149,Booking LNR-20260819-00581 được tạo.,2026-08-03 09:15:00
1235,581,STAFF_ASSIGNED,\N,Đã phân công kỹ thuật viên #21.,2026-08-03 09:20:00
1236,543,CHECKED_IN,6,Khách đã check-in tại spa.,2026-08-03 10:31:00
1237,543,SERVICE_STARTED,12,Kỹ thuật viên bắt đầu thực hiện dịch vụ.,2026-08-03 10:49:00
1238,398,CHECKED_IN,7,Khách đã check-in tại spa.,2026-08-03 11:33:00
1239,398,SERVICE_STARTED,13,Kỹ thuật viên bắt đầu thực hiện dịch vụ.,2026-08-03 11:50:00
1240,543,COMPLETED,12,Booking đã hoàn thành.,2026-08-03 12:16:00
1241,398,COMPLETED,13,Booking đã hoàn thành.,2026-08-03 13:02:00
1242,178,CHECKED_IN,9,Khách đã check-in tại spa.,2026-08-03 14:15:00
1243,513,CREATED,152,Booking LNR-20260819-00513 được tạo.,2026-08-03 14:15:00
1244,513,STAFF_ASSIGNED,\N,Đã phân công kỹ thuật viên #11.,2026-08-03 14:20:00
1245,178,SERVICE_STARTED,18,Kỹ thuật viên bắt đầu thực hiện dịch vụ.,2026-08-03 14:36:00
1246,287,CREATED,106,Booking LNR-20260812-00287 được tạo.,2026-08-03 14:45:00
1247,540,CHECKED_IN,7,Khách đã check-in tại spa.,2026-08-03 14:48:00
1248,287,STAFF_ASSIGNED,\N,Đã phân công kỹ thuật viên #15.,2026-08-03 14:50:00
1249,287,EMAIL_SENT,\N,Đã gửi email xác nhận booking.,2026-08-03 14:55:00
1250,540,SERVICE_STARTED,24,Kỹ thuật viên bắt đầu thực hiện dịch vụ.,2026-08-03 15:03:00
1251,287,PAYMENT_RECEIVED,\N,Thanh toán PAY-20260812-00287 thành công.,2026-08-03 16:01:00
1252,178,COMPLETED,18,Booking đã hoàn thành.,2026-08-03 16:04:00
1253,521,CHECKED_IN,9,Khách đã check-in tại spa.,2026-08-03 16:12:00
1254,540,COMPLETED,24,Booking đã hoàn thành.,2026-08-03 16:12:00
1255,521,SERVICE_STARTED,20,Kỹ thuật viên bắt đầu thực hiện dịch vụ.,2026-08-03 16:32:00
1256,124,CHECKED_IN,6,Khách đã check-in tại spa.,2026-08-03 16:37:00
1257,124,SERVICE_STARTED,23,Kỹ thuật viên bắt đầu thực hiện dịch vụ.,2026-08-03 16:53:00
1258,513,PAYMENT_RECEIVED,\N,Thanh toán PAY-20260819-00513 thành công.,2026-08-03 17:27:00
1259,521,COMPLETED,20,Booking đã hoàn thành.,2026-08-03 17:56:00
1260,124,COMPLETED,23,Booking đã hoàn thành.,2026-08-03 18:20:00
1261,581,PAYMENT_RECEIVED,\N,Thanh toán PAY-20260819-00581 thành công.,2026-08-04 05:16:00
1262,378,CHECKED_IN,8,Khách đã check-in tại spa.,2026-08-04 09:43:00
1263,255,CREATED,9,Booking LNR-20260813-00255 được tạo.,2026-08-04 09:45:00
1264,255,STAFF_ASSIGNED,\N,Đã phân công kỹ thuật viên #15.,2026-08-04 09:50:00
1265,255,EMAIL_SENT,\N,Đã gửi email xác nhận booking.,2026-08-04 09:55:00
1266,22,CREATED,8,Booking LNR-20260812-00022 được tạo.,2026-08-04 10:00:00
1267,378,SERVICE_STARTED,10,Kỹ thuật viên bắt đầu thực hiện dịch vụ.,2026-08-04 10:02:00
1268,22,STAFF_ASSIGNED,8,Đã phân công kỹ thuật viên #13.,2026-08-04 10:05:00
1269,22,PAYMENT_RECEIVED,\N,Thanh toán PAY-20260812-00022 thành công.,2026-08-04 11:07:00
1270,378,COMPLETED,10,Booking đã hoàn thành.,2026-08-04 11:29:00
1271,26,CREATED,126,Booking LNR-20260806-00026 được tạo.,2026-08-04 12:45:00
1272,26,STAFF_ASSIGNED,126,Đã phân công kỹ thuật viên #20.,2026-08-04 12:50:00
1273,445,CHECKED_IN,6,Khách đã check-in tại spa.,2026-08-04 12:58:00
1274,478,CREATED,72,Booking LNR-20260806-00478 được tạo.,2026-08-04 13:15:00
1275,478,STAFF_ASSIGNED,\N,Đã phân công kỹ thuật viên #18.,2026-08-04 13:20:00
1276,445,SERVICE_STARTED,10,Kỹ thuật viên bắt đầu thực hiện dịch vụ.,2026-08-04 13:22:00
1277,274,CHECKED_IN,9,Khách đã check-in tại spa.,2026-08-04 13:29:00
1278,273,CREATED,8,Booking LNR-20260812-00273 được tạo.,2026-08-04 13:30:00
1279,273,STAFF_ASSIGNED,\N,Đã phân công kỹ thuật viên #20.,2026-08-04 13:35:00
1280,273,EMAIL_SENT,\N,Đã gửi email xác nhận booking.,2026-08-04 13:40:00
1281,274,SERVICE_STARTED,21,Kỹ thuật viên bắt đầu thực hiện dịch vụ.,2026-08-04 13:51:00
1282,445,COMPLETED,10,Booking đã hoàn thành.,2026-08-04 14:52:00
1283,274,COMPLETED,21,Booking đã hoàn thành.,2026-08-04 15:16:00
1284,478,PAYMENT_RECEIVED,\N,Thanh toán PAY-20260806-00478 thành công.,2026-08-04 20:18:00
1285,325,CREATED,6,Booking LNR-20260810-00325 được tạo.,2026-08-05 13:15:00
1286,325,STAFF_ASSIGNED,\N,Đã phân công kỹ thuật viên #13.,2026-08-05 13:20:00
1287,545,CREATED,9,Booking LNR-20260820-00545 được tạo.,2026-08-05 13:30:00
1288,545,STAFF_ASSIGNED,\N,Đã phân công kỹ thuật viên #23.,2026-08-05 13:35:00
1289,545,PAYMENT_RECEIVED,\N,Thanh toán PAY-20260820-00545 thành công.,2026-08-05 14:22:00
1290,325,PAYMENT_RECEIVED,\N,Thanh toán PAY-20260810-00325 thành công.,2026-08-05 15:02:00
1291,570,CREATED,6,Booking LNR-20260813-00570 được tạo.,2026-08-06 08:15:00
1292,570,STAFF_ASSIGNED,6,Đã phân công kỹ thuật viên #11.,2026-08-06 08:20:00
1293,570,EMAIL_SENT,\N,Đã gửi email xác nhận booking.,2026-08-06 08:25:00
1294,26,CHECKED_IN,7,Khách đã check-in tại spa.,2026-08-06 13:55:00
1295,26,SERVICE_STARTED,20,Kỹ thuật viên bắt đầu thực hiện dịch vụ.,2026-08-06 14:02:00
1296,478,CHECKED_IN,6,Khách đã check-in tại spa.,2026-08-06 15:30:00
1297,570,PAYMENT_RECEIVED,\N,Thanh toán PAY-20260813-00570 thành công.,2026-08-06 15:40:00
1298,478,SERVICE_STARTED,18,Kỹ thuật viên bắt đầu thực hiện dịch vụ.,2026-08-06 15:49:00
1299,478,COMPLETED,18,Booking đã hoàn thành.,2026-08-06 16:43:00
1300,26,COMPLETED,20,Booking đã hoàn thành.,2026-08-06 16:57:00
1301,290,CHECKED_IN,9,Khách đã check-in tại spa.,2026-08-07 11:25:00
1302,290,SERVICE_STARTED,19,Kỹ thuật viên bắt đầu thực hiện dịch vụ.,2026-08-07 11:53:00
1303,566,CHECKED_IN,9,Khách đã check-in tại spa.,2026-08-07 12:12:00
1304,566,SERVICE_STARTED,24,Kỹ thuật viên bắt đầu thực hiện dịch vụ.,2026-08-07 12:37:00
1305,328,CREATED,8,Booking LNR-20260817-00328 được tạo.,2026-08-07 13:45:00
1306,328,STAFF_ASSIGNED,\N,Đã phân công kỹ thuật viên #17.,2026-08-07 13:50:00
1307,328,EMAIL_SENT,\N,Đã gửi email xác nhận booking.,2026-08-07 13:55:00
1308,566,COMPLETED,24,Booking đã hoàn thành.,2026-08-07 14:02:00
1309,290,COMPLETED,19,Booking đã hoàn thành.,2026-08-07 14:18:00
1310,197,CHECKED_IN,7,Khách đã check-in tại spa.,2026-08-07 17:30:00
1311,197,SERVICE_STARTED,23,Kỹ thuật viên bắt đầu thực hiện dịch vụ.,2026-08-07 17:50:00
1312,197,COMPLETED,23,Booking đã hoàn thành.,2026-08-07 18:29:00
1313,328,PAYMENT_RECEIVED,\N,Thanh toán PAY-20260817-00328 thành công.,2026-08-07 21:36:00
1314,203,CREATED,100,Booking LNR-20260812-00203 được tạo.,2026-08-08 08:00:00
1315,203,STAFF_ASSIGNED,\N,Đã phân công kỹ thuật viên #23.,2026-08-08 08:05:00
1316,410,CHECKED_IN,9,Khách đã check-in tại spa.,2026-08-08 09:23:00
1317,358,CHECKED_IN,6,Khách đã check-in tại spa.,2026-08-08 09:28:00
1318,410,SERVICE_STARTED,18,Kỹ thuật viên bắt đầu thực hiện dịch vụ.,2026-08-08 09:33:00
1319,346,CREATED,9,Booking LNR-20260821-00346 được tạo.,2026-08-08 09:45:00
1320,358,SERVICE_STARTED,20,Kỹ thuật viên bắt đầu thực hiện dịch vụ.,2026-08-08 09:48:00
1321,346,STAFF_ASSIGNED,9,Đã phân công kỹ thuật viên #11.,2026-08-08 09:50:00
1322,469,CHECKED_IN,8,Khách đã check-in tại spa.,2026-08-08 10:44:00
1323,410,COMPLETED,18,Booking đã hoàn thành.,2026-08-08 11:01:00
1324,203,PAYMENT_RECEIVED,\N,Thanh toán PAY-20260812-00203 thành công.,2026-08-08 11:05:00
1325,469,SERVICE_STARTED,23,Kỹ thuật viên bắt đầu thực hiện dịch vụ.,2026-08-08 11:08:00
1326,358,COMPLETED,20,Booking đã hoàn thành.,2026-08-08 11:48:00
1327,477,CHECKED_IN,6,Khách đã check-in tại spa.,2026-08-08 12:20:00
1328,473,CHECKED_IN,7,Khách đã check-in tại spa.,2026-08-08 12:21:00
1329,473,SERVICE_STARTED,17,Kỹ thuật viên bắt đầu thực hiện dịch vụ.,2026-08-08 12:32:00
1330,477,SERVICE_STARTED,18,Kỹ thuật viên bắt đầu thực hiện dịch vụ.,2026-08-08 12:33:00
1331,547,CREATED,163,Booking LNR-20260826-00547 được tạo.,2026-08-08 13:00:00
1332,547,STAFF_ASSIGNED,163,Đã phân công kỹ thuật viên #23.,2026-08-08 13:05:00
1333,477,COMPLETED,18,Booking đã hoàn thành.,2026-08-08 13:44:00
1334,469,COMPLETED,23,Booking đã hoàn thành.,2026-08-08 13:47:00
1335,473,COMPLETED,17,Booking đã hoàn thành.,2026-08-08 14:01:00
1336,79,CHECKED_IN,7,Khách đã check-in tại spa.,2026-08-08 14:24:00
1337,79,SERVICE_STARTED,11,Kỹ thuật viên bắt đầu thực hiện dịch vụ.,2026-08-08 14:32:00
1338,162,CHECKED_IN,7,Khách đã check-in tại spa.,2026-08-08 14:39:00
1339,162,SERVICE_STARTED,17,Kỹ thuật viên bắt đầu thực hiện dịch vụ.,2026-08-08 14:48:00
1340,79,COMPLETED,11,Booking đã hoàn thành.,2026-08-08 15:15:00
1341,162,COMPLETED,17,Booking đã hoàn thành.,2026-08-08 16:02:00
1342,346,PAYMENT_RECEIVED,\N,Thanh toán PAY-20260821-00346 thành công.,2026-08-08 16:58:00
1343,537,CREATED,8,Booking LNR-20260821-00537 được tạo.,2026-08-09 11:30:00
1344,537,STAFF_ASSIGNED,8,Đã phân công kỹ thuật viên #18.,2026-08-09 11:35:00
1345,537,EMAIL_SENT,\N,Đã gửi email xác nhận booking.,2026-08-09 11:40:00
1346,537,PAYMENT_RECEIVED,\N,Thanh toán PAY-20260821-00537 thành công.,2026-08-09 14:44:00
1347,262,CREATED,8,Booking LNR-20260827-00262 được tạo.,2026-08-10 09:15:00
1348,262,STAFF_ASSIGNED,8,Đã phân công kỹ thuật viên #23.,2026-08-10 09:20:00
1349,344,CHECKED_IN,7,Khách đã check-in tại spa.,2026-08-10 14:57:00
1350,344,SERVICE_STARTED,17,Kỹ thuật viên bắt đầu thực hiện dịch vụ.,2026-08-10 15:15:00
1351,173,CREATED,8,Booking LNR-20260824-00173 được tạo.,2026-08-10 16:15:00
1352,173,STAFF_ASSIGNED,\N,Đã phân công kỹ thuật viên #17.,2026-08-10 16:20:00
1353,173,EMAIL_SENT,\N,Đã gửi email xác nhận booking.,2026-08-10 16:25:00
1354,344,COMPLETED,17,Booking đã hoàn thành.,2026-08-10 16:28:00
1355,325,CHECKED_IN,6,Khách đã check-in tại spa.,2026-08-10 16:52:00
1356,325,SERVICE_STARTED,13,Kỹ thuật viên bắt đầu thực hiện dịch vụ.,2026-08-10 17:07:00
1357,325,COMPLETED,13,Booking đã hoàn thành.,2026-08-10 18:22:00
1358,392,CREATED,7,Booking LNR-20260827-00392 được tạo.,2026-08-11 05:15:00
1359,392,STAFF_ASSIGNED,7,Đã phân công kỹ thuật viên #22.,2026-08-11 05:20:00
1360,211,CREATED,7,Booking LNR-20260821-00211 được tạo.,2026-08-11 07:15:00
1361,211,STAFF_ASSIGNED,\N,Đã phân công kỹ thuật viên #24.,2026-08-11 07:20:00
1362,211,PAYMENT_RECEIVED,\N,Thanh toán PAY-20260821-00211 thành công.,2026-08-11 08:26:00
1363,100,CHECKED_IN,7,Khách đã check-in tại spa.,2026-08-11 09:57:00
1364,100,SERVICE_STARTED,10,Kỹ thuật viên bắt đầu thực hiện dịch vụ.,2026-08-11 10:16:00
1365,100,COMPLETED,10,Booking đã hoàn thành.,2026-08-11 11:45:00
1366,342,CHECKED_IN,8,Khách đã check-in tại spa.,2026-08-11 13:00:00
1367,342,SERVICE_STARTED,19,Kỹ thuật viên bắt đầu thực hiện dịch vụ.,2026-08-11 13:23:00
1368,189,CHECKED_IN,6,Khách đã check-in tại spa.,2026-08-11 13:58:00
1369,189,SERVICE_STARTED,12,Kỹ thuật viên bắt đầu thực hiện dịch vụ.,2026-08-11 14:16:00
1370,189,COMPLETED,12,Booking đã hoàn thành.,2026-08-11 15:13:00
1371,342,COMPLETED,19,Booking đã hoàn thành.,2026-08-11 15:18:00
1372,558,CREATED,7,Booking LNR-20260828-00558 được tạo.,2026-08-12 05:45:00
1373,587,CREATED,9,Booking LNR-20260815-00587 được tạo.,2026-08-12 05:45:00
1374,558,STAFF_ASSIGNED,\N,Đã phân công kỹ thuật viên #10.,2026-08-12 05:50:00
1375,587,STAFF_ASSIGNED,9,Đã phân công kỹ thuật viên #12.,2026-08-12 05:50:00
1376,558,EMAIL_SENT,\N,Đã gửi email xác nhận booking.,2026-08-12 05:55:00
1377,587,EMAIL_SENT,\N,Đã gửi email xác nhận booking.,2026-08-12 05:55:00
1378,558,PAYMENT_RECEIVED,\N,Thanh toán PAY-20260828-00558 thành công.,2026-08-12 07:21:00
1379,271,CHECKED_IN,8,Khách đã check-in tại spa.,2026-08-12 08:42:00
1380,271,SERVICE_STARTED,14,Kỹ thuật viên bắt đầu thực hiện dịch vụ.,2026-08-12 09:07:00
1381,271,COMPLETED,14,Booking đã hoàn thành.,2026-08-12 10:37:00
1382,203,CHECKED_IN,8,Khách đã check-in tại spa.,2026-08-12 11:17:00
1383,203,SERVICE_STARTED,23,Kỹ thuật viên bắt đầu thực hiện dịch vụ.,2026-08-12 11:37:00
1384,203,COMPLETED,23,Booking đã hoàn thành.,2026-08-12 12:31:00
1385,273,CHECKED_IN,8,Khách đã check-in tại spa.,2026-08-12 14:32:00
1386,273,SERVICE_STARTED,20,Kỹ thuật viên bắt đầu thực hiện dịch vụ.,2026-08-12 14:52:00
1387,149,CREATED,100,Booking LNR-20260828-00149 được tạo.,2026-08-12 15:00:00
1388,149,STAFF_ASSIGNED,\N,Đã phân công kỹ thuật viên #19.,2026-08-12 15:05:00
1389,149,EMAIL_SENT,\N,Đã gửi email xác nhận booking.,2026-08-12 15:10:00
1390,273,COMPLETED,20,Booking đã hoàn thành.,2026-08-12 15:46:00
1391,22,CHECKED_IN,6,Khách đã check-in tại spa.,2026-08-12 16:02:00
1392,22,SERVICE_STARTED,13,Kỹ thuật viên bắt đầu thực hiện dịch vụ.,2026-08-12 16:21:00
1393,22,COMPLETED,13,Booking đã hoàn thành.,2026-08-12 17:19:00
1394,287,CHECKED_IN,7,Khách đã check-in tại spa.,2026-08-12 17:27:00
1395,287,SERVICE_STARTED,15,Kỹ thuật viên bắt đầu thực hiện dịch vụ.,2026-08-12 17:46:00
1396,287,COMPLETED,15,Booking đã hoàn thành.,2026-08-12 18:25:00
1397,286,CREATED,6,Booking LNR-20260829-00286 được tạo.,2026-08-13 08:15:00
1398,286,STAFF_ASSIGNED,6,Đã phân công kỹ thuật viên #16.,2026-08-13 08:20:00
1399,286,PAYMENT_RECEIVED,\N,Thanh toán PAY-20260829-00286 thành công.,2026-08-13 08:33:00
1400,570,CHECKED_IN,6,Khách đã check-in tại spa.,2026-08-13 11:06:00
1401,570,SERVICE_STARTED,11,Kỹ thuật viên bắt đầu thực hiện dịch vụ.,2026-08-13 11:16:00
1402,149,PAYMENT_RECEIVED,\N,Thanh toán PAY-20260828-00149 thành công.,2026-08-13 11:19:00
1403,255,CHECKED_IN,9,Khách đã check-in tại spa.,2026-08-13 11:41:00
1404,570,COMPLETED,11,Booking đã hoàn thành.,2026-08-13 11:55:00
1405,255,SERVICE_STARTED,15,Kỹ thuật viên bắt đầu thực hiện dịch vụ.,2026-08-13 12:05:00
1406,141,CHECKED_IN,9,Khách đã check-in tại spa.,2026-08-13 12:25:00
1407,141,SERVICE_STARTED,18,Kỹ thuật viên bắt đầu thực hiện dịch vụ.,2026-08-13 12:31:00
1408,255,COMPLETED,15,Booking đã hoàn thành.,2026-08-13 12:59:00
1409,141,COMPLETED,18,Booking đã hoàn thành.,2026-08-13 13:42:00
1410,42,CREATED,6,Booking LNR-20260819-00042 được tạo.,2026-08-14 05:15:00
1411,42,STAFF_ASSIGNED,\N,Đã phân công kỹ thuật viên #23.,2026-08-14 05:20:00
1412,42,EMAIL_SENT,\N,Đã gửi email xác nhận booking.,2026-08-14 05:25:00
1413,559,CREATED,7,Booking LNR-20260819-00559 được tạo.,2026-08-14 06:15:00
1414,559,STAFF_ASSIGNED,\N,Đã phân công kỹ thuật viên #11.,2026-08-14 06:20:00
1415,559,EMAIL_SENT,\N,Đã gửi email xác nhận booking.,2026-08-14 06:25:00
1416,559,PAYMENT_RECEIVED,\N,Thanh toán PAY-20260819-00559 thành công.,2026-08-14 07:32:00
1417,281,CREATED,7,Booking LNR-20260826-00281 được tạo.,2026-08-14 08:30:00
1418,281,STAFF_ASSIGNED,7,Đã phân công kỹ thuật viên #16.,2026-08-14 08:35:00
1419,278,CHECKED_IN,8,Khách đã check-in tại spa.,2026-08-14 10:52:00
1420,92,CHECKED_IN,6,Khách đã check-in tại spa.,2026-08-14 11:05:00
1421,278,SERVICE_STARTED,17,Kỹ thuật viên bắt đầu thực hiện dịch vụ.,2026-08-14 11:06:00
1422,92,SERVICE_STARTED,21,Kỹ thuật viên bắt đầu thực hiện dịch vụ.,2026-08-14 11:18:00
1423,278,COMPLETED,17,Booking đã hoàn thành.,2026-08-14 12:35:00
1424,92,COMPLETED,21,Booking đã hoàn thành.,2026-08-14 12:43:00
1425,42,PAYMENT_RECEIVED,\N,Thanh toán PAY-20260819-00042 thành công.,2026-08-14 13:10:00
1426,150,CREATED,7,Booking LNR-20260901-00150 được tạo.,2026-08-14 15:00:00
1427,150,STAFF_ASSIGNED,\N,Đã phân công kỹ thuật viên #19.,2026-08-14 15:05:00
1428,208,CHECKED_IN,9,Khách đã check-in tại spa.,2026-08-15 09:13:00
1429,208,SERVICE_STARTED,20,Kỹ thuật viên bắt đầu thực hiện dịch vụ.,2026-08-15 09:36:00
1430,525,CREATED,8,Booking LNR-20260821-00525 được tạo.,2026-08-15 10:15:00
1431,525,STAFF_ASSIGNED,\N,Đã phân công kỹ thuật viên #12.,2026-08-15 10:20:00
1432,525,EMAIL_SENT,\N,Đã gửi email xác nhận booking.,2026-08-15 10:25:00
1433,208,COMPLETED,20,Booking đã hoàn thành.,2026-08-15 10:46:00
1434,587,CHECKED_IN,8,Khách đã check-in tại spa.,2026-08-15 10:49:00
1435,587,SERVICE_STARTED,12,Kỹ thuật viên bắt đầu thực hiện dịch vụ.,2026-08-15 11:02:00
1436,525,PAYMENT_RECEIVED,\N,Thanh toán PAY-20260821-00525 thành công.,2026-08-15 11:25:00
1437,587,COMPLETED,12,Booking đã hoàn thành.,2026-08-15 12:28:00
1438,373,CREATED,7,Booking LNR-20260901-00373 được tạo.,2026-08-15 13:45:00
1439,373,STAFF_ASSIGNED,7,Đã phân công kỹ thuật viên #15.,2026-08-15 13:50:00
1440,373,PAYMENT_RECEIVED,\N,Thanh toán PAY-20260901-00373 thành công.,2026-08-15 14:00:00
1441,503,CREATED,7,Booking LNR-20260831-00503 được tạo.,2026-08-15 14:15:00
1442,503,STAFF_ASSIGNED,\N,Đã phân công kỹ thuật viên #21.,2026-08-15 14:20:00
1443,503,PAYMENT_RECEIVED,\N,Thanh toán PAY-20260831-00503 thành công.,2026-08-15 14:29:00
1444,179,CREATED,9,Booking LNR-20260901-00179 được tạo.,2026-08-16 09:30:00
1445,179,STAFF_ASSIGNED,\N,Đã phân công kỹ thuật viên #15.,2026-08-16 09:35:00
1446,179,EMAIL_SENT,\N,Đã gửi email xác nhận booking.,2026-08-16 09:40:00
1447,233,CREATED,143,Booking LNR-20260825-00233 được tạo.,2026-08-16 11:15:00
1448,233,STAFF_ASSIGNED,\N,Đã phân công kỹ thuật viên #18.,2026-08-16 11:20:00
1449,179,PAYMENT_RECEIVED,\N,Thanh toán PAY-20260901-00179 thành công.,2026-08-16 11:21:00
1450,366,CREATED,7,Booking LNR-20260905-00366 được tạo.,2026-08-17 06:30:00
1451,366,STAFF_ASSIGNED,\N,Đã phân công kỹ thuật viên #23.,2026-08-17 06:35:00
1452,215,CHECKED_IN,8,Khách đã check-in tại spa.,2026-08-17 09:43:00
1453,215,SERVICE_STARTED,17,Kỹ thuật viên bắt đầu thực hiện dịch vụ.,2026-08-17 10:04:00
1454,515,CREATED,9,Booking LNR-20260819-00515 được tạo.,2026-08-17 11:00:00
1455,515,STAFF_ASSIGNED,\N,Đã phân công kỹ thuật viên #11.,2026-08-17 11:05:00
1456,215,COMPLETED,17,Booking đã hoàn thành.,2026-08-17 12:04:00
1457,429,CREATED,6,Booking LNR-20260831-00429 được tạo.,2026-08-17 13:45:00
1458,429,STAFF_ASSIGNED,6,Đã phân công kỹ thuật viên #15.,2026-08-17 13:50:00
1459,366,PAYMENT_RECEIVED,\N,Thanh toán PAY-20260905-00366 thành công.,2026-08-17 14:14:00
1460,328,CHECKED_IN,9,Khách đã check-in tại spa.,2026-08-17 15:15:00
1461,328,SERVICE_STARTED,17,Kỹ thuật viên bắt đầu thực hiện dịch vụ.,2026-08-17 15:30:00
1462,328,COMPLETED,17,Booking đã hoàn thành.,2026-08-17 16:41:00
1463,91,CREATED,91,Booking LNR-20260902-00091 được tạo.,2026-08-18 05:00:00
1464,91,STAFF_ASSIGNED,\N,Đã phân công kỹ thuật viên #10.,2026-08-18 05:05:00
1465,140,CREATED,138,Booking LNR-20260829-00140 được tạo.,2026-08-18 09:15:00
1466,140,STAFF_ASSIGNED,\N,Đã phân công kỹ thuật viên #23.,2026-08-18 09:20:00
1467,140,EMAIL_SENT,\N,Đã gửi email xác nhận booking.,2026-08-18 09:25:00
1468,472,CREATED,171,Booking LNR-20260821-00472 được tạo.,2026-08-18 09:30:00
1469,472,STAFF_ASSIGNED,\N,Đã phân công kỹ thuật viên #16.,2026-08-18 09:35:00
1470,538,CREATED,9,Booking LNR-20260825-00538 được tạo.,2026-08-18 11:45:00
1471,538,STAFF_ASSIGNED,\N,Đã phân công kỹ thuật viên #12.,2026-08-18 11:50:00
1472,472,PAYMENT_RECEIVED,\N,Thanh toán PAY-20260821-00472 thành công.,2026-08-18 13:10:00
1473,538,PAYMENT_RECEIVED,\N,Thanh toán PAY-20260825-00538 thành công.,2026-08-18 15:34:00
1474,157,CREATED,8,Booking LNR-20260827-00157 được tạo.,2026-08-18 16:00:00
1475,157,STAFF_ASSIGNED,8,Đã phân công kỹ thuật viên #21.,2026-08-18 16:05:00
1476,140,PAYMENT_RECEIVED,\N,Thanh toán PAY-20260829-00140 thành công.,2026-08-18 17:10:00
1477,42,CHECKED_IN,9,Khách đã check-in tại spa.,2026-08-19 10:24:00
1478,42,SERVICE_STARTED,23,Kỹ thuật viên bắt đầu thực hiện dịch vụ.,2026-08-19 10:31:00
1479,559,CHECKED_IN,8,Khách đã check-in tại spa.,2026-08-19 10:47:00
1480,559,SERVICE_STARTED,11,Kỹ thuật viên bắt đầu thực hiện dịch vụ.,2026-08-19 11:01:00
1481,347,CHECKED_IN,6,Khách đã check-in tại spa.,2026-08-19 11:10:00
1482,347,SERVICE_STARTED,13,Kỹ thuật viên bắt đầu thực hiện dịch vụ.,2026-08-19 11:23:00
1483,42,COMPLETED,23,Booking đã hoàn thành.,2026-08-19 11:45:00
1484,47,CHECKED_IN,6,Khách đã check-in tại spa.,2026-08-19 11:57:00
1485,559,COMPLETED,11,Booking đã hoàn thành.,2026-08-19 12:16:00
1486,47,SERVICE_STARTED,17,Kỹ thuật viên bắt đầu thực hiện dịch vụ.,2026-08-19 12:18:00
1487,347,COMPLETED,13,Booking đã hoàn thành.,2026-08-19 12:51:00
1488,47,COMPLETED,17,Booking đã hoàn thành.,2026-08-19 13:44:00
1489,513,CHECKED_IN,8,Khách đã check-in tại spa.,2026-08-19 14:00:00
1490,513,SERVICE_STARTED,11,Kỹ thuật viên bắt đầu thực hiện dịch vụ.,2026-08-19 14:21:00
1491,581,CHECKED_IN,8,Khách đã check-in tại spa.,2026-08-19 15:49:00
1492,513,COMPLETED,11,Booking đã hoàn thành.,2026-08-19 16:00:00
1493,581,SERVICE_STARTED,21,Kỹ thuật viên bắt đầu thực hiện dịch vụ.,2026-08-19 16:06:00
1494,581,COMPLETED,21,Booking đã hoàn thành.,2026-08-19 17:04:00
1495,515,CHECKED_IN,6,Khách đã check-in tại spa.,2026-08-19 17:12:00
1496,515,SERVICE_STARTED,11,Kỹ thuật viên bắt đầu thực hiện dịch vụ.,2026-08-19 17:37:00
1497,515,COMPLETED,11,Booking đã hoàn thành.,2026-08-19 18:31:00
1498,495,CREATED,40,Booking LNR-20260826-00495 được tạo.,2026-08-20 10:45:00
1499,495,STAFF_ASSIGNED,\N,Đã phân công kỹ thuật viên #22.,2026-08-20 10:50:00
1500,495,PAYMENT_RECEIVED,\N,Thanh toán PAY-20260826-00495 thành công.,2026-08-20 11:13:00
1501,194,CREATED,7,Booking LNR-20260904-00194 được tạo.,2026-08-20 12:15:00
1502,194,STAFF_ASSIGNED,\N,Đã phân công kỹ thuật viên #12.,2026-08-20 12:20:00
1503,194,EMAIL_SENT,\N,Đã gửi email xác nhận booking.,2026-08-20 12:25:00
1504,194,PAYMENT_RECEIVED,\N,Thanh toán PAY-20260904-00194 thành công.,2026-08-20 13:25:00
1505,545,CHECKED_IN,8,Khách đã check-in tại spa.,2026-08-20 15:20:00
1506,545,SERVICE_STARTED,23,Kỹ thuật viên bắt đầu thực hiện dịch vụ.,2026-08-20 15:36:00
1507,545,COMPLETED,23,Booking đã hoàn thành.,2026-08-20 17:03:00
1508,34,CREATED,7,Booking LNR-20260915-00034 được tạo.,2026-08-21 06:00:00
1509,34,STAFF_ASSIGNED,\N,Đã phân công kỹ thuật viên #15.,2026-08-21 06:05:00
1510,34,EMAIL_SENT,\N,Đã gửi email xác nhận booking.,2026-08-21 06:10:00
1511,34,PAYMENT_RECEIVED,\N,Thanh toán PAY-20260915-00034 thành công.,2026-08-21 06:21:00
1512,211,CHECKED_IN,7,Khách đã check-in tại spa.,2026-08-21 09:35:00
1513,21,CREATED,8,Booking LNR-20260901-00021 được tạo.,2026-08-21 09:45:00
1514,527,CREATED,6,Booking LNR-20260901-00527 được tạo.,2026-08-21 09:45:00
1515,21,STAFF_ASSIGNED,\N,Đã phân công kỹ thuật viên #21.,2026-08-21 09:50:00
1516,527,STAFF_ASSIGNED,6,Đã phân công kỹ thuật viên #16.,2026-08-21 09:50:00
1517,211,SERVICE_STARTED,24,Kỹ thuật viên bắt đầu thực hiện dịch vụ.,2026-08-21 09:51:00
1518,21,EMAIL_SENT,\N,Đã gửi email xác nhận booking.,2026-08-21 09:55:00
1519,527,PAYMENT_RECEIVED,\N,Thanh toán PAY-20260901-00527 thành công.,2026-08-21 10:13:00
1520,346,CHECKED_IN,8,Khách đã check-in tại spa.,2026-08-21 10:47:00
1521,472,CHECKED_IN,6,Khách đã check-in tại spa.,2026-08-21 10:52:00
1522,472,SERVICE_STARTED,16,Kỹ thuật viên bắt đầu thực hiện dịch vụ.,2026-08-21 11:00:00
1523,346,SERVICE_STARTED,11,Kỹ thuật viên bắt đầu thực hiện dịch vụ.,2026-08-21 11:04:00
1524,472,COMPLETED,16,Booking đã hoàn thành.,2026-08-21 12:26:00
1525,525,CHECKED_IN,7,Khách đã check-in tại spa.,2026-08-21 12:44:00
1526,211,COMPLETED,24,Booking đã hoàn thành.,2026-08-21 12:49:00
1527,525,SERVICE_STARTED,12,Kỹ thuật viên bắt đầu thực hiện dịch vụ.,2026-08-21 13:07:00
1528,346,COMPLETED,11,Booking đã hoàn thành.,2026-08-21 13:30:00
1529,541,CREATED,6,Booking LNR-20260828-00541 được tạo.,2026-08-21 14:15:00
1530,541,STAFF_ASSIGNED,\N,Đã phân công kỹ thuật viên #15.,2026-08-21 14:20:00
1531,541,EMAIL_SENT,\N,Đã gửi email xác nhận booking.,2026-08-21 14:25:00
1532,525,COMPLETED,12,Booking đã hoàn thành.,2026-08-21 14:33:00
1533,541,PAYMENT_RECEIVED,\N,Thanh toán PAY-20260828-00541 thành công.,2026-08-21 14:43:00
1534,204,CREATED,7,Booking LNR-20260903-00204 được tạo.,2026-08-21 16:15:00
1535,537,CHECKED_IN,7,Khách đã check-in tại spa.,2026-08-21 16:17:00
1536,204,STAFF_ASSIGNED,7,Đã phân công kỹ thuật viên #15.,2026-08-21 16:20:00
1537,537,SERVICE_STARTED,18,Kỹ thuật viên bắt đầu thực hiện dịch vụ.,2026-08-21 16:31:00
1538,537,COMPLETED,18,Booking đã hoàn thành.,2026-08-21 17:59:00
1539,39,CREATED,7,Booking LNR-20260904-00039 được tạo.,2026-08-22 07:30:00
1540,39,STAFF_ASSIGNED,7,Đã phân công kỹ thuật viên #18.,2026-08-22 07:35:00
1541,39,EMAIL_SENT,\N,Đã gửi email xác nhận booking.,2026-08-22 07:40:00
1542,448,CREATED,8,Booking LNR-20260915-00448 được tạo.,2026-08-22 08:15:00
1543,448,STAFF_ASSIGNED,\N,Đã phân công kỹ thuật viên #19.,2026-08-22 08:20:00
1544,448,EMAIL_SENT,\N,Đã gửi email xác nhận booking.,2026-08-22 08:25:00
1545,113,CREATED,146,Booking LNR-20260915-00113 được tạo.,2026-08-22 08:45:00
1546,113,STAFF_ASSIGNED,\N,Đã phân công kỹ thuật viên #14.,2026-08-22 08:50:00
1547,433,CREATED,6,Booking LNR-20260904-00433 được tạo.,2026-08-22 12:30:00
1548,433,STAFF_ASSIGNED,\N,Đã phân công kỹ thuật viên #24.,2026-08-22 12:35:00
1549,439,CREATED,7,Booking LNR-20260826-00439 được tạo.,2026-08-22 14:30:00
1550,439,STAFF_ASSIGNED,\N,Đã phân công kỹ thuật viên #11.,2026-08-22 14:35:00
1551,39,PAYMENT_RECEIVED,\N,Thanh toán PAY-20260904-00039 thành công.,2026-08-22 15:11:00
1552,439,PAYMENT_RECEIVED,\N,Thanh toán PAY-20260826-00439 thành công.,2026-08-22 17:58:00
1553,83,CREATED,43,Booking LNR-20260831-00083 được tạo.,2026-08-23 05:45:00
1554,83,STAFF_ASSIGNED,\N,Đã phân công kỹ thuật viên #13.,2026-08-23 05:50:00
1555,463,CREATED,8,Booking LNR-20260903-00463 được tạo.,2026-08-23 10:15:00
1556,463,STAFF_ASSIGNED,\N,Đã phân công kỹ thuật viên #16.,2026-08-23 10:20:00
1557,463,EMAIL_SENT,\N,Đã gửi email xác nhận booking.,2026-08-23 10:25:00
1558,551,CREATED,6,Booking LNR-20260827-00551 được tạo.,2026-08-24 09:15:00
1559,551,STAFF_ASSIGNED,6,Đã phân công kỹ thuật viên #12.,2026-08-24 09:20:00
1560,186,CREATED,6,Booking LNR-20260915-00186 được tạo.,2026-08-24 09:30:00
1561,186,STAFF_ASSIGNED,\N,Đã phân công kỹ thuật viên #12.,2026-08-24 09:35:00
1562,2,CREATED,8,Booking LNR-20260905-00002 được tạo.,2026-08-24 10:00:00
1563,2,STAFF_ASSIGNED,8,Đã phân công kỹ thuật viên #23.,2026-08-24 10:05:00
1564,71,CREATED,95,Booking LNR-20260902-00071 được tạo.,2026-08-24 10:15:00
1565,205,CREATED,7,Booking LNR-20260904-00205 được tạo.,2026-08-24 10:15:00
1566,71,STAFF_ASSIGNED,\N,Đã phân công kỹ thuật viên #11.,2026-08-24 10:20:00
1567,205,STAFF_ASSIGNED,7,Đã phân công kỹ thuật viên #19.,2026-08-24 10:20:00
1568,2,PAYMENT_RECEIVED,\N,Thanh toán PAY-20260905-00002 thành công.,2026-08-24 10:55:00
1569,186,PAYMENT_RECEIVED,\N,Thanh toán PAY-20260915-00186 thành công.,2026-08-24 11:04:00
1570,31,CREATED,8,Booking LNR-20260911-00031 được tạo.,2026-08-24 12:30:00
1571,31,STAFF_ASSIGNED,\N,Đã phân công kỹ thuật viên #24.,2026-08-24 12:35:00
1572,31,EMAIL_SENT,\N,Đã gửi email xác nhận booking.,2026-08-24 12:40:00
1573,65,CREATED,6,Booking LNR-20260905-00065 được tạo.,2026-08-24 12:45:00
1574,65,STAFF_ASSIGNED,\N,Đã phân công kỹ thuật viên #13.,2026-08-24 12:50:00
1575,71,PAYMENT_RECEIVED,\N,Thanh toán PAY-20260902-00071 thành công.,2026-08-24 13:25:00
1576,209,CREATED,95,Booking LNR-20260908-00209 được tạo.,2026-08-24 13:30:00
1577,209,STAFF_ASSIGNED,95,Đã phân công kỹ thuật viên #16.,2026-08-24 13:35:00
1578,205,PAYMENT_RECEIVED,\N,Thanh toán PAY-20260904-00205 thành công.,2026-08-24 14:01:00
1579,552,CREATED,33,Booking LNR-20260908-00552 được tạo.,2026-08-24 16:15:00
1580,552,STAFF_ASSIGNED,\N,Đã phân công kỹ thuật viên #24.,2026-08-24 16:20:00
1581,173,CHECKED_IN,6,Khách đã check-in tại spa.,2026-08-24 17:04:00
1582,173,SERVICE_STARTED,17,Kỹ thuật viên bắt đầu thực hiện dịch vụ.,2026-08-24 17:22:00
1583,173,COMPLETED,17,Booking đã hoàn thành.,2026-08-24 18:34:00
1584,552,PAYMENT_RECEIVED,\N,Thanh toán PAY-20260908-00552 thành công.,2026-08-24 19:35:00
1585,31,PAYMENT_RECEIVED,\N,Thanh toán PAY-20260911-00031 thành công.,2026-08-24 19:45:00
1586,272,CREATED,47,Booking LNR-20260827-00272 được tạo.,2026-08-25 07:45:00
1587,272,STAFF_ASSIGNED,\N,Đã phân công kỹ thuật viên #23.,2026-08-25 07:50:00
1588,72,CREATED,115,Booking LNR-20260905-00072 được tạo.,2026-08-25 09:15:00
1589,72,STAFF_ASSIGNED,\N,Đã phân công kỹ thuật viên #19.,2026-08-25 09:20:00
1590,350,CREATED,34,Booking LNR-20260915-00350 được tạo.,2026-08-25 09:45:00
1591,350,STAFF_ASSIGNED,34,Đã phân công kỹ thuật viên #15.,2026-08-25 09:50:00
1592,283,CREATED,131,Booking LNR-20260918-00283 được tạo.,2026-08-25 10:00:00
1593,283,STAFF_ASSIGNED,\N,Đã phân công kỹ thuật viên #10.,2026-08-25 10:05:00
1594,130,CREATED,99,Booking LNR-20260901-00130 được tạo.,2026-08-25 10:15:00
1595,130,STAFF_ASSIGNED,\N,Đã phân công kỹ thuật viên #13.,2026-08-25 10:20:00
1596,283,PAYMENT_RECEIVED,\N,Thanh toán PAY-20260918-00283 thành công.,2026-08-25 11:45:00
1597,233,CHECKED_IN,6,Khách đã check-in tại spa.,2026-08-25 14:18:00
1598,233,SERVICE_STARTED,18,Kỹ thuật viên bắt đầu thực hiện dịch vụ.,2026-08-25 14:38:00
1599,233,COMPLETED,18,Booking đã hoàn thành.,2026-08-25 16:05:00
1600,538,CHECKED_IN,8,Khách đã check-in tại spa.,2026-08-25 16:14:00
1601,538,SERVICE_STARTED,12,Kỹ thuật viên bắt đầu thực hiện dịch vụ.,2026-08-25 16:35:00
1602,538,COMPLETED,12,Booking đã hoàn thành.,2026-08-25 18:04:00
1603,134,CREATED,8,Booking LNR-20260903-00134 được tạo.,2026-08-26 04:30:00
1604,134,STAFF_ASSIGNED,\N,Đã phân công kỹ thuật viên #12.,2026-08-26 04:35:00
1605,72,PAYMENT_RECEIVED,\N,Thanh toán PAY-20260905-00072 thành công.,2026-08-26 05:33:00
1606,134,PAYMENT_RECEIVED,\N,Thanh toán PAY-20260903-00134 thành công.,2026-08-26 05:34:00
1607,337,CREATED,9,Booking LNR-20260901-00337 được tạo.,2026-08-26 08:15:00
1608,337,STAFF_ASSIGNED,\N,Đã phân công kỹ thuật viên #24.,2026-08-26 08:20:00
1609,147,CREATED,7,Booking LNR-20260901-00147 được tạo.,2026-08-26 09:00:00
1610,147,STAFF_ASSIGNED,\N,Đã phân công kỹ thuật viên #20.,2026-08-26 09:05:00
1611,147,EMAIL_SENT,\N,Đã gửi email xác nhận booking.,2026-08-26 09:10:00
1612,201,CREATED,8,Booking LNR-20260909-00201 được tạo.,2026-08-26 09:30:00
1613,201,STAFF_ASSIGNED,8,Đã phân công kỹ thuật viên #20.,2026-08-26 09:35:00
1614,201,EMAIL_SENT,\N,Đã gửi email xác nhận booking.,2026-08-26 09:40:00
1615,281,CHECKED_IN,9,Khách đã check-in tại spa.,2026-08-26 10:19:00
1616,281,SERVICE_STARTED,16,Kỹ thuật viên bắt đầu thực hiện dịch vụ.,2026-08-26 10:35:00
1617,405,CREATED,51,Booking LNR-20260902-00405 được tạo.,2026-08-26 11:00:00
1618,405,STAFF_ASSIGNED,\N,Đã phân công kỹ thuật viên #10.,2026-08-26 11:05:00
1619,281,COMPLETED,16,Booking đã hoàn thành.,2026-08-26 11:44:00
1620,547,CHECKED_IN,7,Khách đã check-in tại spa.,2026-08-26 13:51:00
1621,547,SERVICE_STARTED,23,Kỹ thuật viên bắt đầu thực hiện dịch vụ.,2026-08-26 14:07:00
1622,547,COMPLETED,23,Booking đã hoàn thành.,2026-08-26 15:07:00
1623,495,CHECKED_IN,6,Khách đã check-in tại spa.,2026-08-26 15:12:00
1624,337,PAYMENT_RECEIVED,\N,Thanh toán PAY-20260901-00337 thành công.,2026-08-26 15:26:00
1625,495,SERVICE_STARTED,22,Kỹ thuật viên bắt đầu thực hiện dịch vụ.,2026-08-26 15:36:00
1626,439,CHECKED_IN,7,Khách đã check-in tại spa.,2026-08-26 15:53:00
1627,439,SERVICE_STARTED,11,Kỹ thuật viên bắt đầu thực hiện dịch vụ.,2026-08-26 16:07:00
1628,495,COMPLETED,22,Booking đã hoàn thành.,2026-08-26 17:34:00
1629,439,COMPLETED,11,Booking đã hoàn thành.,2026-08-26 18:46:00
1630,514,CREATED,9,Booking LNR-20260915-00514 được tạo.,2026-08-27 03:00:00
1631,514,STAFF_ASSIGNED,9,Đã phân công kỹ thuật viên #16.,2026-08-27 03:05:00
1632,200,CREATED,8,Booking LNR-20260831-00200 được tạo.,2026-08-27 05:30:00
1633,259,CREATED,6,Booking LNR-20260915-00259 được tạo.,2026-08-27 05:30:00
1634,147,PAYMENT_RECEIVED,\N,Thanh toán PAY-20260901-00147 thành công.,2026-08-27 05:33:00
1635,200,STAFF_ASSIGNED,\N,Đã phân công kỹ thuật viên #17.,2026-08-27 05:35:00
1636,259,STAFF_ASSIGNED,6,Đã phân công kỹ thuật viên #12.,2026-08-27 05:35:00
1637,201,PAYMENT_RECEIVED,\N,Thanh toán PAY-20260909-00201 thành công.,2026-08-27 06:06:00
1638,514,PAYMENT_RECEIVED,\N,Thanh toán PAY-20260915-00514 thành công.,2026-08-27 06:36:00
1639,405,PAYMENT_RECEIVED,\N,Thanh toán PAY-20260902-00405 thành công.,2026-08-27 07:18:00
1640,392,CHECKED_IN,6,Khách đã check-in tại spa.,2026-08-27 10:38:00
1641,392,SERVICE_STARTED,22,Kỹ thuật viên bắt đầu thực hiện dịch vụ.,2026-08-27 10:48:00
1642,262,CHECKED_IN,8,Khách đã check-in tại spa.,2026-08-27 11:12:00
1643,262,SERVICE_STARTED,23,Kỹ thuật viên bắt đầu thực hiện dịch vụ.,2026-08-27 11:32:00
1644,507,CREATED,156,Booking LNR-20260921-00507 được tạo.,2026-08-27 12:30:00
1645,507,STAFF_ASSIGNED,\N,Đã phân công kỹ thuật viên #12.,2026-08-27 12:35:00
1646,392,COMPLETED,22,Booking đã hoàn thành.,2026-08-27 12:44:00
1647,551,CHECKED_IN,6,Khách đã check-in tại spa.,2026-08-27 12:53:00
1648,262,COMPLETED,23,Booking đã hoàn thành.,2026-08-27 12:56:00
1649,551,SERVICE_STARTED,12,Kỹ thuật viên bắt đầu thực hiện dịch vụ.,2026-08-27 13:03:00
1650,272,CHECKED_IN,7,Khách đã check-in tại spa.,2026-08-27 13:53:00
1651,272,SERVICE_STARTED,23,Kỹ thuật viên bắt đầu thực hiện dịch vụ.,2026-08-27 14:00:00
1652,551,COMPLETED,12,Booking đã hoàn thành.,2026-08-27 14:29:00
1653,272,COMPLETED,23,Booking đã hoàn thành.,2026-08-27 15:26:00
1654,157,CHECKED_IN,9,Khách đã check-in tại spa.,2026-08-27 16:08:00
1655,157,SERVICE_STARTED,21,Kỹ thuật viên bắt đầu thực hiện dịch vụ.,2026-08-27 16:19:00
1656,157,COMPLETED,21,Booking đã hoàn thành.,2026-08-27 17:45:00
1657,338,CREATED,165,Booking LNR-20260915-00338 được tạo.,2026-08-28 07:45:00
1658,338,STAFF_ASSIGNED,165,Đã phân công kỹ thuật viên #16.,2026-08-28 07:50:00
1659,549,CREATED,9,Booking LNR-20260903-00549 được tạo.,2026-08-28 08:30:00
1660,549,STAFF_ASSIGNED,9,Đã phân công kỹ thuật viên #23.,2026-08-28 08:35:00
1661,549,EMAIL_SENT,\N,Đã gửi email xác nhận booking.,2026-08-28 08:40:00
1662,558,CHECKED_IN,6,Khách đã check-in tại spa.,2026-08-28 10:47:00
1663,558,SERVICE_STARTED,10,Kỹ thuật viên bắt đầu thực hiện dịch vụ.,2026-08-28 11:08:00
1664,135,CREATED,119,Booking LNR-20260905-00135 được tạo.,2026-08-28 11:15:00
1665,135,STAFF_ASSIGNED,119,Đã phân công kỹ thuật viên #17.,2026-08-28 11:20:00
1666,135,EMAIL_SENT,\N,Đã gửi email xác nhận booking.,2026-08-28 11:25:00
1667,558,COMPLETED,10,Booking đã hoàn thành.,2026-08-28 12:23:00
1668,135,PAYMENT_RECEIVED,\N,Thanh toán PAY-20260905-00135 thành công.,2026-08-28 14:42:00
1669,149,CHECKED_IN,6,Khách đã check-in tại spa.,2026-08-28 15:05:00
1670,149,SERVICE_STARTED,19,Kỹ thuật viên bắt đầu thực hiện dịch vụ.,2026-08-28 15:23:00
1671,541,CHECKED_IN,7,Khách đã check-in tại spa.,2026-08-28 16:17:00
1672,541,SERVICE_STARTED,15,Kỹ thuật viên bắt đầu thực hiện dịch vụ.,2026-08-28 16:35:00
1673,541,COMPLETED,15,Booking đã hoàn thành.,2026-08-28 17:50:00
1674,149,COMPLETED,19,Booking đã hoàn thành.,2026-08-28 18:08:00
1675,549,PAYMENT_RECEIVED,\N,Thanh toán PAY-20260903-00549 thành công.,2026-08-29 05:15:00
1676,159,CREATED,97,Booking LNR-20260907-00159 được tạo.,2026-08-29 07:00:00
1677,159,STAFF_ASSIGNED,97,Đã phân công kỹ thuật viên #21.,2026-08-29 07:05:00
1678,159,PAYMENT_RECEIVED,\N,Thanh toán PAY-20260907-00159 thành công.,2026-08-29 08:09:00
1679,133,CREATED,6,Booking LNR-20260917-00133 được tạo.,2026-08-29 08:45:00
1680,133,STAFF_ASSIGNED,6,Đã phân công kỹ thuật viên #22.,2026-08-29 08:50:00
1681,133,PAYMENT_RECEIVED,\N,Thanh toán PAY-20260917-00133 thành công.,2026-08-29 08:58:00
1682,286,CHECKED_IN,8,Khách đã check-in tại spa.,2026-08-29 09:44:00
1683,140,CHECKED_IN,8,Khách đã check-in tại spa.,2026-08-29 09:52:00
1684,140,SERVICE_STARTED,23,Kỹ thuật viên bắt đầu thực hiện dịch vụ.,2026-08-29 10:01:00
1685,286,SERVICE_STARTED,16,Kỹ thuật viên bắt đầu thực hiện dịch vụ.,2026-08-29 10:04:00
1686,140,COMPLETED,23,Booking đã hoàn thành.,2026-08-29 11:57:00
1687,286,COMPLETED,16,Booking đã hoàn thành.,2026-08-29 13:01:00
1688,216,CREATED,6,Booking LNR-20260912-00216 được tạo.,2026-08-30 11:45:00
1689,216,STAFF_ASSIGNED,\N,Đã phân công kỹ thuật viên #17.,2026-08-30 11:50:00
1690,533,CREATED,8,Booking LNR-20260915-00533 được tạo.,2026-08-31 03:15:00
1691,533,STAFF_ASSIGNED,8,Đã phân công kỹ thuật viên #18.,2026-08-31 03:20:00
1692,533,EMAIL_SENT,\N,Đã gửi email xác nhận booking.,2026-08-31 03:25:00
1693,568,CREATED,6,Booking LNR-20260924-00568 được tạo.,2026-08-31 08:00:00
1694,568,STAFF_ASSIGNED,6,Đã phân công kỹ thuật viên #21.,2026-08-31 08:05:00
1695,568,PAYMENT_RECEIVED,\N,Thanh toán PAY-20260924-00568 thành công.,2026-08-31 09:18:00
1696,407,CREATED,47,Booking LNR-20260924-00407 được tạo.,2026-08-31 09:45:00
1697,407,STAFF_ASSIGNED,\N,Đã phân công kỹ thuật viên #10.,2026-08-31 09:50:00
1698,200,CHECKED_IN,9,Khách đã check-in tại spa.,2026-08-31 09:58:00
1699,200,SERVICE_STARTED,17,Kỹ thuật viên bắt đầu thực hiện dịch vụ.,2026-08-31 10:17:00
1700,583,CREATED,7,Booking LNR-20260905-00583 được tạo.,2026-08-31 11:00:00
1701,583,STAFF_ASSIGNED,7,Đã phân công kỹ thuật viên #13.,2026-08-31 11:05:00
1702,583,EMAIL_SENT,\N,Đã gửi email xác nhận booking.,2026-08-31 11:10:00
1703,200,COMPLETED,17,Booking đã hoàn thành.,2026-08-31 11:32:00
1704,83,CHECKED_IN,7,Khách đã check-in tại spa.,2026-08-31 12:05:00
1705,83,SERVICE_STARTED,13,Kỹ thuật viên bắt đầu thực hiện dịch vụ.,2026-08-31 12:17:00
1706,583,PAYMENT_RECEIVED,\N,Thanh toán PAY-20260905-00583 thành công.,2026-08-31 12:55:00
1707,83,COMPLETED,13,Booking đã hoàn thành.,2026-08-31 12:56:00
1708,429,CHECKED_IN,6,Khách đã check-in tại spa.,2026-08-31 14:19:00
1709,429,SERVICE_STARTED,15,Kỹ thuật viên bắt đầu thực hiện dịch vụ.,2026-08-31 14:35:00
1710,503,CHECKED_IN,8,Khách đã check-in tại spa.,2026-08-31 15:05:00
1711,503,SERVICE_STARTED,21,Kỹ thuật viên bắt đầu thực hiện dịch vụ.,2026-08-31 15:19:00
1712,429,COMPLETED,15,Booking đã hoàn thành.,2026-08-31 15:31:00
1713,503,COMPLETED,21,Booking đã hoàn thành.,2026-08-31 16:00:00
1714,279,CREATED,6,Booking LNR-20260916-00279 được tạo.,2026-08-31 17:00:00
1715,279,STAFF_ASSIGNED,\N,Đã phân công kỹ thuật viên #17.,2026-08-31 17:05:00
1716,279,EMAIL_SENT,\N,Đã gửi email xác nhận booking.,2026-08-31 17:10:00
1717,14,CREATED,141,Booking LNR-20260915-00014 được tạo.,2026-09-01 05:00:00
1718,234,CREATED,9,Booking LNR-20260905-00234 được tạo.,2026-09-01 05:00:00
1719,14,STAFF_ASSIGNED,\N,Đã phân công kỹ thuật viên #10.,2026-09-01 05:05:00
1720,234,STAFF_ASSIGNED,9,Đã phân công kỹ thuật viên #24.,2026-09-01 05:05:00
1721,234,EMAIL_SENT,\N,Đã gửi email xác nhận booking.,2026-09-01 05:10:00
1722,460,CREATED,7,Booking LNR-20260915-00460 được tạo.,2026-09-01 05:30:00
1723,460,STAFF_ASSIGNED,\N,Đã phân công kỹ thuật viên #21.,2026-09-01 05:35:00
1724,460,EMAIL_SENT,\N,Đã gửi email xác nhận booking.,2026-09-01 05:40:00
1725,234,PAYMENT_RECEIVED,\N,Thanh toán PAY-20260905-00234 thành công.,2026-09-01 06:53:00
1726,56,CREATED,125,Booking LNR-20260918-00056 được tạo.,2026-09-01 07:15:00
1727,56,STAFF_ASSIGNED,\N,Đã phân công kỹ thuật viên #24.,2026-09-01 07:20:00
1728,56,EMAIL_SENT,\N,Đã gửi email xác nhận booking.,2026-09-01 07:25:00
1729,6,CREATED,71,Booking LNR-20260915-00006 được tạo.,2026-09-01 09:30:00
1730,6,STAFF_ASSIGNED,\N,Đã phân công kỹ thuật viên #24.,2026-09-01 09:35:00
1731,318,CREATED,6,Booking LNR-20260907-00318 được tạo.,2026-09-01 10:45:00
1732,318,STAFF_ASSIGNED,\N,Đã phân công kỹ thuật viên #19.,2026-09-01 10:50:00
1733,337,CHECKED_IN,6,Khách đã check-in tại spa.,2026-09-01 10:53:00
1734,6,PAYMENT_RECEIVED,\N,Thanh toán PAY-20260915-00006 thành công.,2026-09-01 10:58:00
1735,130,CHECKED_IN,9,Khách đã check-in tại spa.,2026-09-01 11:01:00
1736,337,SERVICE_STARTED,24,Kỹ thuật viên bắt đầu thực hiện dịch vụ.,2026-09-01 11:01:00
1737,130,SERVICE_STARTED,13,Kỹ thuật viên bắt đầu thực hiện dịch vụ.,2026-09-01 11:15:00
1738,462,CREATED,7,Booking LNR-20260907-00462 được tạo.,2026-09-01 11:15:00
1739,462,STAFF_ASSIGNED,\N,Đã phân công kỹ thuật viên #23.,2026-09-01 11:20:00
1740,462,EMAIL_SENT,\N,Đã gửi email xác nhận booking.,2026-09-01 11:25:00
1741,403,CREATED,8,Booking LNR-20260909-00403 được tạo.,2026-09-01 11:45:00
1742,403,STAFF_ASSIGNED,8,Đã phân công kỹ thuật viên #17.,2026-09-01 11:50:00
1743,462,PAYMENT_RECEIVED,\N,Thanh toán PAY-20260907-00462 thành công.,2026-09-01 12:06:00
1744,130,COMPLETED,13,Booking đã hoàn thành.,2026-09-01 12:14:00
1745,231,CREATED,8,Booking LNR-20260915-00231 được tạo.,2026-09-01 12:15:00
1746,231,STAFF_ASSIGNED,8,Đã phân công kỹ thuật viên #13.,2026-09-01 12:20:00
1747,337,COMPLETED,24,Booking đã hoàn thành.,2026-09-01 12:57:00
1748,21,CHECKED_IN,6,Khách đã check-in tại spa.,2026-09-01 13:05:00
1749,231,PAYMENT_RECEIVED,\N,Thanh toán PAY-20260915-00231 thành công.,2026-09-01 13:10:00
1750,21,SERVICE_STARTED,21,Kỹ thuật viên bắt đầu thực hiện dịch vụ.,2026-09-01 13:18:00
1751,179,CHECKED_IN,6,Khách đã check-in tại spa.,2026-09-01 13:26:00
1752,335,CREATED,7,Booking LNR-20260912-00335 được tạo.,2026-09-01 13:30:00
1753,335,STAFF_ASSIGNED,\N,Đã phân công kỹ thuật viên #20.,2026-09-01 13:35:00
1754,335,EMAIL_SENT,\N,Đã gửi email xác nhận booking.,2026-09-01 13:40:00
1755,179,SERVICE_STARTED,15,Kỹ thuật viên bắt đầu thực hiện dịch vụ.,2026-09-01 13:46:00
1756,147,CHECKED_IN,6,Khách đã check-in tại spa.,2026-09-01 14:19:00
1757,56,PAYMENT_RECEIVED,\N,Thanh toán PAY-20260918-00056 thành công.,2026-09-01 14:26:00
1758,179,COMPLETED,15,Booking đã hoàn thành.,2026-09-01 14:26:00
1759,147,SERVICE_STARTED,20,Kỹ thuật viên bắt đầu thực hiện dịch vụ.,2026-09-01 14:36:00
1760,21,COMPLETED,21,Booking đã hoàn thành.,2026-09-01 14:48:00
1761,150,CHECKED_IN,9,Khách đã check-in tại spa.,2026-09-01 14:55:00
1762,150,SERVICE_STARTED,19,Kỹ thuật viên bắt đầu thực hiện dịch vụ.,2026-09-01 15:05:00
1763,527,CHECKED_IN,8,Khách đã check-in tại spa.,2026-09-01 15:21:00
1764,527,SERVICE_STARTED,16,Kỹ thuật viên bắt đầu thực hiện dịch vụ.,2026-09-01 15:31:00
1765,147,COMPLETED,20,Booking đã hoàn thành.,2026-09-01 16:00:00
1766,150,COMPLETED,19,Booking đã hoàn thành.,2026-09-01 16:14:00
1767,527,COMPLETED,16,Booking đã hoàn thành.,2026-09-01 16:26:00
1768,373,CHECKED_IN,8,Khách đã check-in tại spa.,2026-09-01 17:14:00
1769,373,SERVICE_STARTED,15,Kỹ thuật viên bắt đầu thực hiện dịch vụ.,2026-09-01 17:32:00
1770,373,COMPLETED,15,Booking đã hoàn thành.,2026-09-01 18:59:00
1771,335,PAYMENT_RECEIVED,\N,Thanh toán PAY-20260912-00335 thành công.,2026-09-01 20:52:00
1772,598,CREATED,157,Booking LNR-20260915-00598 được tạo.,2026-09-02 06:00:00
1773,598,STAFF_ASSIGNED,157,Đã phân công kỹ thuật viên #22.,2026-09-02 06:05:00
1774,598,EMAIL_SENT,\N,Đã gửi email xác nhận booking.,2026-09-02 06:10:00
1775,598,PAYMENT_RECEIVED,\N,Thanh toán PAY-20260915-00598 thành công.,2026-09-02 07:20:00
1776,403,PAYMENT_RECEIVED,\N,Thanh toán PAY-20260909-00403 thành công.,2026-09-02 08:31:00
1777,91,CHECKED_IN,6,Khách đã check-in tại spa.,2026-09-02 10:08:00
1778,91,SERVICE_STARTED,10,Kỹ thuật viên bắt đầu thực hiện dịch vụ.,2026-09-02 10:19:00
1779,167,CREATED,82,Booking LNR-20260909-00167 được tạo.,2026-09-02 10:45:00
1780,167,STAFF_ASSIGNED,82,Đã phân công kỹ thuật viên #15.,2026-09-02 10:50:00
1781,167,EMAIL_SENT,\N,Đã gửi email xác nhận booking.,2026-09-02 10:55:00
1782,91,COMPLETED,10,Booking đã hoàn thành.,2026-09-02 11:33:00
1783,71,CHECKED_IN,9,Khách đã check-in tại spa.,2026-09-02 11:40:00
1784,71,SERVICE_STARTED,11,Kỹ thuật viên bắt đầu thực hiện dịch vụ.,2026-09-02 12:03:00
1785,405,CHECKED_IN,6,Khách đã check-in tại spa.,2026-09-02 12:32:00
1786,405,SERVICE_STARTED,10,Kỹ thuật viên bắt đầu thực hiện dịch vụ.,2026-09-02 12:45:00
1787,71,COMPLETED,11,Booking đã hoàn thành.,2026-09-02 14:33:00
1788,405,COMPLETED,10,Booking đã hoàn thành.,2026-09-02 14:40:00
1789,489,CREATED,8,Booking LNR-20260922-00489 được tạo.,2026-09-03 04:00:00
1790,489,STAFF_ASSIGNED,8,Đã phân công kỹ thuật viên #21.,2026-09-03 04:05:00
1791,489,PAYMENT_RECEIVED,\N,Thanh toán PAY-20260922-00489 thành công.,2026-09-03 05:05:00
1792,181,CREATED,125,Booking LNR-20260915-00181 được tạo.,2026-09-03 05:30:00
1793,595,CREATED,173,Booking LNR-20260922-00595 được tạo.,2026-09-03 05:30:00
1794,181,STAFF_ASSIGNED,125,Đã phân công kỹ thuật viên #10.,2026-09-03 05:35:00
1795,595,STAFF_ASSIGNED,173,Đã phân công kỹ thuật viên #14.,2026-09-03 05:35:00
1796,595,EMAIL_SENT,\N,Đã gửi email xác nhận booking.,2026-09-03 05:40:00
1797,32,CREATED,141,Booking LNR-20260915-00032 được tạo.,2026-09-03 07:45:00
1798,32,STAFF_ASSIGNED,\N,Đã phân công kỹ thuật viên #20.,2026-09-03 07:50:00
1799,32,EMAIL_SENT,\N,Đã gửi email xác nhận booking.,2026-09-03 07:55:00
1800,32,PAYMENT_RECEIVED,\N,Thanh toán PAY-20260915-00032 thành công.,2026-09-03 07:57:00
1801,181,PAYMENT_RECEIVED,\N,Thanh toán PAY-20260915-00181 thành công.,2026-09-03 09:03:00
1802,386,CREATED,7,Booking LNR-20260911-00386 được tạo.,2026-09-03 09:15:00
1803,386,STAFF_ASSIGNED,\N,Đã phân công kỹ thuật viên #22.,2026-09-03 09:20:00
1804,134,CHECKED_IN,7,Khách đã check-in tại spa.,2026-09-03 09:23:00
1805,386,EMAIL_SENT,\N,Đã gửi email xác nhận booking.,2026-09-03 09:25:00
1806,134,SERVICE_STARTED,12,Kỹ thuật viên bắt đầu thực hiện dịch vụ.,2026-09-03 09:30:00
1807,463,CHECKED_IN,7,Khách đã check-in tại spa.,2026-09-03 10:30:00
1808,549,CHECKED_IN,9,Khách đã check-in tại spa.,2026-09-03 10:30:00
1809,134,COMPLETED,12,Booking đã hoàn thành.,2026-09-03 10:42:00
1810,549,SERVICE_STARTED,23,Kỹ thuật viên bắt đầu thực hiện dịch vụ.,2026-09-03 10:46:00
1811,463,SERVICE_STARTED,16,Kỹ thuật viên bắt đầu thực hiện dịch vụ.,2026-09-03 10:50:00
1812,64,CREATED,6,Booking LNR-20260915-00064 được tạo.,2026-09-03 11:15:00
1813,64,STAFF_ASSIGNED,\N,Đã phân công kỹ thuật viên #15.,2026-09-03 11:20:00
1814,549,COMPLETED,23,Booking đã hoàn thành.,2026-09-03 12:12:00
1815,463,COMPLETED,16,Booking đã hoàn thành.,2026-09-03 12:14:00
1816,204,CHECKED_IN,9,Khách đã check-in tại spa.,2026-09-03 16:15:00
1817,204,SERVICE_STARTED,15,Kỹ thuật viên bắt đầu thực hiện dịch vụ.,2026-09-03 16:35:00
1818,204,COMPLETED,15,Booking đã hoàn thành.,2026-09-03 17:48:00
1819,381,CREATED,6,Booking LNR-20260928-00381 được tạo.,2026-09-04 06:45:00
1820,381,STAFF_ASSIGNED,6,Đã phân công kỹ thuật viên #15.,2026-09-04 06:50:00
1821,381,EMAIL_SENT,\N,Đã gửi email xác nhận booking.,2026-09-04 06:55:00
1822,25,CREATED,148,Booking LNR-20260921-00025 được tạo.,2026-09-04 10:45:00
1823,25,STAFF_ASSIGNED,\N,Đã phân công kỹ thuật viên #14.,2026-09-04 10:50:00
1824,25,EMAIL_SENT,\N,Đã gửi email xác nhận booking.,2026-09-04 10:55:00
1825,25,PAYMENT_RECEIVED,\N,Thanh toán PAY-20260921-00025 thành công.,2026-09-04 11:12:00
1826,56,RESCHEDULED,125,Đổi lịch sang 2026-09-18 12:15:00.,2026-09-04 11:15:00
1827,323,CREATED,7,Booking LNR-20260915-00323 được tạo.,2026-09-04 11:15:00
1828,323,STAFF_ASSIGNED,\N,Đã phân công kỹ thuật viên #20.,2026-09-04 11:20:00
1829,323,EMAIL_SENT,\N,Đã gửi email xác nhận booking.,2026-09-04 11:25:00
1830,323,PAYMENT_RECEIVED,\N,Thanh toán PAY-20260915-00323 thành công.,2026-09-04 11:48:00
1831,194,CHECKED_IN,6,Khách đã check-in tại spa.,2026-09-04 12:20:00
1832,194,SERVICE_STARTED,12,Kỹ thuật viên bắt đầu thực hiện dịch vụ.,2026-09-04 12:34:00
1833,205,CHECKED_IN,6,Khách đã check-in tại spa.,2026-09-04 13:15:00
1834,205,SERVICE_STARTED,19,Kỹ thuật viên bắt đầu thực hiện dịch vụ.,2026-09-04 13:38:00
1835,194,COMPLETED,12,Booking đã hoàn thành.,2026-09-04 13:49:00
1836,39,CHECKED_IN,9,Khách đã check-in tại spa.,2026-09-04 14:03:00
1837,433,CHECKED_IN,9,Khách đã check-in tại spa.,2026-09-04 14:07:00
1838,433,SERVICE_STARTED,24,Kỹ thuật viên bắt đầu thực hiện dịch vụ.,2026-09-04 14:15:00
1839,39,SERVICE_STARTED,18,Kỹ thuật viên bắt đầu thực hiện dịch vụ.,2026-09-04 14:22:00
1840,433,COMPLETED,24,Booking đã hoàn thành.,2026-09-04 15:12:00
1841,205,COMPLETED,19,Booking đã hoàn thành.,2026-09-04 15:38:00
1842,39,COMPLETED,18,Booking đã hoàn thành.,2026-09-04 15:50:00
1843,548,CREATED,105,Booking LNR-20260915-00548 được tạo.,2026-09-05 07:00:00
1844,548,STAFF_ASSIGNED,105,Đã phân công kỹ thuật viên #21.,2026-09-05 07:05:00
1845,415,CREATED,9,Booking LNR-20260915-00415 được tạo.,2026-09-05 07:15:00
1846,415,STAFF_ASSIGNED,9,Đã phân công kỹ thuật viên #19.,2026-09-05 07:20:00
1847,415,EMAIL_SENT,\N,Đã gửi email xác nhận booking.,2026-09-05 07:25:00
1848,234,CHECKED_IN,8,Khách đã check-in tại spa.,2026-09-05 09:21:00
1849,234,SERVICE_STARTED,24,Kỹ thuật viên bắt đầu thực hiện dịch vụ.,2026-09-05 09:30:00
1850,501,CREATED,97,Booking LNR-20260908-00501 được tạo.,2026-09-05 10:30:00
1851,501,STAFF_ASSIGNED,97,Đã phân công kỹ thuật viên #15.,2026-09-05 10:35:00
1852,501,EMAIL_SENT,\N,Đã gửi email xác nhận booking.,2026-09-05 10:40:00
1853,2,CHECKED_IN,9,Khách đã check-in tại spa.,2026-09-05 10:58:00
1854,2,SERVICE_STARTED,23,Kỹ thuật viên bắt đầu thực hiện dịch vụ.,2026-09-05 11:19:00
1855,2,COMPLETED,23,Booking đã hoàn thành.,2026-09-05 12:18:00
1856,366,CHECKED_IN,9,Khách đã check-in tại spa.,2026-09-05 12:25:00
1857,234,COMPLETED,24,Booking đã hoàn thành.,2026-09-05 12:26:00
1858,366,SERVICE_STARTED,23,Kỹ thuật viên bắt đầu thực hiện dịch vụ.,2026-09-05 12:32:00
1859,25,RESCHEDULED,148,Đổi lịch sang 2026-09-21 14:00:00.,2026-09-05 12:45:00
1860,65,CHECKED_IN,6,Khách đã check-in tại spa.,2026-09-05 13:10:00
1861,135,CHECKED_IN,6,Khách đã check-in tại spa.,2026-09-05 13:17:00
1862,366,COMPLETED,23,Booking đã hoàn thành.,2026-09-05 13:31:00
1863,135,SERVICE_STARTED,17,Kỹ thuật viên bắt đầu thực hiện dịch vụ.,2026-09-05 13:33:00
1864,65,SERVICE_STARTED,13,Kỹ thuật viên bắt đầu thực hiện dịch vụ.,2026-09-05 13:35:00
1865,548,PAYMENT_RECEIVED,\N,Thanh toán PAY-20260915-00548 thành công.,2026-09-05 14:16:00
1866,135,COMPLETED,17,Booking đã hoàn thành.,2026-09-05 14:27:00
1867,65,COMPLETED,13,Booking đã hoàn thành.,2026-09-05 14:35:00
1868,72,CHECKED_IN,8,Khách đã check-in tại spa.,2026-09-05 15:01:00
1869,72,SERVICE_STARTED,19,Kỹ thuật viên bắt đầu thực hiện dịch vụ.,2026-09-05 15:16:00
1870,517,CREATED,71,Booking LNR-20260922-00517 được tạo.,2026-09-05 15:30:00
1871,517,STAFF_ASSIGNED,71,Đã phân công kỹ thuật viên #24.,2026-09-05 15:35:00
1872,583,CHECKED_IN,7,Khách đã check-in tại spa.,2026-09-05 15:39:00
1873,583,SERVICE_STARTED,13,Kỹ thuật viên bắt đầu thực hiện dịch vụ.,2026-09-05 15:49:00
1874,72,COMPLETED,19,Booking đã hoàn thành.,2026-09-05 17:14:00
1875,583,COMPLETED,13,Booking đã hoàn thành.,2026-09-05 17:16:00
1876,501,PAYMENT_RECEIVED,\N,Thanh toán PAY-20260908-00501 thành công.,2026-09-06 06:36:00
1877,244,CREATED,172,Booking LNR-20260926-00244 được tạo.,2026-09-06 11:30:00
1878,244,STAFF_ASSIGNED,172,Đã phân công kỹ thuật viên #10.,2026-09-06 11:35:00
1879,244,EMAIL_SENT,\N,Đã gửi email xác nhận booking.,2026-09-06 11:40:00
1880,125,CREATED,8,Booking LNR-20260924-00125 được tạo.,2026-09-06 12:00:00
1881,125,STAFF_ASSIGNED,\N,Đã phân công kỹ thuật viên #23.,2026-09-06 12:05:00
1882,125,EMAIL_SENT,\N,Đã gửi email xác nhận booking.,2026-09-06 12:10:00
1883,125,PAYMENT_RECEIVED,\N,Thanh toán PAY-20260924-00125 thành công.,2026-09-06 19:04:00
1884,244,PAYMENT_RECEIVED,\N,Thanh toán PAY-20260926-00244 thành công.,2026-09-06 19:04:00
1885,206,CREATED,164,Booking LNR-20260915-00206 được tạo.,2026-09-07 07:00:00
1886,206,STAFF_ASSIGNED,164,Đã phân công kỹ thuật viên #13.,2026-09-07 07:05:00
1887,206,EMAIL_SENT,\N,Đã gửi email xác nhận booking.,2026-09-07 07:10:00
1888,594,CREATED,8,Booking LNR-20260915-00594 được tạo.,2026-09-07 09:00:00
1889,594,STAFF_ASSIGNED,8,Đã phân công kỹ thuật viên #18.,2026-09-07 09:05:00
1890,594,EMAIL_SENT,\N,Đã gửi email xác nhận booking.,2026-09-07 09:10:00
1891,49,CREATED,63,Booking LNR-20260909-00049 được tạo.,2026-09-07 09:15:00
1892,49,STAFF_ASSIGNED,63,Đã phân công kỹ thuật viên #22.,2026-09-07 09:20:00
1893,394,CREATED,89,Booking LNR-20260915-00394 được tạo.,2026-09-07 09:30:00
1894,394,STAFF_ASSIGNED,\N,Đã phân công kỹ thuật viên #21.,2026-09-07 09:35:00
1895,333,CREATED,134,Booking LNR-20260917-00333 được tạo.,2026-09-07 09:45:00
1896,333,STAFF_ASSIGNED,\N,Đã phân công kỹ thuật viên #18.,2026-09-07 09:50:00
1897,333,EMAIL_SENT,\N,Đã gửi email xác nhận booking.,2026-09-07 09:55:00
1898,102,CREATED,8,Booking LNR-20260918-00102 được tạo.,2026-09-07 10:00:00
1899,307,CREATED,7,Booking LNR-20260915-00307 được tạo.,2026-09-07 10:00:00
1900,102,STAFF_ASSIGNED,\N,Đã phân công kỹ thuật viên #23.,2026-09-07 10:05:00
1901,307,STAFF_ASSIGNED,7,Đã phân công kỹ thuật viên #24.,2026-09-07 10:05:00
1902,102,EMAIL_SENT,\N,Đã gửi email xác nhận booking.,2026-09-07 10:10:00
1903,307,EMAIL_SENT,\N,Đã gửi email xác nhận booking.,2026-09-07 10:10:00
1904,307,PAYMENT_RECEIVED,\N,Thanh toán PAY-20260915-00307 thành công.,2026-09-07 10:49:00
1905,574,CREATED,7,Booking LNR-20260918-00574 được tạo.,2026-09-07 11:15:00
1906,574,STAFF_ASSIGNED,7,Đã phân công kỹ thuật viên #11.,2026-09-07 11:20:00
1907,243,CREATED,7,Booking LNR-20260924-00243 được tạo.,2026-09-07 11:30:00
1908,243,STAFF_ASSIGNED,\N,Đã phân công kỹ thuật viên #15.,2026-09-07 11:35:00
1909,243,EMAIL_SENT,\N,Đã gửi email xác nhận booking.,2026-09-07 11:40:00
1910,159,CHECKED_IN,9,Khách đã check-in tại spa.,2026-09-07 13:12:00
1911,238,CREATED,6,Booking LNR-20260918-00238 được tạo.,2026-09-07 13:15:00
1912,238,STAFF_ASSIGNED,\N,Đã phân công kỹ thuật viên #24.,2026-09-07 13:20:00
1913,159,SERVICE_STARTED,21,Kỹ thuật viên bắt đầu thực hiện dịch vụ.,2026-09-07 13:37:00
1914,318,CHECKED_IN,7,Khách đã check-in tại spa.,2026-09-07 15:21:00
1915,318,SERVICE_STARTED,19,Kỹ thuật viên bắt đầu thực hiện dịch vụ.,2026-09-07 15:35:00
1916,159,COMPLETED,21,Booking đã hoàn thành.,2026-09-07 15:36:00
1917,462,CHECKED_IN,7,Khách đã check-in tại spa.,2026-09-07 16:19:00
1918,49,PAYMENT_RECEIVED,\N,Thanh toán PAY-20260909-00049 thành công.,2026-09-07 16:25:00
1919,238,PAYMENT_RECEIVED,\N,Thanh toán PAY-20260918-00238 thành công.,2026-09-07 16:26:00
1920,462,SERVICE_STARTED,23,Kỹ thuật viên bắt đầu thực hiện dịch vụ.,2026-09-07 16:34:00
1921,318,COMPLETED,19,Booking đã hoàn thành.,2026-09-07 16:59:00
1922,462,COMPLETED,23,Booking đã hoàn thành.,2026-09-07 18:31:00
1923,546,CREATED,6,Booking LNR-20261003-00546 được tạo.,2026-09-08 04:45:00
1924,546,STAFF_ASSIGNED,\N,Đã phân công kỹ thuật viên #16.,2026-09-08 04:50:00
1925,594,PAYMENT_RECEIVED,\N,Thanh toán PAY-20260915-00594 thành công.,2026-09-08 05:45:00
1926,102,PAYMENT_RECEIVED,\N,Thanh toán PAY-20260918-00102 thành công.,2026-09-08 06:09:00
1927,394,PAYMENT_RECEIVED,\N,Thanh toán PAY-20260915-00394 thành công.,2026-09-08 06:11:00
1928,409,CREATED,9,Booking LNR-20260929-00409 được tạo.,2026-09-08 11:15:00
1929,409,STAFF_ASSIGNED,9,Đã phân công kỹ thuật viên #14.,2026-09-08 11:20:00
1930,409,EMAIL_SENT,\N,Đã gửi email xác nhận booking.,2026-09-08 11:25:00
1931,209,CHECKED_IN,6,Khách đã check-in tại spa.,2026-09-08 13:25:00
1932,209,SERVICE_STARTED,16,Kỹ thuật viên bắt đầu thực hiện dịch vụ.,2026-09-08 13:37:00
1933,501,CHECKED_IN,8,Khách đã check-in tại spa.,2026-09-08 14:49:00
1934,501,SERVICE_STARTED,15,Kỹ thuật viên bắt đầu thực hiện dịch vụ.,2026-09-08 15:01:00
1935,552,CHECKED_IN,6,Khách đã check-in tại spa.,2026-09-08 16:01:00
1936,209,COMPLETED,16,Booking đã hoàn thành.,2026-09-08 16:18:00
1937,552,SERVICE_STARTED,24,Kỹ thuật viên bắt đầu thực hiện dịch vụ.,2026-09-08 16:19:00
1938,501,COMPLETED,15,Booking đã hoàn thành.,2026-09-08 16:30:00
1939,552,COMPLETED,24,Booking đã hoàn thành.,2026-09-08 17:44:00
1940,263,CREATED,95,Booking LNR-20260926-00263 được tạo.,2026-09-09 07:45:00
1941,263,STAFF_ASSIGNED,95,Đã phân công kỹ thuật viên #16.,2026-09-09 07:50:00
1942,498,CREATED,8,Booking LNR-20260930-00498 được tạo.,2026-09-09 08:00:00
1943,498,STAFF_ASSIGNED,8,Đã phân công kỹ thuật viên #14.,2026-09-09 08:05:00
1944,129,CREATED,9,Booking LNR-20260915-00129 được tạo.,2026-09-09 08:45:00
1945,129,STAFF_ASSIGNED,9,Đã phân công kỹ thuật viên #20.,2026-09-09 08:50:00
1946,129,EMAIL_SENT,\N,Đã gửi email xác nhận booking.,2026-09-09 08:55:00
1947,49,CHECKED_IN,8,Khách đã check-in tại spa.,2026-09-09 09:49:00
1948,201,CHECKED_IN,6,Khách đã check-in tại spa.,2026-09-09 09:53:00
1949,201,SERVICE_STARTED,20,Kỹ thuật viên bắt đầu thực hiện dịch vụ.,2026-09-09 10:03:00
1950,49,SERVICE_STARTED,22,Kỹ thuật viên bắt đầu thực hiện dịch vụ.,2026-09-09 10:08:00
1951,167,CHECKED_IN,7,Khách đã check-in tại spa.,2026-09-09 11:30:00
1952,201,COMPLETED,20,Booking đã hoàn thành.,2026-09-09 11:32:00
1953,451,CREATED,9,Booking LNR-20260916-00451 được tạo.,2026-09-09 11:45:00
1954,451,STAFF_ASSIGNED,9,Đã phân công kỹ thuật viên #23.,2026-09-09 11:50:00
1955,167,SERVICE_STARTED,15,Kỹ thuật viên bắt đầu thực hiện dịch vụ.,2026-09-09 11:51:00
1956,451,EMAIL_SENT,\N,Đã gửi email xác nhận booking.,2026-09-09 11:55:00
1957,291,CREATED,45,Booking LNR-20260917-00291 được tạo.,2026-09-09 12:00:00
1958,49,COMPLETED,22,Booking đã hoàn thành.,2026-09-09 12:02:00
1959,291,STAFF_ASSIGNED,\N,Đã phân công kỹ thuật viên #22.,2026-09-09 12:05:00
1960,291,EMAIL_SENT,\N,Đã gửi email xác nhận booking.,2026-09-09 12:10:00
1961,167,COMPLETED,15,Booking đã hoàn thành.,2026-09-09 13:06:00
1962,403,CHECKED_IN,7,Khách đã check-in tại spa.,2026-09-09 16:42:00
1963,403,SERVICE_STARTED,17,Kỹ thuật viên bắt đầu thực hiện dịch vụ.,2026-09-09 17:06:00
1964,403,COMPLETED,17,Booking đã hoàn thành.,2026-09-09 17:45:00
1965,225,CREATED,9,Booking LNR-20260917-00225 được tạo.,2026-09-10 03:15:00
1966,225,STAFF_ASSIGNED,\N,Đã phân công kỹ thuật viên #12.,2026-09-10 03:20:00
1967,263,PAYMENT_RECEIVED,\N,Thanh toán PAY-20260926-00263 thành công.,2026-09-10 04:06:00
1968,225,PAYMENT_RECEIVED,\N,Thanh toán PAY-20260917-00225 thành công.,2026-09-10 04:34:00
1969,246,CREATED,8,Booking LNR-20260919-00246 được tạo.,2026-09-10 05:15:00
1970,246,STAFF_ASSIGNED,\N,Đã phân công kỹ thuật viên #13.,2026-09-10 05:20:00
1971,246,EMAIL_SENT,\N,Đã gửi email xác nhận booking.,2026-09-10 05:25:00
1972,84,CREATED,8,Booking LNR-20260928-00084 được tạo.,2026-09-10 09:15:00
1973,84,STAFF_ASSIGNED,8,Đã phân công kỹ thuật viên #14.,2026-09-10 09:20:00
1974,305,CREATED,62,Booking LNR-20260929-00305 được tạo.,2026-09-10 09:45:00
1975,305,STAFF_ASSIGNED,62,Đã phân công kỹ thuật viên #10.,2026-09-10 09:50:00
1976,84,PAYMENT_RECEIVED,\N,Thanh toán PAY-20260928-00084 thành công.,2026-09-10 10:27:00
1977,520,CREATED,7,Booking LNR-20260915-00520 được tạo.,2026-09-10 13:15:00
1978,520,STAFF_ASSIGNED,7,Đã phân công kỹ thuật viên #12.,2026-09-10 13:20:00
1979,520,PAYMENT_RECEIVED,\N,Thanh toán PAY-20260915-00520 thành công.,2026-09-10 13:29:00
1980,578,CREATED,9,Booking LNR-20260921-00578 được tạo.,2026-09-11 06:15:00
1981,578,STAFF_ASSIGNED,9,Đã phân công kỹ thuật viên #17.,2026-09-11 06:20:00
1982,592,CREATED,7,Booking LNR-20260918-00592 được tạo.,2026-09-11 06:30:00
1983,592,STAFF_ASSIGNED,7,Đã phân công kỹ thuật viên #11.,2026-09-11 06:35:00
1984,474,CREATED,32,Booking LNR-20260925-00474 được tạo.,2026-09-11 07:15:00
1985,474,STAFF_ASSIGNED,32,Đã phân công kỹ thuật viên #12.,2026-09-11 07:20:00
1986,474,EMAIL_SENT,\N,Đã gửi email xác nhận booking.,2026-09-11 07:25:00
1987,260,CREATED,8,Booking LNR-20260925-00260 được tạo.,2026-09-11 08:00:00
1988,260,STAFF_ASSIGNED,8,Đã phân công kỹ thuật viên #21.,2026-09-11 08:05:00
1989,578,PAYMENT_RECEIVED,\N,Thanh toán PAY-20260921-00578 thành công.,2026-09-11 08:08:00
1990,499,CREATED,73,Booking LNR-20260919-00499 được tạo.,2026-09-11 09:15:00
1991,499,STAFF_ASSIGNED,73,Đã phân công kỹ thuật viên #22.,2026-09-11 09:20:00
1992,480,CREATED,9,Booking LNR-20260918-00480 được tạo.,2026-09-11 12:15:00
1993,480,STAFF_ASSIGNED,9,Đã phân công kỹ thuật viên #10.,2026-09-11 12:20:00
1994,480,EMAIL_SENT,\N,Đã gửi email xác nhận booking.,2026-09-11 12:25:00
1995,386,CHECKED_IN,9,Khách đã check-in tại spa.,2026-09-11 12:29:00
1996,573,CREATED,6,Booking LNR-20260918-00573 được tạo.,2026-09-11 12:30:00
1997,573,STAFF_ASSIGNED,6,Đã phân công kỹ thuật viên #11.,2026-09-11 12:35:00
1998,386,SERVICE_STARTED,22,Kỹ thuật viên bắt đầu thực hiện dịch vụ.,2026-09-11 12:45:00
1999,31,CHECKED_IN,7,Khách đã check-in tại spa.,2026-09-11 14:11:00
2000,31,SERVICE_STARTED,24,Kỹ thuật viên bắt đầu thực hiện dịch vụ.,2026-09-11 14:32:00
2001,474,PAYMENT_RECEIVED,\N,Thanh toán PAY-20260925-00474 thành công.,2026-09-11 14:45:00
2002,386,COMPLETED,22,Booking đã hoàn thành.,2026-09-11 14:57:00
2003,260,PAYMENT_RECEIVED,\N,Thanh toán PAY-20260925-00260 thành công.,2026-09-11 15:40:00
2004,31,COMPLETED,24,Booking đã hoàn thành.,2026-09-11 17:44:00
2005,573,PAYMENT_RECEIVED,\N,Thanh toán PAY-20260918-00573 thành công.,2026-09-12 09:24:00
2006,108,CREATED,8,Booking LNR-20260915-00108 được tạo.,2026-09-12 09:30:00
2007,108,STAFF_ASSIGNED,8,Đã phân công kỹ thuật viên #19.,2026-09-12 09:35:00
2008,524,CREATED,7,Booking LNR-20260924-00524 được tạo.,2026-09-12 10:15:00
2009,524,STAFF_ASSIGNED,7,Đã phân công kỹ thuật viên #14.,2026-09-12 10:20:00
2010,108,PAYMENT_RECEIVED,\N,Thanh toán PAY-20260915-00108 thành công.,2026-09-12 10:51:00
2011,335,CHECKED_IN,6,Khách đã check-in tại spa.,2026-09-12 14:35:00
2012,335,SERVICE_STARTED,20,Kỹ thuật viên bắt đầu thực hiện dịch vụ.,2026-09-12 14:47:00
2013,335,COMPLETED,20,Booking đã hoàn thành.,2026-09-12 15:43:00
2014,216,CHECKED_IN,8,Khách đã check-in tại spa.,2026-09-12 16:18:00
2015,216,SERVICE_STARTED,17,Kỹ thuật viên bắt đầu thực hiện dịch vụ.,2026-09-12 16:32:00
2016,216,COMPLETED,17,Booking đã hoàn thành.,2026-09-12 17:26:00
2017,213,CREATED,121,Booking LNR-20260919-00213 được tạo.,2026-09-13 05:45:00
2018,213,STAFF_ASSIGNED,\N,Đã phân công kỹ thuật viên #16.,2026-09-13 05:50:00
2019,213,PAYMENT_RECEIVED,\N,Thanh toán PAY-20260919-00213 thành công.,2026-09-13 09:35:00
2020,235,CREATED,94,Booking LNR-20261003-00235 được tạo.,2026-09-13 09:45:00
2021,235,STAFF_ASSIGNED,94,Đã phân công kỹ thuật viên #17.,2026-09-13 09:50:00
2022,58,CREATED,99,Booking LNR-20261003-00058 được tạo.,2026-09-13 12:30:00
2023,58,STAFF_ASSIGNED,99,Đã phân công kỹ thuật viên #16.,2026-09-13 12:35:00
2024,58,EMAIL_SENT,\N,Đã gửi email xác nhận booking.,2026-09-13 12:40:00
2025,276,CREATED,7,Booking LNR-20260915-00276 được tạo.,2026-09-13 12:45:00
2026,276,STAFF_ASSIGNED,7,Đã phân công kỹ thuật viên #14.,2026-09-13 12:50:00
2027,276,PAYMENT_RECEIVED,\N,Thanh toán PAY-20260915-00276 thành công.,2026-09-13 13:22:00
2028,511,CREATED,9,Booking LNR-20260918-00511 được tạo.,2026-09-13 13:45:00
2029,511,STAFF_ASSIGNED,\N,Đã phân công kỹ thuật viên #19.,2026-09-13 13:50:00
2030,511,EMAIL_SENT,\N,Đã gửi email xác nhận booking.,2026-09-13 13:55:00
2031,245,CREATED,9,Booking LNR-20260916-00245 được tạo.,2026-09-14 05:30:00
2032,245,STAFF_ASSIGNED,9,Đã phân công kỹ thuật viên #13.,2026-09-14 05:35:00
2033,235,PAYMENT_RECEIVED,\N,Thanh toán PAY-20261003-00235 thành công.,2026-09-14 06:09:00
2034,171,CREATED,7,Booking LNR-20260921-00171 được tạo.,2026-09-14 06:30:00
2035,171,STAFF_ASSIGNED,\N,Đã phân công kỹ thuật viên #13.,2026-09-14 06:35:00
2036,142,CREATED,9,Booking LNR-20260923-00142 được tạo.,2026-09-14 07:45:00
2037,180,CREATED,7,Booking LNR-20260915-00180 được tạo.,2026-09-14 07:45:00
2038,142,STAFF_ASSIGNED,9,Đã phân công kỹ thuật viên #19.,2026-09-14 07:50:00
2039,180,STAFF_ASSIGNED,\N,Đã phân công kỹ thuật viên #14.,2026-09-14 07:50:00
2040,334,CREATED,72,Booking LNR-20260923-00334 được tạo.,2026-09-14 08:30:00
2041,334,STAFF_ASSIGNED,72,Đã phân công kỹ thuật viên #17.,2026-09-14 08:35:00
2042,104,CREATED,8,Booking LNR-20261031-00104 được tạo.,2026-09-14 09:00:00
2043,106,CREATED,173,Booking LNR-20261026-00106 được tạo.,2026-09-14 09:00:00
2044,223,CREATED,8,Booking LNR-20261007-00223 được tạo.,2026-09-14 09:00:00
2045,443,CREATED,7,Booking LNR-20261006-00443 được tạo.,2026-09-14 09:00:00
2046,475,CREATED,139,Booking LNR-20261005-00475 được tạo.,2026-09-14 09:00:00
2047,483,CREATED,6,Booking LNR-20261015-00483 được tạo.,2026-09-14 09:00:00
2048,104,STAFF_ASSIGNED,8,Đã phân công kỹ thuật viên #12.,2026-09-14 09:05:00
2049,106,STAFF_ASSIGNED,\N,Đã phân công kỹ thuật viên #18.,2026-09-14 09:05:00
2050,223,STAFF_ASSIGNED,8,Đã phân công kỹ thuật viên #15.,2026-09-14 09:05:00
2051,443,STAFF_ASSIGNED,7,Đã phân công kỹ thuật viên #19.,2026-09-14 09:05:00
2052,475,STAFF_ASSIGNED,139,Đã phân công kỹ thuật viên #13.,2026-09-14 09:05:00
2053,483,STAFF_ASSIGNED,6,Đã phân công kỹ thuật viên #20.,2026-09-14 09:05:00
2054,104,EMAIL_SENT,\N,Đã gửi email xác nhận booking.,2026-09-14 09:10:00
2055,443,EMAIL_SENT,\N,Đã gửi email xác nhận booking.,2026-09-14 09:10:00
2056,483,EMAIL_SENT,\N,Đã gửi email xác nhận booking.,2026-09-14 09:10:00
2057,7,CREATED,63,Booking LNR-20260917-00007 được tạo.,2026-09-14 10:00:00
2058,119,CREATED,6,Booking LNR-20260930-00119 được tạo.,2026-09-14 10:00:00
2059,132,CREATED,8,Booking LNR-20261017-00132 được tạo.,2026-09-14 10:00:00
2060,196,CREATED,9,Booking LNR-20261012-00196 được tạo.,2026-09-14 10:00:00
2061,275,CREATED,7,Booking LNR-20261017-00275 được tạo.,2026-09-14 10:00:00
2062,362,CREATED,41,Booking LNR-20261024-00362 được tạo.,2026-09-14 10:00:00
2063,7,STAFF_ASSIGNED,63,Đã phân công kỹ thuật viên #23.,2026-09-14 10:05:00
2064,119,STAFF_ASSIGNED,6,Đã phân công kỹ thuật viên #20.,2026-09-14 10:05:00
2065,132,STAFF_ASSIGNED,\N,Đã phân công kỹ thuật viên #23.,2026-09-14 10:05:00
2066,196,STAFF_ASSIGNED,9,Đã phân công kỹ thuật viên #23.,2026-09-14 10:05:00
2067,275,STAFF_ASSIGNED,7,Đã phân công kỹ thuật viên #10.,2026-09-14 10:05:00
2068,362,STAFF_ASSIGNED,41,Đã phân công kỹ thuật viên #20.,2026-09-14 10:05:00
2069,93,CREATED,7,Booking LNR-20260915-00093 được tạo.,2026-09-14 10:15:00
2070,132,PAYMENT_RECEIVED,\N,Thanh toán PAY-20261017-00132 thành công.,2026-09-14 10:19:00
2071,93,STAFF_ASSIGNED,7,Đã phân công kỹ thuật viên #22.,2026-09-14 10:20:00
2072,475,PAYMENT_RECEIVED,\N,Thanh toán PAY-20261005-00475 thành công.,2026-09-14 10:33:00
2073,103,CREATED,84,Booking LNR-20261007-00103 được tạo.,2026-09-14 11:00:00
2074,107,CREATED,142,Booking LNR-20261017-00107 được tạo.,2026-09-14 11:00:00
2075,172,CREATED,8,Booking LNR-20261017-00172 được tạo.,2026-09-14 11:00:00
2076,226,CREATED,6,Booking LNR-20261013-00226 được tạo.,2026-09-14 11:00:00
2077,298,CREATED,9,Booking LNR-20261023-00298 được tạo.,2026-09-14 11:00:00
2078,408,CREATED,8,Booking LNR-20261023-00408 được tạo.,2026-09-14 11:00:00
2079,550,CREATED,8,Booking LNR-20261003-00550 được tạo.,2026-09-14 11:00:00
2080,567,CREATED,8,Booking LNR-20261008-00567 được tạo.,2026-09-14 11:00:00
2081,590,CREATED,45,Booking LNR-20261030-00590 được tạo.,2026-09-14 11:00:00
2082,593,CREATED,6,Booking LNR-20260929-00593 được tạo.,2026-09-14 11:00:00
2083,103,STAFF_ASSIGNED,84,Đã phân công kỹ thuật viên #10.,2026-09-14 11:05:00
2084,107,STAFF_ASSIGNED,142,Đã phân công kỹ thuật viên #22.,2026-09-14 11:05:00
2085,172,STAFF_ASSIGNED,8,Đã phân công kỹ thuật viên #14.,2026-09-14 11:05:00
2086,226,STAFF_ASSIGNED,6,Đã phân công kỹ thuật viên #20.,2026-09-14 11:05:00
2087,298,STAFF_ASSIGNED,\N,Đã phân công kỹ thuật viên #13.,2026-09-14 11:05:00
2088,408,STAFF_ASSIGNED,\N,Đã phân công kỹ thuật viên #16.,2026-09-14 11:05:00
2089,550,STAFF_ASSIGNED,\N,Đã phân công kỹ thuật viên #22.,2026-09-14 11:05:00
2090,567,STAFF_ASSIGNED,8,Đã phân công kỹ thuật viên #14.,2026-09-14 11:05:00
2091,590,STAFF_ASSIGNED,45,Đã phân công kỹ thuật viên #19.,2026-09-14 11:05:00
2092,593,STAFF_ASSIGNED,6,Đã phân công kỹ thuật viên #16.,2026-09-14 11:05:00
2093,103,EMAIL_SENT,\N,Đã gửi email xác nhận booking.,2026-09-14 11:10:00
2094,107,EMAIL_SENT,\N,Đã gửi email xác nhận booking.,2026-09-14 11:10:00
2095,172,EMAIL_SENT,\N,Đã gửi email xác nhận booking.,2026-09-14 11:10:00
2096,180,PAYMENT_RECEIVED,\N,Thanh toán PAY-20260915-00180 thành công.,2026-09-14 11:10:00
2097,550,EMAIL_SENT,\N,Đã gửi email xác nhận booking.,2026-09-14 11:10:00
2098,567,EMAIL_SENT,\N,Đã gửi email xác nhận booking.,2026-09-14 11:10:00
2099,590,EMAIL_SENT,\N,Đã gửi email xác nhận booking.,2026-09-14 11:10:00
2100,593,EMAIL_SENT,\N,Đã gửi email xác nhận booking.,2026-09-14 11:10:00
2101,579,CREATED,8,Booking LNR-20260921-00579 được tạo.,2026-09-14 11:45:00
2102,579,STAFF_ASSIGNED,\N,Đã phân công kỹ thuật viên #20.,2026-09-14 11:50:00
2103,85,CREATED,42,Booking LNR-20261029-00085 được tạo.,2026-09-14 12:00:00
2104,177,CREATED,6,Booking LNR-20261017-00177 được tạo.,2026-09-14 12:00:00
2105,375,CREATED,7,Booking LNR-20261027-00375 được tạo.,2026-09-14 12:00:00
2106,379,CREATED,8,Booking LNR-20261023-00379 được tạo.,2026-09-14 12:00:00
2107,482,CREATED,6,Booking LNR-20261023-00482 được tạo.,2026-09-14 12:00:00
2108,85,STAFF_ASSIGNED,42,Đã phân công kỹ thuật viên #24.,2026-09-14 12:05:00
2109,177,STAFF_ASSIGNED,\N,Đã phân công kỹ thuật viên #22.,2026-09-14 12:05:00
2110,375,STAFF_ASSIGNED,7,Đã phân công kỹ thuật viên #16.,2026-09-14 12:05:00
2111,379,STAFF_ASSIGNED,\N,Đã phân công kỹ thuật viên #23.,2026-09-14 12:05:00
2112,482,STAFF_ASSIGNED,6,Đã phân công kỹ thuật viên #11.,2026-09-14 12:05:00
2113,85,EMAIL_SENT,\N,Đã gửi email xác nhận booking.,2026-09-14 12:10:00
2114,375,EMAIL_SENT,\N,Đã gửi email xác nhận booking.,2026-09-14 12:10:00
2115,482,EMAIL_SENT,\N,Đã gửi email xác nhận booking.,2026-09-14 12:10:00
2116,33,CREATED,9,Booking LNR-20260925-00033 được tạo.,2026-09-14 12:15:00
2117,33,STAFF_ASSIGNED,9,Đã phân công kỹ thuật viên #23.,2026-09-14 12:20:00
2118,43,CREATED,7,Booking LNR-20261001-00043 được tạo.,2026-09-14 13:00:00
2119,340,CREATED,152,Booking LNR-20260929-00340 được tạo.,2026-09-14 13:00:00
2120,387,CREATED,9,Booking LNR-20261016-00387 được tạo.,2026-09-14 13:00:00
2121,459,CREATED,6,Booking LNR-20261013-00459 được tạo.,2026-09-14 13:00:00
2122,490,CREATED,8,Booking LNR-20260924-00490 được tạo.,2026-09-14 13:00:00
2123,509,CREATED,160,Booking LNR-20261027-00509 được tạo.,2026-09-14 13:00:00
2124,554,CREATED,53,Booking LNR-20261019-00554 được tạo.,2026-09-14 13:00:00
2125,43,STAFF_ASSIGNED,7,Đã phân công kỹ thuật viên #14.,2026-09-14 13:05:00
2126,340,STAFF_ASSIGNED,152,Đã phân công kỹ thuật viên #15.,2026-09-14 13:05:00
2127,387,STAFF_ASSIGNED,\N,Đã phân công kỹ thuật viên #23.,2026-09-14 13:05:00
2128,459,STAFF_ASSIGNED,\N,Đã phân công kỹ thuật viên #14.,2026-09-14 13:05:00
2129,490,STAFF_ASSIGNED,\N,Đã phân công kỹ thuật viên #10.,2026-09-14 13:05:00
2130,509,STAFF_ASSIGNED,\N,Đã phân công kỹ thuật viên #13.,2026-09-14 13:05:00
2131,554,STAFF_ASSIGNED,53,Đã phân công kỹ thuật viên #15.,2026-09-14 13:05:00
2132,43,EMAIL_SENT,\N,Đã gửi email xác nhận booking.,2026-09-14 13:10:00
2133,340,EMAIL_SENT,\N,Đã gửi email xác nhận booking.,2026-09-14 13:10:00
2134,459,EMAIL_SENT,\N,Đã gửi email xác nhận booking.,2026-09-14 13:10:00
2135,509,EMAIL_SENT,\N,Đã gửi email xác nhận booking.,2026-09-14 13:10:00
2136,554,EMAIL_SENT,\N,Đã gửi email xác nhận booking.,2026-09-14 13:10:00
2137,158,CREATED,7,Booking LNR-20260922-00158 được tạo.,2026-09-14 13:45:00
2138,158,STAFF_ASSIGNED,\N,Đã phân công kỹ thuật viên #13.,2026-09-14 13:50:00
2139,158,EMAIL_SENT,\N,Đã gửi email xác nhận booking.,2026-09-14 13:55:00
2140,4,CREATED,9,Booking LNR-20261009-00004 được tạo.,2026-09-14 14:00:00
2141,11,CREATED,6,Booking LNR-20261002-00011 được tạo.,2026-09-14 14:00:00
2142,302,CREATED,108,Booking LNR-20260923-00302 được tạo.,2026-09-14 14:00:00
2143,345,CREATED,7,Booking LNR-20260922-00345 được tạo.,2026-09-14 14:00:00
2144,4,STAFF_ASSIGNED,9,Đã phân công kỹ thuật viên #24.,2026-09-14 14:05:00
2145,11,STAFF_ASSIGNED,6,Đã phân công kỹ thuật viên #11.,2026-09-14 14:05:00
2146,302,STAFF_ASSIGNED,108,Đã phân công kỹ thuật viên #11.,2026-09-14 14:05:00
2147,345,STAFF_ASSIGNED,7,Đã phân công kỹ thuật viên #13.,2026-09-14 14:05:00
2148,302,EMAIL_SENT,\N,Đã gửi email xác nhận booking.,2026-09-14 14:10:00
2149,11,PAYMENT_RECEIVED,\N,Thanh toán PAY-20261002-00011 thành công.,2026-09-14 14:13:00
2150,414,CREATED,69,Booking LNR-20260922-00414 được tạo.,2026-09-14 14:15:00
2151,414,STAFF_ASSIGNED,69,Đã phân công kỹ thuật viên #21.,2026-09-14 14:20:00
2152,414,EMAIL_SENT,\N,Đã gửi email xác nhận booking.,2026-09-14 14:25:00
2153,593,PAYMENT_RECEIVED,\N,Thanh toán PAY-20260929-00593 thành công.,2026-09-14 14:36:00
2154,86,CREATED,7,Booking LNR-20261001-00086 được tạo.,2026-09-14 15:00:00
2155,176,CREATED,7,Booking LNR-20261019-00176 được tạo.,2026-09-14 15:00:00
2156,199,CREATED,9,Booking LNR-20261015-00199 được tạo.,2026-09-14 15:00:00
2157,240,CREATED,81,Booking LNR-20261022-00240 được tạo.,2026-09-14 15:00:00
2158,247,CREATED,41,Booking LNR-20261028-00247 được tạo.,2026-09-14 15:00:00
2159,277,CREATED,8,Booking LNR-20260926-00277 được tạo.,2026-09-14 15:00:00
2160,299,CREATED,8,Booking LNR-20260922-00299 được tạo.,2026-09-14 15:00:00
2161,320,CREATED,54,Booking LNR-20261008-00320 được tạo.,2026-09-14 15:00:00
2162,571,CREATED,90,Booking LNR-20261015-00571 được tạo.,2026-09-14 15:00:00
2163,86,STAFF_ASSIGNED,7,Đã phân công kỹ thuật viên #24.,2026-09-14 15:05:00
2164,176,STAFF_ASSIGNED,7,Đã phân công kỹ thuật viên #15.,2026-09-14 15:05:00
2165,199,STAFF_ASSIGNED,9,Đã phân công kỹ thuật viên #15.,2026-09-14 15:05:00
2166,240,STAFF_ASSIGNED,\N,Đã phân công kỹ thuật viên #18.,2026-09-14 15:05:00
2167,247,STAFF_ASSIGNED,\N,Đã phân công kỹ thuật viên #21.,2026-09-14 15:05:00
2168,277,STAFF_ASSIGNED,8,Đã phân công kỹ thuật viên #17.,2026-09-14 15:05:00
2169,299,STAFF_ASSIGNED,8,Đã phân công kỹ thuật viên #16.,2026-09-14 15:05:00
2170,320,STAFF_ASSIGNED,\N,Đã phân công kỹ thuật viên #23.,2026-09-14 15:05:00
2171,571,STAFF_ASSIGNED,90,Đã phân công kỹ thuật viên #14.,2026-09-14 15:05:00
2172,247,EMAIL_SENT,\N,Đã gửi email xác nhận booking.,2026-09-14 15:10:00
2173,277,EMAIL_SENT,\N,Đã gửi email xác nhận booking.,2026-09-14 15:10:00
2174,299,EMAIL_SENT,\N,Đã gửi email xác nhận booking.,2026-09-14 15:10:00
2175,177,PAYMENT_RECEIVED,\N,Thanh toán PAY-20261017-00177 thành công.,2026-09-14 15:20:00
2176,247,PAYMENT_RECEIVED,\N,Thanh toán PAY-20261028-00247 thành công.,2026-09-14 15:37:00
2177,30,CREATED,8,Booking LNR-20261031-00030 được tạo.,2026-09-14 16:00:00
2178,116,CREATED,161,Booking LNR-20260928-00116 được tạo.,2026-09-14 16:00:00
2179,222,CREATED,139,Booking LNR-20261010-00222 được tạo.,2026-09-14 16:00:00
2180,319,CREATED,143,Booking LNR-20261008-00319 được tạo.,2026-09-14 16:00:00
2181,374,CREATED,6,Booking LNR-20261009-00374 được tạo.,2026-09-14 16:00:00
2182,426,CREATED,7,Booking LNR-20261031-00426 được tạo.,2026-09-14 16:00:00
2183,446,CREATED,8,Booking LNR-20261010-00446 được tạo.,2026-09-14 16:00:00
2184,506,CREATED,9,Booking LNR-20261001-00506 được tạo.,2026-09-14 16:00:00
2185,562,CREATED,8,Booking LNR-20260930-00562 được tạo.,2026-09-14 16:00:00
2186,30,STAFF_ASSIGNED,8,Đã phân công kỹ thuật viên #19.,2026-09-14 16:05:00
2187,116,STAFF_ASSIGNED,161,Đã phân công kỹ thuật viên #24.,2026-09-14 16:05:00
2188,222,STAFF_ASSIGNED,139,Đã phân công kỹ thuật viên #11.,2026-09-14 16:05:00
2189,319,STAFF_ASSIGNED,143,Đã phân công kỹ thuật viên #11.,2026-09-14 16:05:00
2190,374,STAFF_ASSIGNED,6,Đã phân công kỹ thuật viên #19.,2026-09-14 16:05:00
2191,426,STAFF_ASSIGNED,7,Đã phân công kỹ thuật viên #18.,2026-09-14 16:05:00
2192,446,STAFF_ASSIGNED,8,Đã phân công kỹ thuật viên #16.,2026-09-14 16:05:00
2193,506,STAFF_ASSIGNED,9,Đã phân công kỹ thuật viên #22.,2026-09-14 16:05:00
2194,562,STAFF_ASSIGNED,8,Đã phân công kỹ thuật viên #17.,2026-09-14 16:05:00
2195,30,PAYMENT_RECEIVED,\N,Thanh toán PAY-20261031-00030 thành công.,2026-09-14 16:08:00
2196,116,EMAIL_SENT,\N,Đã gửi email xác nhận booking.,2026-09-14 16:10:00
2197,222,EMAIL_SENT,\N,Đã gửi email xác nhận booking.,2026-09-14 16:10:00
2198,199,PAYMENT_RECEIVED,\N,Thanh toán PAY-20261015-00199 thành công.,2026-09-14 16:21:00
2199,48,CREATED,9,Booking LNR-20261019-00048 được tạo.,2026-09-14 17:00:00
2200,153,CREATED,9,Booking LNR-20261008-00153 được tạo.,2026-09-14 17:00:00
2201,210,CREATED,50,Booking LNR-20261014-00210 được tạo.,2026-09-14 17:00:00
2202,228,CREATED,6,Booking LNR-20261009-00228 được tạo.,2026-09-14 17:00:00
2203,530,CREATED,83,Booking LNR-20261015-00530 được tạo.,2026-09-14 17:00:00
2204,542,CREATED,7,Booking LNR-20261023-00542 được tạo.,2026-09-14 17:00:00
2205,48,STAFF_ASSIGNED,9,Đã phân công kỹ thuật viên #11.,2026-09-14 17:05:00
2206,153,STAFF_ASSIGNED,9,Đã phân công kỹ thuật viên #17.,2026-09-14 17:05:00
2207,210,STAFF_ASSIGNED,50,Đã phân công kỹ thuật viên #15.,2026-09-14 17:05:00
2208,228,STAFF_ASSIGNED,6,Đã phân công kỹ thuật viên #16.,2026-09-14 17:05:00
2209,530,STAFF_ASSIGNED,83,Đã phân công kỹ thuật viên #21.,2026-09-14 17:05:00
2210,542,STAFF_ASSIGNED,7,Đã phân công kỹ thuật viên #13.,2026-09-14 17:05:00
2211,530,EMAIL_SENT,\N,Đã gửi email xác nhận booking.,2026-09-14 17:10:00
2212,374,PAYMENT_RECEIVED,\N,Thanh toán PAY-20261009-00374 thành công.,2026-09-14 17:22:00
2213,10,CREATED,9,Booking LNR-20261016-00010 được tạo.,2026-09-14 18:00:00
2214,35,CREATED,7,Booking LNR-20261017-00035 được tạo.,2026-09-14 18:00:00
2215,44,CREATED,114,Booking LNR-20261007-00044 được tạo.,2026-09-14 18:00:00
2216,122,CREATED,9,Booking LNR-20260919-00122 được tạo.,2026-09-14 18:00:00
2217,195,CREATED,32,Booking LNR-20260925-00195 được tạo.,2026-09-14 18:00:00
2218,300,CREATED,141,Booking LNR-20261020-00300 được tạo.,2026-09-14 18:00:00
2219,322,CREATED,7,Booking LNR-20261021-00322 được tạo.,2026-09-14 18:00:00
2220,382,CREATED,8,Booking LNR-20261021-00382 được tạo.,2026-09-14 18:00:00
2221,390,CREATED,9,Booking LNR-20260929-00390 được tạo.,2026-09-14 18:00:00
2222,421,CREATED,160,Booking LNR-20261024-00421 được tạo.,2026-09-14 18:00:00
2223,10,STAFF_ASSIGNED,\N,Đã phân công kỹ thuật viên #18.,2026-09-14 18:05:00
2224,35,STAFF_ASSIGNED,\N,Đã phân công kỹ thuật viên #23.,2026-09-14 18:05:00
2225,44,STAFF_ASSIGNED,114,Đã phân công kỹ thuật viên #11.,2026-09-14 18:05:00
2226,122,STAFF_ASSIGNED,\N,Đã phân công kỹ thuật viên #14.,2026-09-14 18:05:00
2227,195,STAFF_ASSIGNED,32,Đã phân công kỹ thuật viên #24.,2026-09-14 18:05:00
2228,300,STAFF_ASSIGNED,141,Đã phân công kỹ thuật viên #22.,2026-09-14 18:05:00
2229,322,STAFF_ASSIGNED,\N,Đã phân công kỹ thuật viên #22.,2026-09-14 18:05:00
2230,382,STAFF_ASSIGNED,8,Đã phân công kỹ thuật viên #20.,2026-09-14 18:05:00
2231,390,STAFF_ASSIGNED,9,Đã phân công kỹ thuật viên #20.,2026-09-14 18:05:00
2232,421,STAFF_ASSIGNED,160,Đã phân công kỹ thuật viên #17.,2026-09-14 18:05:00
2233,10,EMAIL_SENT,\N,Đã gửi email xác nhận booking.,2026-09-14 18:10:00
2234,35,EMAIL_SENT,\N,Đã gửi email xác nhận booking.,2026-09-14 18:10:00
2235,122,EMAIL_SENT,\N,Đã gửi email xác nhận booking.,2026-09-14 18:10:00
2236,421,EMAIL_SENT,\N,Đã gửi email xác nhận booking.,2026-09-14 18:10:00
2237,210,PAYMENT_RECEIVED,\N,Thanh toán PAY-20261014-00210 thành công.,2026-09-14 18:13:00
2238,590,PAYMENT_RECEIVED,\N,Thanh toán PAY-20261030-00590 thành công.,2026-09-14 18:25:00
2239,240,PAYMENT_RECEIVED,\N,Thanh toán PAY-20261022-00240 thành công.,2026-09-14 18:26:00
2240,9,CREATED,56,Booking LNR-20260930-00009 được tạo.,2026-09-14 19:00:00
2241,75,CREATED,6,Booking LNR-20261006-00075 được tạo.,2026-09-14 19:00:00
2242,166,CREATED,9,Booking LNR-20260921-00166 được tạo.,2026-09-14 19:00:00
2243,239,CREATED,7,Booking LNR-20261016-00239 được tạo.,2026-09-14 19:00:00
2244,269,CREATED,7,Booking LNR-20261002-00269 được tạo.,2026-09-14 19:00:00
2245,270,CREATED,9,Booking LNR-20261020-00270 được tạo.,2026-09-14 19:00:00
2246,292,CREATED,7,Booking LNR-20261015-00292 được tạo.,2026-09-14 19:00:00
2247,442,CREATED,8,Booking LNR-20260929-00442 được tạo.,2026-09-14 19:00:00
2248,9,STAFF_ASSIGNED,56,Đã phân công kỹ thuật viên #19.,2026-09-14 19:05:00
2249,75,STAFF_ASSIGNED,\N,Đã phân công kỹ thuật viên #20.,2026-09-14 19:05:00
2250,166,STAFF_ASSIGNED,9,Đã phân công kỹ thuật viên #13.,2026-09-14 19:05:00
2251,239,STAFF_ASSIGNED,7,Đã phân công kỹ thuật viên #13.,2026-09-14 19:05:00
2252,269,STAFF_ASSIGNED,\N,Đã phân công kỹ thuật viên #21.,2026-09-14 19:05:00
2253,270,STAFF_ASSIGNED,\N,Đã phân công kỹ thuật viên #14.,2026-09-14 19:05:00
2254,292,STAFF_ASSIGNED,7,Đã phân công kỹ thuật viên #22.,2026-09-14 19:05:00
2255,442,STAFF_ASSIGNED,\N,Đã phân công kỹ thuật viên #13.,2026-09-14 19:05:00
2256,166,EMAIL_SENT,\N,Đã gửi email xác nhận booking.,2026-09-14 19:10:00
2257,239,EMAIL_SENT,\N,Đã gửi email xác nhận booking.,2026-09-14 19:10:00
2258,269,EMAIL_SENT,\N,Đã gửi email xác nhận booking.,2026-09-14 19:10:00
2259,270,EMAIL_SENT,\N,Đã gửi email xác nhận booking.,2026-09-14 19:10:00
2260,292,EMAIL_SENT,\N,Đã gửi email xác nhận booking.,2026-09-14 19:10:00
2261,166,PAYMENT_RECEIVED,\N,Thanh toán PAY-20260921-00166 thành công.,2026-09-14 19:52:00
2262,160,CREATED,7,Booking LNR-20261028-00160 được tạo.,2026-09-14 20:00:00
2263,257,CREATED,6,Booking LNR-20261014-00257 được tạo.,2026-09-14 20:00:00
2264,309,CREATED,73,Booking LNR-20261019-00309 được tạo.,2026-09-14 20:00:00
2265,420,CREATED,9,Booking LNR-20261027-00420 được tạo.,2026-09-14 20:00:00
2266,553,CREATED,122,Booking LNR-20261002-00553 được tạo.,2026-09-14 20:00:00
2267,599,CREATED,7,Booking LNR-20261024-00599 được tạo.,2026-09-14 20:00:00
2268,160,STAFF_ASSIGNED,7,Đã phân công kỹ thuật viên #13.,2026-09-14 20:05:00
2269,257,STAFF_ASSIGNED,6,Đã phân công kỹ thuật viên #22.,2026-09-14 20:05:00
2270,309,STAFF_ASSIGNED,73,Đã phân công kỹ thuật viên #12.,2026-09-14 20:05:00
2271,420,STAFF_ASSIGNED,9,Đã phân công kỹ thuật viên #21.,2026-09-14 20:05:00
2272,553,STAFF_ASSIGNED,\N,Đã phân công kỹ thuật viên #17.,2026-09-14 20:05:00
2273,599,STAFF_ASSIGNED,7,Đã phân công kỹ thuật viên #17.,2026-09-14 20:05:00
2274,309,EMAIL_SENT,\N,Đã gửi email xác nhận booking.,2026-09-14 20:10:00
2275,420,EMAIL_SENT,\N,Đã gửi email xác nhận booking.,2026-09-14 20:10:00
2276,153,PAYMENT_RECEIVED,\N,Thanh toán PAY-20261008-00153 thành công.,2026-09-14 20:11:00
2277,542,PAYMENT_RECEIVED,\N,Thanh toán PAY-20261023-00542 thành công.,2026-09-14 20:18:00
2278,420,PAYMENT_RECEIVED,\N,Thanh toán PAY-20261027-00420 thành công.,2026-09-14 20:25:00
2279,387,PAYMENT_RECEIVED,\N,Thanh toán PAY-20261016-00387 thành công.,2026-09-14 20:35:00
2280,228,PAYMENT_RECEIVED,\N,Thanh toán PAY-20261009-00228 thành công.,2026-09-14 20:45:00
2281,114,CREATED,162,Booking LNR-20260928-00114 được tạo.,2026-09-14 21:00:00
2282,139,CREATED,8,Booking LNR-20261006-00139 được tạo.,2026-09-14 21:00:00
2283,232,CREATED,6,Booking LNR-20260923-00232 được tạo.,2026-09-14 21:00:00
2284,251,CREATED,6,Booking LNR-20261009-00251 được tạo.,2026-09-14 21:00:00
2285,303,CREATED,7,Booking LNR-20261023-00303 được tạo.,2026-09-14 21:00:00
2286,404,CREATED,9,Booking LNR-20260924-00404 được tạo.,2026-09-14 21:00:00
2287,419,CREATED,150,Booking LNR-20261012-00419 được tạo.,2026-09-14 21:00:00
2288,422,CREATED,31,Booking LNR-20260924-00422 được tạo.,2026-09-14 21:00:00
2289,466,CREATED,8,Booking LNR-20261008-00466 được tạo.,2026-09-14 21:00:00
2290,467,CREATED,146,Booking LNR-20260924-00467 được tạo.,2026-09-14 21:00:00
2291,505,CREATED,9,Booking LNR-20261007-00505 được tạo.,2026-09-14 21:00:00
2292,114,STAFF_ASSIGNED,162,Đã phân công kỹ thuật viên #19.,2026-09-14 21:05:00
2293,139,STAFF_ASSIGNED,8,Đã phân công kỹ thuật viên #14.,2026-09-14 21:05:00
2294,232,STAFF_ASSIGNED,6,Đã phân công kỹ thuật viên #11.,2026-09-14 21:05:00
2295,251,STAFF_ASSIGNED,\N,Đã phân công kỹ thuật viên #10.,2026-09-14 21:05:00
2296,303,STAFF_ASSIGNED,7,Đã phân công kỹ thuật viên #18.,2026-09-14 21:05:00
2297,404,STAFF_ASSIGNED,\N,Đã phân công kỹ thuật viên #21.,2026-09-14 21:05:00
2298,419,STAFF_ASSIGNED,\N,Đã phân công kỹ thuật viên #15.,2026-09-14 21:05:00
2299,422,STAFF_ASSIGNED,31,Đã phân công kỹ thuật viên #14.,2026-09-14 21:05:00
2300,466,STAFF_ASSIGNED,8,Đã phân công kỹ thuật viên #17.,2026-09-14 21:05:00
2301,467,STAFF_ASSIGNED,\N,Đã phân công kỹ thuật viên #21.,2026-09-14 21:05:00
2302,505,STAFF_ASSIGNED,9,Đã phân công kỹ thuật viên #17.,2026-09-14 21:05:00
2303,114,EMAIL_SENT,\N,Đã gửi email xác nhận booking.,2026-09-14 21:10:00
2304,404,EMAIL_SENT,\N,Đã gửi email xác nhận booking.,2026-09-14 21:10:00
2305,123,CREATED,7,Booking LNR-20261020-00123 được tạo.,2026-09-14 22:00:00
2306,185,CREATED,8,Booking LNR-20261014-00185 được tạo.,2026-09-14 22:00:00
2307,192,CREATED,7,Booking LNR-20261029-00192 được tạo.,2026-09-14 22:00:00
2308,224,CREATED,9,Booking LNR-20260928-00224 được tạo.,2026-09-14 22:00:00
2309,457,CREATED,9,Booking LNR-20260929-00457 được tạo.,2026-09-14 22:00:00
2310,123,STAFF_ASSIGNED,\N,Đã phân công kỹ thuật viên #16.,2026-09-14 22:05:00
2311,185,STAFF_ASSIGNED,\N,Đã phân công kỹ thuật viên #19.,2026-09-14 22:05:00
2312,192,STAFF_ASSIGNED,7,Đã phân công kỹ thuật viên #18.,2026-09-14 22:05:00
2313,224,STAFF_ASSIGNED,9,Đã phân công kỹ thuật viên #19.,2026-09-14 22:05:00
2314,457,STAFF_ASSIGNED,9,Đã phân công kỹ thuật viên #10.,2026-09-14 22:05:00
2315,185,EMAIL_SENT,\N,Đã gửi email xác nhận booking.,2026-09-14 22:10:00
2316,224,EMAIL_SENT,\N,Đã gửi email xác nhận booking.,2026-09-14 22:10:00
2317,9,PAYMENT_RECEIVED,\N,Thanh toán PAY-20260930-00009 thành công.,2026-09-14 22:14:00
2318,81,CREATED,9,Booking LNR-20261001-00081 được tạo.,2026-09-14 23:00:00
2319,127,CREATED,84,Booking LNR-20261015-00127 được tạo.,2026-09-14 23:00:00
2320,136,CREATED,8,Booking LNR-20260928-00136 được tạo.,2026-09-14 23:00:00
2321,254,CREATED,9,Booking LNR-20261023-00254 được tạo.,2026-09-14 23:00:00
2322,352,CREATED,6,Booking LNR-20261029-00352 được tạo.,2026-09-14 23:00:00
2323,416,CREATED,131,Booking LNR-20261002-00416 được tạo.,2026-09-14 23:00:00
2324,81,STAFF_ASSIGNED,\N,Đã phân công kỹ thuật viên #16.,2026-09-14 23:05:00
2325,127,STAFF_ASSIGNED,84,Đã phân công kỹ thuật viên #24.,2026-09-14 23:05:00
2326,136,STAFF_ASSIGNED,8,Đã phân công kỹ thuật viên #19.,2026-09-14 23:05:00
2327,254,STAFF_ASSIGNED,\N,Đã phân công kỹ thuật viên #16.,2026-09-14 23:05:00
2328,352,STAFF_ASSIGNED,6,Đã phân công kỹ thuật viên #14.,2026-09-14 23:05:00
2329,416,STAFF_ASSIGNED,131,Đã phân công kỹ thuật viên #16.,2026-09-14 23:05:00
2330,254,PAYMENT_RECEIVED,\N,Thanh toán PAY-20261023-00254 thành công.,2026-09-14 23:08:00
2331,136,EMAIL_SENT,\N,Đã gửi email xác nhận booking.,2026-09-14 23:10:00
2332,192,PAYMENT_RECEIVED,\N,Thanh toán PAY-20261029-00192 thành công.,2026-09-14 23:33:00
2333,51,CREATED,7,Booking LNR-20261026-00051 được tạo.,2026-09-15 00:00:00
2334,53,CREATED,7,Booking LNR-20260926-00053 được tạo.,2026-09-15 00:00:00
2335,126,CREATED,171,Booking LNR-20261013-00126 được tạo.,2026-09-15 00:00:00
2336,282,CREATED,54,Booking LNR-20261012-00282 được tạo.,2026-09-15 00:00:00
2337,311,CREATED,6,Booking LNR-20261006-00311 được tạo.,2026-09-15 00:00:00
2338,329,CREATED,55,Booking LNR-20261019-00329 được tạo.,2026-09-15 00:00:00
2339,434,CREATED,9,Booking LNR-20261015-00434 được tạo.,2026-09-15 00:00:00
2340,453,CREATED,99,Booking LNR-20261023-00453 được tạo.,2026-09-15 00:00:00
2341,522,CREATED,9,Booking LNR-20261001-00522 được tạo.,2026-09-15 00:00:00
2342,563,CREATED,157,Booking LNR-20260925-00563 được tạo.,2026-09-15 00:00:00
2343,51,STAFF_ASSIGNED,7,Đã phân công kỹ thuật viên #13.,2026-09-15 00:05:00
2344,53,STAFF_ASSIGNED,\N,Đã phân công kỹ thuật viên #16.,2026-09-15 00:05:00
2345,126,STAFF_ASSIGNED,\N,Đã phân công kỹ thuật viên #19.,2026-09-15 00:05:00
2346,282,STAFF_ASSIGNED,\N,Đã phân công kỹ thuật viên #18.,2026-09-15 00:05:00
2347,311,STAFF_ASSIGNED,6,Đã phân công kỹ thuật viên #14.,2026-09-15 00:05:00
2348,329,STAFF_ASSIGNED,\N,Đã phân công kỹ thuật viên #23.,2026-09-15 00:05:00
2349,434,STAFF_ASSIGNED,\N,Đã phân công kỹ thuật viên #14.,2026-09-15 00:05:00
2350,453,STAFF_ASSIGNED,\N,Đã phân công kỹ thuật viên #11.,2026-09-15 00:05:00
2351,522,STAFF_ASSIGNED,\N,Đã phân công kỹ thuật viên #20.,2026-09-15 00:05:00
2352,563,STAFF_ASSIGNED,157,Đã phân công kỹ thuật viên #15.,2026-09-15 00:05:00
2353,53,EMAIL_SENT,\N,Đã gửi email xác nhận booking.,2026-09-15 00:10:00
2354,282,EMAIL_SENT,\N,Đã gửi email xác nhận booking.,2026-09-15 00:10:00
2355,311,EMAIL_SENT,\N,Đã gửi email xác nhận booking.,2026-09-15 00:10:00
2356,329,EMAIL_SENT,\N,Đã gửi email xác nhận booking.,2026-09-15 00:10:00
2357,453,EMAIL_SENT,\N,Đã gửi email xác nhận booking.,2026-09-15 00:10:00
2358,522,EMAIL_SENT,\N,Đã gửi email xác nhận booking.,2026-09-15 00:10:00
2359,388,CREATED,6,Booking LNR-20261012-00388 được tạo.,2026-09-15 01:00:00
2360,388,STAFF_ASSIGNED,\N,Đã phân công kỹ thuật viên #12.,2026-09-15 01:05:00
2361,388,EMAIL_SENT,\N,Đã gửi email xác nhận booking.,2026-09-15 01:10:00
2362,13,CREATED,37,Booking LNR-20261022-00013 được tạo.,2026-09-15 02:00:00
2363,28,CREATED,153,Booking LNR-20261003-00028 được tạo.,2026-09-15 02:00:00
2364,54,CREATED,53,Booking LNR-20261023-00054 được tạo.,2026-09-15 02:00:00
2365,111,CREATED,8,Booking LNR-20261022-00111 được tạo.,2026-09-15 02:00:00
2366,148,CREATED,8,Booking LNR-20261019-00148 được tạo.,2026-09-15 02:00:00
2367,389,CREATED,6,Booking LNR-20260923-00389 được tạo.,2026-09-15 02:00:00
2368,395,CREATED,168,Booking LNR-20260924-00395 được tạo.,2026-09-15 02:00:00
2369,585,CREATED,7,Booking LNR-20261031-00585 được tạo.,2026-09-15 02:00:00
2370,586,CREATED,6,Booking LNR-20260924-00586 được tạo.,2026-09-15 02:00:00
2371,13,STAFF_ASSIGNED,37,Đã phân công kỹ thuật viên #14.,2026-09-15 02:05:00
2372,28,STAFF_ASSIGNED,153,Đã phân công kỹ thuật viên #17.,2026-09-15 02:05:00
2373,54,STAFF_ASSIGNED,\N,Đã phân công kỹ thuật viên #21.,2026-09-15 02:05:00
2374,111,STAFF_ASSIGNED,8,Đã phân công kỹ thuật viên #12.,2026-09-15 02:05:00
2375,148,STAFF_ASSIGNED,\N,Đã phân công kỹ thuật viên #14.,2026-09-15 02:05:00
2376,389,STAFF_ASSIGNED,\N,Đã phân công kỹ thuật viên #16.,2026-09-15 02:05:00
2377,395,STAFF_ASSIGNED,168,Đã phân công kỹ thuật viên #17.,2026-09-15 02:05:00
2378,585,STAFF_ASSIGNED,\N,Đã phân công kỹ thuật viên #13.,2026-09-15 02:05:00
2379,586,STAFF_ASSIGNED,6,Đã phân công kỹ thuật viên #14.,2026-09-15 02:05:00
2380,13,EMAIL_SENT,\N,Đã gửi email xác nhận booking.,2026-09-15 02:10:00
2381,28,EMAIL_SENT,\N,Đã gửi email xác nhận booking.,2026-09-15 02:10:00
2382,111,EMAIL_SENT,\N,Đã gửi email xác nhận booking.,2026-09-15 02:10:00
2383,395,EMAIL_SENT,\N,Đã gửi email xác nhận booking.,2026-09-15 02:10:00
2384,585,EMAIL_SENT,\N,Đã gửi email xác nhận booking.,2026-09-15 02:10:00
2385,586,EMAIL_SENT,\N,Đã gửi email xác nhận booking.,2026-09-15 02:10:00
2386,28,PAYMENT_RECEIVED,\N,Thanh toán PAY-20261003-00028 thành công.,2026-09-15 02:34:00
2387,13,PAYMENT_RECEIVED,\N,Thanh toán PAY-20261022-00013 thành công.,2026-09-15 02:40:00
2388,77,CREATED,6,Booking LNR-20261026-00077 được tạo.,2026-09-15 03:00:00
2389,131,CREATED,9,Booking LNR-20261002-00131 được tạo.,2026-09-15 03:00:00
2390,164,CREATED,9,Booking LNR-20261020-00164 được tạo.,2026-09-15 03:00:00
2391,250,CREATED,6,Booking LNR-20261021-00250 được tạo.,2026-09-15 03:00:00
2392,258,CREATED,8,Booking LNR-20261031-00258 được tạo.,2026-09-15 03:00:00
2393,297,CREATED,9,Booking LNR-20261026-00297 được tạo.,2026-09-15 03:00:00
2394,396,CREATED,9,Booking LNR-20261030-00396 được tạo.,2026-09-15 03:00:00
2395,497,CREATED,57,Booking LNR-20260926-00497 được tạo.,2026-09-15 03:00:00
2396,77,STAFF_ASSIGNED,6,Đã phân công kỹ thuật viên #20.,2026-09-15 03:05:00
2397,131,STAFF_ASSIGNED,9,Đã phân công kỹ thuật viên #23.,2026-09-15 03:05:00
2398,164,STAFF_ASSIGNED,9,Đã phân công kỹ thuật viên #13.,2026-09-15 03:05:00
2399,250,STAFF_ASSIGNED,\N,Đã phân công kỹ thuật viên #10.,2026-09-15 03:05:00
2400,258,STAFF_ASSIGNED,\N,Đã phân công kỹ thuật viên #13.,2026-09-15 03:05:00
2401,297,STAFF_ASSIGNED,9,Đã phân công kỹ thuật viên #13.,2026-09-15 03:05:00
2402,396,STAFF_ASSIGNED,9,Đã phân công kỹ thuật viên #13.,2026-09-15 03:05:00
2403,497,STAFF_ASSIGNED,57,Đã phân công kỹ thuật viên #14.,2026-09-15 03:05:00
2404,77,EMAIL_SENT,\N,Đã gửi email xác nhận booking.,2026-09-15 03:10:00
2405,297,EMAIL_SENT,\N,Đã gửi email xác nhận booking.,2026-09-15 03:10:00
2406,434,PAYMENT_RECEIVED,\N,Thanh toán PAY-20261015-00434 thành công.,2026-09-15 03:23:00
2407,453,PAYMENT_RECEIVED,\N,Thanh toán PAY-20261023-00453 thành công.,2026-09-15 03:23:00
2408,5,CREATED,7,Booking LNR-20261015-00005 được tạo.,2026-09-15 04:00:00
2409,227,CREATED,7,Booking LNR-20261001-00227 được tạo.,2026-09-15 04:00:00
2410,252,CREATED,52,Booking LNR-20261012-00252 được tạo.,2026-09-15 04:00:00
2411,330,CREATED,82,Booking LNR-20260922-00330 được tạo.,2026-09-15 04:00:00
2412,371,CREATED,9,Booking LNR-20261028-00371 được tạo.,2026-09-15 04:00:00
2413,569,CREATED,37,Booking LNR-20261013-00569 được tạo.,2026-09-15 04:00:00
2414,5,STAFF_ASSIGNED,\N,Đã phân công kỹ thuật viên #18.,2026-09-15 04:05:00
2415,227,STAFF_ASSIGNED,7,Đã phân công kỹ thuật viên #18.,2026-09-15 04:05:00
2416,252,STAFF_ASSIGNED,52,Đã phân công kỹ thuật viên #21.,2026-09-15 04:05:00
2417,330,STAFF_ASSIGNED,\N,Đã phân công kỹ thuật viên #14.,2026-09-15 04:05:00
2418,371,STAFF_ASSIGNED,\N,Đã phân công kỹ thuật viên #11.,2026-09-15 04:05:00
2419,569,STAFF_ASSIGNED,\N,Đã phân công kỹ thuật viên #12.,2026-09-15 04:05:00
2420,227,EMAIL_SENT,\N,Đã gửi email xác nhận booking.,2026-09-15 04:10:00
2421,232,PAYMENT_RECEIVED,\N,Thanh toán PAY-20260923-00232 thành công.,2026-09-15 04:27:00
2422,330,PAYMENT_RECEIVED,\N,Thanh toán PAY-20260922-00330 thành công.,2026-09-15 04:46:00
2423,45,CREATED,9,Booking LNR-20261029-00045 được tạo.,2026-09-15 05:00:00
2424,46,CREATED,8,Booking LNR-20261015-00046 được tạo.,2026-09-15 05:00:00
2425,59,CREATED,7,Booking LNR-20261027-00059 được tạo.,2026-09-15 05:00:00
2426,98,CREATED,124,Booking LNR-20261017-00098 được tạo.,2026-09-15 05:00:00
2427,242,CREATED,7,Booking LNR-20261010-00242 được tạo.,2026-09-15 05:00:00
2428,327,CREATED,7,Booking LNR-20261014-00327 được tạo.,2026-09-15 05:00:00
2429,354,CREATED,7,Booking LNR-20261012-00354 được tạo.,2026-09-15 05:00:00
2430,356,CREATED,9,Booking LNR-20261031-00356 được tạo.,2026-09-15 05:00:00
2431,372,CREATED,7,Booking LNR-20260922-00372 được tạo.,2026-09-15 05:00:00
2432,428,CREATED,8,Booking LNR-20261024-00428 được tạo.,2026-09-15 05:00:00
2433,580,CREATED,8,Booking LNR-20260929-00580 được tạo.,2026-09-15 05:00:00
2434,45,STAFF_ASSIGNED,\N,Đã phân công kỹ thuật viên #12.,2026-09-15 05:05:00
2435,46,STAFF_ASSIGNED,8,Đã phân công kỹ thuật viên #21.,2026-09-15 05:05:00
2436,59,STAFF_ASSIGNED,7,Đã phân công kỹ thuật viên #12.,2026-09-15 05:05:00
2437,98,STAFF_ASSIGNED,124,Đã phân công kỹ thuật viên #18.,2026-09-15 05:05:00
2438,242,STAFF_ASSIGNED,\N,Đã phân công kỹ thuật viên #19.,2026-09-15 05:05:00
2439,327,STAFF_ASSIGNED,7,Đã phân công kỹ thuật viên #16.,2026-09-15 05:05:00
2440,354,STAFF_ASSIGNED,7,Đã phân công kỹ thuật viên #21.,2026-09-15 05:05:00
2441,356,STAFF_ASSIGNED,\N,Đã phân công kỹ thuật viên #22.,2026-09-15 05:05:00
2442,372,STAFF_ASSIGNED,\N,Đã phân công kỹ thuật viên #21.,2026-09-15 05:05:00
2443,428,STAFF_ASSIGNED,\N,Đã phân công kỹ thuật viên #11.,2026-09-15 05:05:00
2444,580,STAFF_ASSIGNED,8,Đã phân công kỹ thuật viên #15.,2026-09-15 05:05:00
2445,46,EMAIL_SENT,\N,Đã gửi email xác nhận booking.,2026-09-15 05:10:00
2446,372,EMAIL_SENT,\N,Đã gửi email xác nhận booking.,2026-09-15 05:10:00
2447,580,EMAIL_SENT,\N,Đã gửi email xác nhận booking.,2026-09-15 05:10:00
2448,46,PAYMENT_RECEIVED,\N,Thanh toán PAY-20261015-00046 thành công.,2026-09-15 05:21:00
2449,457,PAYMENT_RECEIVED,\N,Thanh toán PAY-20260929-00457 thành công.,2026-09-15 05:50:00
2450,80,CREATED,7,Booking LNR-20260924-00080 được tạo.,2026-09-15 06:00:00
2451,161,CREATED,40,Booking LNR-20261023-00161 được tạo.,2026-09-15 06:00:00
2452,312,CREATED,7,Booking LNR-20261031-00312 được tạo.,2026-09-15 06:00:00
2453,400,CREATED,33,Booking LNR-20261012-00400 được tạo.,2026-09-15 06:00:00
2454,80,STAFF_ASSIGNED,\N,Đã phân công kỹ thuật viên #17.,2026-09-15 06:05:00
2455,161,STAFF_ASSIGNED,\N,Đã phân công kỹ thuật viên #22.,2026-09-15 06:05:00
2456,312,STAFF_ASSIGNED,\N,Đã phân công kỹ thuật viên #19.,2026-09-15 06:05:00
2457,400,STAFF_ASSIGNED,\N,Đã phân công kỹ thuật viên #19.,2026-09-15 06:05:00
2458,161,EMAIL_SENT,\N,Đã gửi email xác nhận booking.,2026-09-15 06:10:00
2459,45,PAYMENT_RECEIVED,\N,Thanh toán PAY-20261029-00045 thành công.,2026-09-15 06:22:00
2460,76,CREATED,58,Booking LNR-20261030-00076 được tạo.,2026-09-15 07:00:00
2461,117,CREATED,136,Booking LNR-20261010-00117 được tạo.,2026-09-15 07:00:00
2462,170,CREATED,7,Booking LNR-20261001-00170 được tạo.,2026-09-15 07:00:00
2463,248,CREATED,92,Booking LNR-20261024-00248 được tạo.,2026-09-15 07:00:00
2464,288,CREATED,117,Booking LNR-20261030-00288 được tạo.,2026-09-15 07:00:00
2465,465,CREATED,37,Booking LNR-20261022-00465 được tạo.,2026-09-15 07:00:00
2466,565,CREATED,7,Booking LNR-20261024-00565 được tạo.,2026-09-15 07:00:00
2467,600,CREATED,172,Booking LNR-20261007-00600 được tạo.,2026-09-15 07:00:00
2468,76,STAFF_ASSIGNED,58,Đã phân công kỹ thuật viên #12.,2026-09-15 07:05:00
2469,117,STAFF_ASSIGNED,136,Đã phân công kỹ thuật viên #18.,2026-09-15 07:05:00
2470,170,STAFF_ASSIGNED,7,Đã phân công kỹ thuật viên #12.,2026-09-15 07:05:00
2471,248,STAFF_ASSIGNED,92,Đã phân công kỹ thuật viên #18.,2026-09-15 07:05:00
2472,288,STAFF_ASSIGNED,117,Đã phân công kỹ thuật viên #13.,2026-09-15 07:05:00
2473,465,STAFF_ASSIGNED,\N,Đã phân công kỹ thuật viên #23.,2026-09-15 07:05:00
2474,565,STAFF_ASSIGNED,7,Đã phân công kỹ thuật viên #17.,2026-09-15 07:05:00
2475,600,STAFF_ASSIGNED,\N,Đã phân công kỹ thuật viên #14.,2026-09-15 07:05:00
2476,288,EMAIL_SENT,\N,Đã gửi email xác nhận booking.,2026-09-15 07:10:00
2477,565,EMAIL_SENT,\N,Đã gửi email xác nhận booking.,2026-09-15 07:10:00
2478,172,PAYMENT_RECEIVED,\N,Thanh toán PAY-20261017-00172 thành công.,2026-09-15 07:26:00
2479,29,CREATED,169,Booking LNR-20261006-00029 được tạo.,2026-09-15 08:00:00
2480,55,CREATED,97,Booking LNR-20261024-00055 được tạo.,2026-09-15 08:00:00
2481,110,CREATED,84,Booking LNR-20261015-00110 được tạo.,2026-09-15 08:00:00
2482,230,CREATED,80,Booking LNR-20261008-00230 được tạo.,2026-09-15 08:00:00
2483,293,CREATED,131,Booking LNR-20260924-00293 được tạo.,2026-09-15 08:00:00
2484,315,CREATED,7,Booking LNR-20260923-00315 được tạo.,2026-09-15 08:00:00
2485,383,CREATED,8,Booking LNR-20260930-00383 được tạo.,2026-09-15 08:00:00
2486,393,CREATED,7,Booking LNR-20261029-00393 được tạo.,2026-09-15 08:00:00
2487,401,CREATED,6,Booking LNR-20261005-00401 được tạo.,2026-09-15 08:00:00
2488,418,CREATED,41,Booking LNR-20261026-00418 được tạo.,2026-09-15 08:00:00
2489,436,CREATED,9,Booking LNR-20261029-00436 được tạo.,2026-09-15 08:00:00
2490,458,CREATED,163,Booking LNR-20260928-00458 được tạo.,2026-09-15 08:00:00
2491,532,CREATED,35,Booking LNR-20261001-00532 được tạo.,2026-09-15 08:00:00
2492,535,CREATED,8,Booking LNR-20261005-00535 được tạo.,2026-09-15 08:00:00
2493,29,STAFF_ASSIGNED,\N,Đã phân công kỹ thuật viên #14.,2026-09-15 08:05:00
2494,55,STAFF_ASSIGNED,97,Đã phân công kỹ thuật viên #24.,2026-09-15 08:05:00
2495,110,STAFF_ASSIGNED,84,Đã phân công kỹ thuật viên #24.,2026-09-15 08:05:00
2496,230,STAFF_ASSIGNED,80,Đã phân công kỹ thuật viên #17.,2026-09-15 08:05:00
2497,293,STAFF_ASSIGNED,131,Đã phân công kỹ thuật viên #10.,2026-09-15 08:05:00
2498,315,STAFF_ASSIGNED,\N,Đã phân công kỹ thuật viên #14.,2026-09-15 08:05:00
2499,383,STAFF_ASSIGNED,8,Đã phân công kỹ thuật viên #16.,2026-09-15 08:05:00
2500,393,STAFF_ASSIGNED,\N,Đã phân công kỹ thuật viên #23.,2026-09-15 08:05:00
2501,401,STAFF_ASSIGNED,\N,Đã phân công kỹ thuật viên #24.,2026-09-15 08:05:00
2502,418,STAFF_ASSIGNED,41,Đã phân công kỹ thuật viên #14.,2026-09-15 08:05:00
2503,436,STAFF_ASSIGNED,9,Đã phân công kỹ thuật viên #14.,2026-09-15 08:05:00
2504,458,STAFF_ASSIGNED,163,Đã phân công kỹ thuật viên #11.,2026-09-15 08:05:00
2505,532,STAFF_ASSIGNED,35,Đã phân công kỹ thuật viên #21.,2026-09-15 08:05:00
2506,535,STAFF_ASSIGNED,8,Đã phân công kỹ thuật viên #13.,2026-09-15 08:05:00
2507,110,EMAIL_SENT,\N,Đã gửi email xác nhận booking.,2026-09-15 08:10:00
2508,230,EMAIL_SENT,\N,Đã gửi email xác nhận booking.,2026-09-15 08:10:00
2509,383,EMAIL_SENT,\N,Đã gửi email xác nhận booking.,2026-09-15 08:10:00
2510,401,EMAIL_SENT,\N,Đã gửi email xác nhận booking.,2026-09-15 08:10:00
2511,418,EMAIL_SENT,\N,Đã gửi email xác nhận booking.,2026-09-15 08:10:00
2512,458,EMAIL_SENT,\N,Đã gửi email xác nhận booking.,2026-09-15 08:10:00
2513,532,EMAIL_SENT,\N,Đã gửi email xác nhận booking.,2026-09-15 08:10:00
2514,535,EMAIL_SENT,\N,Đã gửi email xác nhận booking.,2026-09-15 08:10:00
2515,180,CHECKED_IN,7,Khách đã check-in tại spa.,2026-09-15 08:48:00
2516,514,CHECKED_IN,8,Khách đã check-in tại spa.,2026-09-15 08:48:00
2517,20,CREATED,9,Booking LNR-20261017-00020 được tạo.,2026-09-15 09:00:00
2518,169,CREATED,9,Booking LNR-20260929-00169 được tạo.,2026-09-15 09:00:00
2519,212,CREATED,6,Booking LNR-20261028-00212 được tạo.,2026-09-15 09:00:00
2520,241,CREATED,138,Booking LNR-20261027-00241 được tạo.,2026-09-15 09:00:00
2521,266,CREATED,7,Booking LNR-20261022-00266 được tạo.,2026-09-15 09:00:00
2522,313,CREATED,7,Booking LNR-20260923-00313 được tạo.,2026-09-15 09:00:00
2523,321,CREATED,7,Booking LNR-20261013-00321 được tạo.,2026-09-15 09:00:00
2524,367,CREATED,9,Booking LNR-20261030-00367 được tạo.,2026-09-15 09:00:00
2525,423,CREATED,6,Booking LNR-20261009-00423 được tạo.,2026-09-15 09:00:00
2526,180,SERVICE_STARTED,14,Kỹ thuật viên bắt đầu thực hiện dịch vụ.,2026-09-15 09:02:00
2527,20,STAFF_ASSIGNED,\N,Đã phân công kỹ thuật viên #19.,2026-09-15 09:05:00
2528,169,STAFF_ASSIGNED,\N,Đã phân công kỹ thuật viên #22.,2026-09-15 09:05:00
2529,212,STAFF_ASSIGNED,6,Đã phân công kỹ thuật viên #10.,2026-09-15 09:05:00
2530,241,STAFF_ASSIGNED,\N,Đã phân công kỹ thuật viên #16.,2026-09-15 09:05:00
2531,266,STAFF_ASSIGNED,7,Đã phân công kỹ thuật viên #16.,2026-09-15 09:05:00
2532,313,STAFF_ASSIGNED,7,Đã phân công kỹ thuật viên #14.,2026-09-15 09:05:00
2533,321,STAFF_ASSIGNED,\N,Đã phân công kỹ thuật viên #19.,2026-09-15 09:05:00
2534,367,STAFF_ASSIGNED,9,Đã phân công kỹ thuật viên #21.,2026-09-15 09:05:00
2535,423,STAFF_ASSIGNED,6,Đã phân công kỹ thuật viên #22.,2026-09-15 09:05:00
2536,169,EMAIL_SENT,\N,Đã gửi email xác nhận booking.,2026-09-15 09:10:00
2537,241,EMAIL_SENT,\N,Đã gửi email xác nhận booking.,2026-09-15 09:10:00
2538,313,EMAIL_SENT,\N,Đã gửi email xác nhận booking.,2026-09-15 09:10:00
2539,321,EMAIL_SENT,\N,Đã gửi email xác nhận booking.,2026-09-15 09:10:00
2540,367,EMAIL_SENT,\N,Đã gửi email xác nhận booking.,2026-09-15 09:10:00
2541,514,SERVICE_STARTED,16,Kỹ thuật viên bắt đầu thực hiện dịch vụ.,2026-09-15 09:10:00
2542,259,CHECKED_IN,8,Khách đã check-in tại spa.,2026-09-15 09:12:00
2543,32,CHECKED_IN,6,Khách đã check-in tại spa.,2026-09-15 09:13:00
2544,181,CHECKED_IN,7,Khách đã check-in tại spa.,2026-09-15 09:16:00
2545,169,PAYMENT_RECEIVED,\N,Thanh toán PAY-20260929-00169 thành công.,2026-09-15 09:17:00
2546,598,CHECKED_IN,9,Khách đã check-in tại spa.,2026-09-15 09:22:00
2547,533,CHECKED_IN,6,Khách đã check-in tại spa.,2026-09-15 09:27:00
2548,548,CHECKED_IN,6,Khách đã check-in tại spa.,2026-09-15 09:40:00
2549,34,CHECKED_IN,8,Khách đã check-in tại spa.,2026-09-15 09:43:00
2550,533,SERVICE_STARTED,18,Kỹ thuật viên bắt đầu thực hiện dịch vụ.,2026-09-15 09:50:00
2551,6,CHECKED_IN,9,Khách đã check-in tại spa.,2026-09-15 10:00:00
2552,67,CREATED,8,Booking LNR-20261021-00067 được tạo.,2026-09-15 10:00:00
2553,97,CREATED,7,Booking LNR-20261024-00097 được tạo.,2026-09-15 10:00:00
2554,151,CREATED,7,Booking LNR-20261030-00151 được tạo.,2026-09-15 10:00:00
2555,339,CREATED,9,Booking LNR-20261008-00339 được tạo.,2026-09-15 10:00:00
2556,444,CREATED,6,Booking LNR-20261026-00444 được tạo.,2026-09-15 10:00:00
2557,531,CREATED,6,Booking LNR-20261012-00531 được tạo.,2026-09-15 10:00:00
2558,589,CREATED,9,Booking LNR-20261010-00589 được tạo.,2026-09-15 10:00:00
2559,67,STAFF_ASSIGNED,8,Đã phân công kỹ thuật viên #20.,2026-09-15 10:05:00
2560,97,STAFF_ASSIGNED,7,Đã phân công kỹ thuật viên #12.,2026-09-15 10:05:00
2561,151,STAFF_ASSIGNED,\N,Đã phân công kỹ thuật viên #23.,2026-09-15 10:05:00
2562,339,STAFF_ASSIGNED,9,Đã phân công kỹ thuật viên #20.,2026-09-15 10:05:00
2563,444,STAFF_ASSIGNED,6,Đã phân công kỹ thuật viên #24.,2026-09-15 10:05:00
2564,531,STAFF_ASSIGNED,6,Đã phân công kỹ thuật viên #17.,2026-09-15 10:05:00
2565,589,STAFF_ASSIGNED,\N,Đã phân công kỹ thuật viên #22.,2026-09-15 10:05:00
2566,151,EMAIL_SENT,\N,Đã gửi email xác nhận booking.,2026-09-15 10:10:00
2567,444,EMAIL_SENT,\N,Đã gửi email xác nhận booking.,2026-09-15 10:10:00
2568,6,SERVICE_STARTED,24,Kỹ thuật viên bắt đầu thực hiện dịch vụ.,2026-09-15 10:23:00
2569,248,PAYMENT_RECEIVED,\N,Thanh toán PAY-20261024-00248 thành công.,2026-09-15 10:25:00
2570,313,PAYMENT_RECEIVED,\N,Thanh toán PAY-20260923-00313 thành công.,2026-09-15 10:29:00
2571,20,PAYMENT_RECEIVED,\N,Thanh toán PAY-20261017-00020 thành công.,2026-09-15 10:30:00
2572,415,CHECKED_IN,7,Khách đã check-in tại spa.,2026-09-15 10:34:00
2573,131,PAYMENT_RECEIVED,\N,Thanh toán PAY-20261002-00131 thành công.,2026-09-15 10:44:00
2574,206,CHECKED_IN,7,Khách đã check-in tại spa.,2026-09-15 10:46:00
2575,415,SERVICE_STARTED,19,Kỹ thuật viên bắt đầu thực hiện dịch vụ.,2026-09-15 10:49:00
2576,96,CREATED,9,Booking LNR-20261009-00096 được tạo.,2026-09-15 11:00:00
2577,154,CREATED,165,Booking LNR-20261021-00154 được tạo.,2026-09-15 11:00:00
2578,219,CREATED,7,Booking LNR-20261014-00219 được tạo.,2026-09-15 11:00:00
2579,267,CREATED,6,Booking LNR-20261017-00267 được tạo.,2026-09-15 11:00:00
2580,314,CREATED,6,Booking LNR-20261024-00314 được tạo.,2026-09-15 11:00:00
2581,348,CREATED,9,Booking LNR-20261009-00348 được tạo.,2026-09-15 11:00:00
2582,368,CREATED,6,Booking LNR-20261006-00368 được tạo.,2026-09-15 11:00:00
2583,455,CREATED,6,Booking LNR-20261020-00455 được tạo.,2026-09-15 11:00:00
2584,460,CHECKED_IN,7,Khách đã check-in tại spa.,2026-09-15 11:00:00
2585,464,CREATED,139,Booking LNR-20261023-00464 được tạo.,2026-09-15 11:00:00
2586,485,CREATED,119,Booking LNR-20261016-00485 được tạo.,2026-09-15 11:00:00
2587,485,PAYMENT_RECEIVED,\N,Thanh toán PAY-20261016-00485 thành công.,2026-09-15 11:00:00
2588,523,CREATED,75,Booking LNR-20261019-00523 được tạo.,2026-09-15 11:00:00
2589,572,CREATED,132,Booking LNR-20260924-00572 được tạo.,2026-09-15 11:00:00
2590,338,CHECKED_IN,8,Khách đã check-in tại spa.,2026-09-15 11:01:00
2591,96,STAFF_ASSIGNED,9,Đã phân công kỹ thuật viên #23.,2026-09-15 11:05:00
2592,154,STAFF_ASSIGNED,165,Đã phân công kỹ thuật viên #22.,2026-09-15 11:05:00
2593,219,STAFF_ASSIGNED,\N,Đã phân công kỹ thuật viên #20.,2026-09-15 11:05:00
2594,267,STAFF_ASSIGNED,6,Đã phân công kỹ thuật viên #19.,2026-09-15 11:05:00
2595,314,STAFF_ASSIGNED,6,Đã phân công kỹ thuật viên #19.,2026-09-15 11:05:00
2596,348,STAFF_ASSIGNED,\N,Đã phân công kỹ thuật viên #12.,2026-09-15 11:05:00
2597,368,STAFF_ASSIGNED,\N,Đã phân công kỹ thuật viên #20.,2026-09-15 11:05:00
2598,455,STAFF_ASSIGNED,6,Đã phân công kỹ thuật viên #10.,2026-09-15 11:05:00
2599,464,STAFF_ASSIGNED,139,Đã phân công kỹ thuật viên #19.,2026-09-15 11:05:00
2600,485,STAFF_ASSIGNED,119,Đã phân công kỹ thuật viên #16.,2026-09-15 11:05:00
2601,523,STAFF_ASSIGNED,75,Đã phân công kỹ thuật viên #18.,2026-09-15 11:05:00
2602,523,PAYMENT_RECEIVED,\N,Thanh toán PAY-20261019-00523 thành công.,2026-09-15 11:05:00
2603,572,STAFF_ASSIGNED,132,Đã phân công kỹ thuật viên #17.,2026-09-15 11:05:00
2604,277,PAYMENT_RECEIVED,\N,Thanh toán PAY-20260926-00277 thành công.,2026-09-15 11:07:00
2605,96,EMAIL_SENT,\N,Đã gửi email xác nhận booking.,2026-09-15 11:10:00
2606,267,EMAIL_SENT,\N,Đã gửi email xác nhận booking.,2026-09-15 11:10:00
2607,314,EMAIL_SENT,\N,Đã gửi email xác nhận booking.,2026-09-15 11:10:00
2608,368,EMAIL_SENT,\N,Đã gửi email xác nhận booking.,2026-09-15 11:10:00
2609,464,EMAIL_SENT,\N,Đã gửi email xác nhận booking.,2026-09-15 11:10:00
2610,523,EMAIL_SENT,\N,Đã gửi email xác nhận booking.,2026-09-15 11:10:00
2611,572,EMAIL_SENT,\N,Đã gửi email xác nhận booking.,2026-09-15 11:10:00
2612,74,CREATED,8,Booking LNR-20260926-00074 được tạo.,2026-09-15 11:15:00
2613,323,CHECKED_IN,7,Khách đã check-in tại spa.,2026-09-15 11:19:00
2614,74,STAFF_ASSIGNED,\N,Đã phân công kỹ thuật viên #17.,2026-09-15 11:20:00
2615,113,CHECKED_IN,7,Khách đã check-in tại spa.,2026-09-15 11:21:00
2616,74,EMAIL_SENT,\N,Đã gửi email xác nhận booking.,2026-09-15 11:25:00
2617,338,SERVICE_STARTED,16,Kỹ thuật viên bắt đầu thực hiện dịch vụ.,2026-09-15 11:25:00
2618,14,CHECKED_IN,9,Khách đã check-in tại spa.,2026-09-15 11:28:00
2619,383,PAYMENT_RECEIVED,\N,Thanh toán PAY-20260930-00383 thành công.,2026-09-15 11:31:00
2620,367,PAYMENT_RECEIVED,\N,Thanh toán PAY-20261030-00367 thành công.,2026-09-15 11:33:00
2621,113,SERVICE_STARTED,14,Kỹ thuật viên bắt đầu thực hiện dịch vụ.,2026-09-15 11:35:00
2622,186,CHECKED_IN,9,Khách đã check-in tại spa.,2026-09-15 11:36:00
2623,230,PAYMENT_RECEIVED,\N,Thanh toán PAY-20261008-00230 thành công.,2026-09-15 11:37:00
2624,139,PAYMENT_RECEIVED,\N,Thanh toán PAY-20261006-00139 thành công.,2026-09-15 11:38:00
2625,323,SERVICE_STARTED,20,Kỹ thuật viên bắt đầu thực hiện dịch vụ.,2026-09-15 11:39:00
2626,309,PAYMENT_RECEIVED,\N,Thanh toán PAY-20261019-00309 thành công.,2026-09-15 11:40:00
2627,455,PAYMENT_RECEIVED,\N,Thanh toán PAY-20261020-00455 thành công.,2026-09-15 11:41:00
2628,186,SERVICE_STARTED,12,Kỹ thuật viên bắt đầu thực hiện dịch vụ.,2026-09-15 11:50:00
2629,569,PAYMENT_RECEIVED,\N,Thanh toán PAY-20261013-00569 thành công.,2026-09-15 11:53:00
2630,52,CREATED,61,Booking LNR-20261023-00052 được tạo.,2026-09-15 12:00:00
2631,89,CREATED,9,Booking LNR-20261027-00089 được tạo.,2026-09-15 12:00:00
2632,109,CREATED,8,Booking LNR-20261022-00109 được tạo.,2026-09-15 12:00:00
2633,217,CREATED,91,Booking LNR-20261026-00217 được tạo.,2026-09-15 12:00:00
2634,310,CREATED,65,Booking LNR-20260928-00310 được tạo.,2026-09-15 12:00:00
2635,450,CREATED,110,Booking LNR-20260923-00450 được tạo.,2026-09-15 12:00:00
2636,454,CREATED,7,Booking LNR-20261019-00454 được tạo.,2026-09-15 12:00:00
2637,493,CREATED,8,Booking LNR-20260917-00493 được tạo.,2026-09-15 12:00:00
2638,93,CHECKED_IN,6,Khách đã check-in tại spa.,2026-09-15 12:04:00
2639,52,STAFF_ASSIGNED,61,Đã phân công kỹ thuật viên #18.,2026-09-15 12:05:00
2640,89,STAFF_ASSIGNED,9,Đã phân công kỹ thuật viên #16.,2026-09-15 12:05:00
2641,109,STAFF_ASSIGNED,\N,Đã phân công kỹ thuật viên #15.,2026-09-15 12:05:00
2642,217,STAFF_ASSIGNED,91,Đã phân công kỹ thuật viên #19.,2026-09-15 12:05:00
2643,310,STAFF_ASSIGNED,\N,Đã phân công kỹ thuật viên #17.,2026-09-15 12:05:00
2644,450,STAFF_ASSIGNED,\N,Đã phân công kỹ thuật viên #14.,2026-09-15 12:05:00
2645,454,STAFF_ASSIGNED,7,Đã phân công kỹ thuật viên #12.,2026-09-15 12:05:00
2646,493,STAFF_ASSIGNED,8,Đã phân công kỹ thuật viên #20.,2026-09-15 12:05:00
2647,594,CHECKED_IN,9,Khách đã check-in tại spa.,2026-09-15 12:05:00
2648,310,EMAIL_SENT,\N,Đã gửi email xác nhận booking.,2026-09-15 12:10:00
2649,493,EMAIL_SENT,\N,Đã gửi email xác nhận booking.,2026-09-15 12:10:00
2650,64,CHECKED_IN,9,Khách đã check-in tại spa.,2026-09-15 12:20:00
2651,93,SERVICE_STARTED,22,Kỹ thuật viên bắt đầu thực hiện dịch vụ.,2026-09-15 12:21:00
2652,448,CHECKED_IN,8,Khách đã check-in tại spa.,2026-09-15 12:21:00
2653,594,SERVICE_STARTED,18,Kỹ thuật viên bắt đầu thực hiện dịch vụ.,2026-09-15 12:24:00
2654,310,PAYMENT_RECEIVED,\N,Thanh toán PAY-20260928-00310 thành công.,2026-09-15 12:27:00
2655,356,PAYMENT_RECEIVED,\N,Thanh toán PAY-20261031-00356 thành công.,2026-09-15 12:29:00
2656,394,CHECKED_IN,7,Khách đã check-in tại spa.,2026-09-15 12:31:00
2657,148,PAYMENT_RECEIVED,\N,Thanh toán PAY-20261019-00148 thành công.,2026-09-15 12:35:00
2658,448,SERVICE_STARTED,19,Kỹ thuật viên bắt đầu thực hiện dịch vụ.,2026-09-15 12:35:00
2659,64,SERVICE_STARTED,15,Kỹ thuật viên bắt đầu thực hiện dịch vụ.,2026-09-15 12:39:00
2660,96,PAYMENT_RECEIVED,\N,Thanh toán PAY-20261009-00096 thành công.,2026-09-15 12:44:00
2661,231,CHECKED_IN,9,Khách đã check-in tại spa.,2026-09-15 12:45:00
2662,464,PAYMENT_RECEIVED,\N,Thanh toán PAY-20261023-00464 thành công.,2026-09-15 12:49:00
2663,394,SERVICE_STARTED,21,Kỹ thuật viên bắt đầu thực hiện dịch vụ.,2026-09-15 12:53:00
2664,60,CREATED,87,Booking LNR-20261002-00060 được tạo.,2026-09-15 13:00:00
2665,182,CREATED,8,Booking LNR-20260930-00182 được tạo.,2026-09-15 13:00:00
2666,377,CREATED,131,Booking LNR-20261021-00377 được tạo.,2026-09-15 13:00:00
2667,561,CREATED,114,Booking LNR-20260926-00561 được tạo.,2026-09-15 13:00:00
2668,182,PAYMENT_RECEIVED,\N,Thanh toán PAY-20260930-00182 thành công.,2026-09-15 13:03:00
2669,60,STAFF_ASSIGNED,87,Đã phân công kỹ thuật viên #13.,2026-09-15 13:05:00
2670,182,STAFF_ASSIGNED,\N,Đã phân công kỹ thuật viên #13.,2026-09-15 13:05:00
2671,377,STAFF_ASSIGNED,\N,Đã phân công kỹ thuật viên #21.,2026-09-15 13:05:00
2672,561,STAFF_ASSIGNED,\N,Đã phân công kỹ thuật viên #18.,2026-09-15 13:05:00
2673,307,CHECKED_IN,9,Khách đã check-in tại spa.,2026-09-15 13:06:00
2674,60,EMAIL_SENT,\N,Đã gửi email xác nhận booking.,2026-09-15 13:10:00
2675,231,SERVICE_STARTED,13,Kỹ thuật viên bắt đầu thực hiện dịch vụ.,2026-09-15 13:10:00
2676,561,EMAIL_SENT,\N,Đã gửi email xác nhận booking.,2026-09-15 13:10:00
2677,217,PAYMENT_RECEIVED,\N,Thanh toán PAY-20261026-00217 thành công.,2026-09-15 13:19:00
2678,129,CHECKED_IN,9,Khách đã check-in tại spa.,2026-09-15 13:23:00
2679,293,PAYMENT_RECEIVED,\N,Thanh toán PAY-20260924-00293 thành công.,2026-09-15 13:23:00
2680,520,CHECKED_IN,7,Khách đã check-in tại spa.,2026-09-15 13:28:00
2681,487,CREATED,7,Booking LNR-20261001-00487 được tạo.,2026-09-15 13:30:00
2682,487,STAFF_ASSIGNED,7,Đã phân công kỹ thuật viên #15.,2026-09-15 13:35:00
2683,487,EMAIL_SENT,\N,Đã gửi email xác nhận booking.,2026-09-15 13:40:00
2684,276,CHECKED_IN,6,Khách đã check-in tại spa.,2026-09-15 13:41:00
2685,561,PAYMENT_RECEIVED,\N,Thanh toán PAY-20260926-00561 thành công.,2026-09-15 13:42:00
2686,292,PAYMENT_RECEIVED,\N,Thanh toán PAY-20261015-00292 thành công.,2026-09-15 13:51:00
2687,350,CHECKED_IN,7,Khách đã check-in tại spa.,2026-09-15 13:52:00
2688,108,CHECKED_IN,6,Khách đã check-in tại spa.,2026-09-15 13:53:00
2689,59,PAYMENT_RECEIVED,\N,Thanh toán PAY-20261027-00059 thành công.,2026-09-15 13:55:00
2690,377,PAYMENT_RECEIVED,\N,Thanh toán PAY-20261021-00377 thành công.,2026-09-15 14:14:00
2691,252,PAYMENT_RECEIVED,\N,Thanh toán PAY-20261012-00252 thành công.,2026-09-15 14:23:00
