id,booking_code,customer_account_id,staff_account_id,status,assignment_source,customer_name_snapshot,customer_email_snapshot,customer_phone_snapshot,booking_start,booking_end,customer_note,total_duration_minutes,total_amount,checked_in_at,service_started_at,completed_at,created_by_account_id,created_at,updated_at
1,LNR-20260606-00001,163,16,COMPLETED,SYSTEM,Hồ Nhật Kiệt,customer163@lunara-spa.demo,0533128619,2026-06-06 11:30:00,2026-06-06 15:15:00,"Đặt nhân dịp sinh nhật, xin chuẩn bị trà thảo mộc.",225,1470000,2026-06-06 11:17:00,2026-06-06 11:34:00,2026-06-06 15:19:00,7,2026-06-03 06:45:00,2026-06-06 15:19:00
2,LNR-20260905-00002,35,23,COMPLETED,SYSTEM,Phạm Trung Bảo,customer35@lunara-spa.demo,0582642884,2026-09-05 11:15:00,2026-09-05 12:15:00,Ưu tiên phòng yên tĩnh.,60,450000,2026-09-05 10:58:00,2026-09-05 11:19:00,2026-09-05 12:18:00,8,2026-08-24 10:00:00,2026-09-05 12:18:00
3,LNR-20260720-00003,73,24,COMPLETED,ADMIN,Dương Chí Bảo,customer73@lunara-spa.demo,0532185513,2026-07-20 10:15:00,2026-07-20 11:30:00,"Đã từng bị đau cổ vai gáy, xin massage nhẹ.",75,480000,2026-07-20 09:58:00,2026-07-20 10:17:00,2026-07-20 11:29:00,8,2026-07-12 09:15:00,2026-07-20 11:29:00
4,LNR-20261009-00004,106,24,CONFIRMED,ADMIN,Phan Thị Phương,customer106@lunara-spa.demo,0847129673,2026-10-09 12:00:00,2026-10-09 15:00:00,\N,180,1520000,\N,\N,\N,9,2026-09-14 14:00:00,2026-09-14 14:00:00
5,LNR-20261015-00005,43,18,PENDING_PAYMENT,ADMIN,Mai Trúc Anh,customer43@lunara-spa.demo,0866328881,2026-10-15 11:30:00,2026-10-15 12:45:00,Không sử dụng phòng xông hơi trước dịch vụ.,75,580000,\N,\N,\N,7,2026-09-15 04:00:00,2026-09-15 04:00:00
6,LNR-20260915-00006,71,24,IN_SERVICE,CUSTOMER,Huỳnh Hữu Bình,customer71@lunara-spa.demo,0551737562,2026-09-15 10:15:00,2026-09-15 11:45:00,\N,90,470000,2026-09-15 10:00:00,2026-09-15 10:23:00,\N,71,2026-09-01 09:30:00,2026-09-15 10:23:00
7,LNR-20260917-00007,63,23,CONFIRMED,CUSTOMER,Dương Yến Hạnh,customer63@lunara-spa.demo,0788021544,2026-09-17 13:45:00,2026-09-17 15:00:00,"Da hơi nhạy cảm, xin dùng sản phẩm dịu.",75,480000,\N,\N,\N,63,2026-09-14 10:00:00,2026-09-14 10:00:00
8,LNR-20260618-00008,146,10,COMPLETED,SYSTEM,Đinh Ngọc Nhung,customer146@lunara-spa.demo,0838287434,2026-06-18 11:00:00,2026-06-18 12:30:00,Muốn kỹ thuật viên nữ hỗ trợ.,90,470000,2026-06-18 10:52:00,2026-06-18 11:07:00,2026-06-18 12:36:00,6,2026-06-02 07:30:00,2026-06-18 12:36:00
9,LNR-20260930-00009,56,19,CONFIRMED,CUSTOMER,Tô Diệu Lan,customer56@lunara-spa.demo,0599346311,2026-09-30 11:15:00,2026-09-30 12:45:00,Không dùng tinh dầu có mùi mạnh.,90,630000,\N,\N,\N,56,2026-09-14 19:00:00,2026-09-14 22:14:00
10,LNR-20261016-00010,84,18,PENDING_PAYMENT,SYSTEM,Huỳnh Đức Tuấn,customer84@lunara-spa.demo,0590756631,2026-10-16 16:15:00,2026-10-16 17:00:00,"Đến cùng bạn, xin xếp phòng gần nhau.",45,280000,\N,\N,\N,9,2026-09-14 18:00:00,2026-09-14 18:00:00
11,LNR-20261002-00011,173,11,CONFIRMED,SYSTEM,Đỗ Quỳnh Chi,customer173@lunara-spa.demo,0954485301,2026-10-02 10:30:00,2026-10-02 11:15:00,Xin nhắc uống nước sau liệu trình.,45,280000,\N,\N,\N,6,2026-09-14 14:00:00,2026-09-14 14:13:00
12,LNR-20260731-00012,165,16,COMPLETED,ADMIN,Lý Thanh Phúc,customer165@lunara-spa.demo,0715638864,2026-07-31 12:00:00,2026-07-31 13:30:00,Xin giữ đồ trang sức ở quầy lễ tân.,90,470000,2026-07-31 11:44:00,2026-07-31 12:02:00,2026-07-31 13:32:00,7,2026-07-20 10:15:00,2026-07-31 13:32:00
13,LNR-20261022-00013,37,14,CONFIRMED,CUSTOMER,Trịnh Minh Hiếu,customer37@lunara-spa.demo,0596294669,2026-10-22 13:30:00,2026-10-22 14:30:00,Xin gọi trước khi đến 15 phút.,60,330000,\N,\N,\N,37,2026-09-15 02:00:00,2026-09-15 02:40:00
14,LNR-20260915-00014,141,10,CHECKED_IN,CUSTOMER,Phạm Nhật Nam,customer141@lunara-spa.demo,0784980305,2026-09-15 11:45:00,2026-09-15 13:45:00,Cần hóa đơn cho công ty.,120,590000,2026-09-15 11:28:00,\N,\N,141,2026-09-01 05:00:00,2026-09-15 11:28:00
15,LNR-20260626-00015,41,16,COMPLETED,CUSTOMER,Lý Hồng Linh,customer41@lunara-spa.demo,0813104671,2026-06-26 15:30:00,2026-06-26 16:45:00,"Lần trước dùng đá nóng thấy hợp, xin giữ nhiệt độ vừa.",75,480000,2026-06-26 15:11:00,2026-06-26 15:31:00,2026-06-26 16:46:00,41,2026-06-14 12:30:00,2026-06-26 16:46:00
16,LNR-20260612-00016,39,24,COMPLETED,CUSTOMER,Lý Diệu Vy,customer39@lunara-spa.demo,0980263385,2026-06-12 11:30:00,2026-06-12 12:30:00,\N,60,520000,2026-06-12 11:10:00,2026-06-12 11:32:00,2026-06-12 12:26:00,39,2026-05-25 10:30:00,2026-06-12 12:26:00
17,LNR-20260709-00017,95,24,COMPLETED,SYSTEM,Nguyễn Tuyết Lan,customer95@lunara-spa.demo,0737333925,2026-07-09 15:45:00,2026-07-09 17:00:00,Muốn kỹ thuật viên nữ hỗ trợ.,75,480000,2026-07-09 15:26:00,2026-07-09 15:48:00,2026-07-09 17:01:00,7,2026-06-19 11:15:00,2026-07-09 17:01:00
18,LNR-20260602-00018,152,12,COMPLETED,SYSTEM,Mai Quang Phúc,customer152@lunara-spa.demo,0732598265,2026-06-02 10:00:00,2026-06-02 12:45:00,"Da hơi nhạy cảm, xin dùng sản phẩm dịu.",165,1130000,2026-06-02 09:51:00,2026-06-02 10:00:00,2026-06-02 12:43:00,9,2026-05-20 09:30:00,2026-06-02 12:43:00
19,LNR-20260725-00019,151,10,COMPLETED,CUSTOMER,Mai Bảo Trí,customer151@lunara-spa.demo,0870558327,2026-07-25 14:45:00,2026-07-25 15:45:00,Cần hóa đơn cho công ty.,60,450000,2026-07-25 14:39:00,2026-07-25 14:46:00,2026-07-25 15:42:00,151,2026-07-16 14:30:00,2026-07-25 15:42:00
20,LNR-20261017-00020,139,19,CONFIRMED,SYSTEM,Hoàng Thảo Linh,customer139@lunara-spa.demo,0778632588,2026-10-17 16:30:00,2026-10-17 17:30:00,Ưu tiên phòng yên tĩnh.,60,420000,\N,\N,\N,9,2026-09-15 09:00:00,2026-09-15 10:30:00
21,LNR-20260901-00021,66,21,COMPLETED,SYSTEM,Đinh Hồng Phương,customer66@lunara-spa.demo,0810535601,2026-09-01 13:15:00,2026-09-01 14:45:00,Không sử dụng phòng xông hơi trước dịch vụ.,90,650000,2026-09-01 13:05:00,2026-09-01 13:18:00,2026-09-01 14:48:00,8,2026-08-21 09:45:00,2026-09-01 14:48:00
22,LNR-20260812-00022,85,13,COMPLETED,SYSTEM,Phạm Ngọc Mai,customer85@lunara-spa.demo,0577212733,2026-08-12 16:15:00,2026-08-12 17:15:00,Xin nhắc uống nước sau liệu trình.,60,420000,2026-08-12 16:02:00,2026-08-12 16:21:00,2026-08-12 17:19:00,8,2026-08-04 10:00:00,2026-08-12 17:19:00
23,LNR-20260730-00023,91,20,COMPLETED,SYSTEM,Huỳnh Tuyết Mai,customer91@lunara-spa.demo,0554863979,2026-07-30 15:45:00,2026-07-30 16:45:00,"Đã từng bị đau cổ vai gáy, xin massage nhẹ.",60,520000,2026-07-30 15:39:00,2026-07-30 15:47:00,2026-07-30 16:46:00,7,2026-07-18 15:15:00,2026-07-30 16:46:00
24,LNR-20260618-00024,65,20,COMPLETED,ADMIN,Ngô Văn Phúc,customer65@lunara-spa.demo,0920486996,2026-06-18 10:00:00,2026-06-18 12:30:00,Xin giữ đồ trang sức ở quầy lễ tân.,150,1170000,2026-06-18 09:50:00,2026-06-18 10:04:00,2026-06-18 12:33:00,7,2026-06-14 08:15:00,2026-06-18 12:33:00
25,LNR-20260921-00025,148,14,CONFIRMED,CUSTOMER,Nguyễn Gia Vy,customer148@lunara-spa.demo,0995057628,2026-09-21 14:00:00,2026-09-21 15:30:00,"Đến cùng bạn, xin xếp phòng gần nhau.",90,650000,\N,\N,\N,148,2026-09-04 10:45:00,2026-09-04 11:12:00
26,LNR-20260806-00026,126,20,COMPLETED,CUSTOMER,Đặng Trung Tuấn,customer126@lunara-spa.demo,0725100208,2026-08-06 14:00:00,2026-08-06 17:00:00,\N,180,1320000,2026-08-06 13:55:00,2026-08-06 14:02:00,2026-08-06 16:57:00,126,2026-08-04 12:45:00,2026-08-06 16:57:00
27,LNR-20260613-00027,33,20,COMPLETED,CUSTOMER,Lý Kim My,customer33@lunara-spa.demo,0577587660,2026-06-13 15:00:00,2026-06-13 18:00:00,"Lần trước dùng đá nóng thấy hợp, xin giữ nhiệt độ vừa.",180,1140000,2026-06-13 14:44:00,2026-06-13 15:03:00,2026-06-13 18:02:00,33,2026-06-09 10:15:00,2026-06-13 18:02:00
28,LNR-20261003-00028,153,17,CONFIRMED,CUSTOMER,Ngô Chí Thịnh,customer153@lunara-spa.demo,0812886363,2026-10-03 13:30:00,2026-10-03 15:00:00,"Đặt nhân dịp sinh nhật, xin chuẩn bị trà thảo mộc.",90,530000,\N,\N,\N,153,2026-09-15 02:00:00,2026-09-15 02:34:00
29,LNR-20261006-00029,169,14,PENDING_PAYMENT,CUSTOMER,Ngô Hồng Vy,customer169@lunara-spa.demo,0869247921,2026-10-06 14:30:00,2026-10-06 15:30:00,Xin gọi trước khi đến 15 phút.,60,450000,\N,\N,\N,169,2026-09-15 08:00:00,2026-09-15 08:00:00
30,LNR-20261031-00030,144,19,CONFIRMED,SYSTEM,Mai Khánh Lan,customer144@lunara-spa.demo,0814205254,2026-10-31 16:15:00,2026-10-31 17:15:00,Không dùng tinh dầu có mùi mạnh.,60,420000,\N,\N,\N,8,2026-09-14 16:00:00,2026-09-14 16:08:00
31,LNR-20260911-00031,91,24,COMPLETED,ADMIN,Huỳnh Tuyết Mai,customer91@lunara-spa.demo,0554863979,2026-09-11 14:30:00,2026-09-11 17:45:00,\N,195,1070000,2026-09-11 14:11:00,2026-09-11 14:32:00,2026-09-11 17:44:00,8,2026-08-24 12:30:00,2026-09-11 17:44:00
32,LNR-20260915-00032,141,20,CHECKED_IN,CUSTOMER,Phạm Nhật Nam,customer141@lunara-spa.demo,0784980305,2026-09-15 09:30:00,2026-09-15 10:30:00,Xin gọi trước khi đến 15 phút.,60,350000,2026-09-15 09:13:00,\N,\N,141,2026-09-03 07:45:00,2026-09-15 09:13:00
33,LNR-20260925-00033,172,23,PENDING_PAYMENT,ADMIN,Tô Thành Tuấn,customer172@lunara-spa.demo,0551436549,2026-09-25 14:30:00,2026-09-25 16:00:00,Xin giữ đồ trang sức ở quầy lễ tân.,90,470000,\N,\N,\N,9,2026-09-14 12:15:00,2026-09-14 12:15:00
34,LNR-20260915-00034,166,15,CHECKED_IN,SYSTEM,Đỗ Bảo Huy,customer166@lunara-spa.demo,0932484583,2026-09-15 10:00:00,2026-09-15 11:15:00,Cần hóa đơn cho công ty.,75,580000,2026-09-15 09:43:00,\N,\N,7,2026-08-21 06:00:00,2026-09-15 09:43:00
35,LNR-20261017-00035,45,23,PENDING_PAYMENT,ADMIN,Vũ Ngọc Nhi,customer45@lunara-spa.demo,0810307801,2026-10-17 16:00:00,2026-10-17 17:15:00,Muốn kỹ thuật viên nữ hỗ trợ.,75,480000,\N,\N,\N,7,2026-09-14 18:00:00,2026-09-14 18:00:00
36,LNR-20260615-00036,31,21,COMPLETED,SYSTEM,Phạm Quang Hải,customer31@lunara-spa.demo,0874670743,2026-06-15 11:00:00,2026-06-15 12:15:00,"Đặt nhân dịp sinh nhật, xin chuẩn bị trà thảo mộc.",75,580000,2026-06-15 10:45:00,2026-06-15 11:01:00,2026-06-15 12:13:00,6,2026-06-09 05:15:00,2026-06-15 12:13:00
37,LNR-20260529-00037,154,19,COMPLETED,CUSTOMER,Trần Minh Vy,customer154@lunara-spa.demo,0548356679,2026-05-29 11:15:00,2026-05-29 12:15:00,\N,60,520000,2026-05-29 11:01:00,2026-05-29 11:20:00,2026-05-29 12:18:00,154,2026-05-17 05:15:00,2026-05-29 12:18:00
38,LNR-20260602-00038,50,21,COMPLETED,SYSTEM,Trần Phương Linh,customer50@lunara-spa.demo,0563443969,2026-06-02 13:45:00,2026-06-02 17:15:00,Ưu tiên phòng yên tĩnh.,210,1550000,2026-06-02 13:38:00,2026-06-02 13:53:00,2026-06-02 17:20:00,9,2026-05-19 12:15:00,2026-06-02 17:20:00
39,LNR-20260904-00039,34,18,COMPLETED,ADMIN,Dương Đức Long,customer34@lunara-spa.demo,0958233681,2026-09-04 14:15:00,2026-09-04 15:45:00,Không sử dụng phòng xông hơi trước dịch vụ.,90,650000,2026-09-04 14:03:00,2026-09-04 14:22:00,2026-09-04 15:50:00,7,2026-08-22 07:30:00,2026-09-04 15:50:00
40,LNR-20260801-00040,164,10,COMPLETED,SYSTEM,Trịnh Nhật Bảo,customer164@lunara-spa.demo,0510063133,2026-08-01 10:00:00,2026-08-01 12:45:00,"Da hơi nhạy cảm, xin dùng sản phẩm dịu.",165,1230000,2026-08-01 09:54:00,2026-08-01 10:00:00,2026-08-01 12:44:00,7,2026-07-14 04:00:00,2026-08-01 12:44:00
41,LNR-20260701-00041,110,14,COMPLETED,SYSTEM,Nguyễn Thị Mai,customer110@lunara-spa.demo,0743188723,2026-07-01 11:15:00,2026-07-01 12:15:00,Xin nhắc uống nước sau liệu trình.,60,520000,2026-07-01 10:55:00,2026-07-01 11:22:00,2026-07-01 12:20:00,7,2026-06-20 06:15:00,2026-07-01 12:20:00
42,LNR-20260819-00042,154,23,COMPLETED,SYSTEM,Trần Minh Vy,customer154@lunara-spa.demo,0548356679,2026-08-19 10:30:00,2026-08-19 11:45:00,"Đến cùng bạn, xin xếp phòng gần nhau.",75,480000,2026-08-19 10:24:00,2026-08-19 10:31:00,2026-08-19 11:45:00,6,2026-08-14 05:15:00,2026-08-19 11:45:00
43,LNR-20261001-00043,101,14,CONFIRMED,SYSTEM,Hồ Bảo Hạnh,customer101@lunara-spa.demo,0712325811,2026-10-01 15:45:00,2026-10-01 16:30:00,Không dùng tinh dầu có mùi mạnh.,45,250000,\N,\N,\N,7,2026-09-14 13:00:00,2026-09-14 13:00:00
44,LNR-20261007-00044,114,11,PENDING_PAYMENT,CUSTOMER,Phan Thanh Tuấn,customer114@lunara-spa.demo,0855195874,2026-10-07 12:30:00,2026-10-07 13:30:00,"Đã từng bị đau cổ vai gáy, xin massage nhẹ.",60,330000,\N,\N,\N,114,2026-09-14 18:00:00,2026-09-14 18:00:00
45,LNR-20261029-00045,166,12,CONFIRMED,SYSTEM,Đỗ Bảo Huy,customer166@lunara-spa.demo,0932484583,2026-10-29 16:15:00,2026-10-29 17:45:00,"Lần trước dùng đá nóng thấy hợp, xin giữ nhiệt độ vừa.",90,650000,\N,\N,\N,9,2026-09-15 05:00:00,2026-09-15 06:22:00
46,LNR-20261015-00046,51,21,CONFIRMED,SYSTEM,Đỗ Đình Sơn,customer51@lunara-spa.demo,0753001271,2026-10-15 15:45:00,2026-10-15 17:15:00,Cần hóa đơn cho công ty.,90,650000,\N,\N,\N,8,2026-09-15 05:00:00,2026-09-15 05:21:00
47,LNR-20260819-00047,101,17,COMPLETED,SYSTEM,Hồ Bảo Hạnh,customer101@lunara-spa.demo,0712325811,2026-08-19 12:15:00,2026-08-19 13:45:00,\N,90,650000,2026-08-19 11:57:00,2026-08-19 12:18:00,2026-08-19 13:44:00,8,2026-08-01 07:00:00,2026-08-19 13:44:00
48,LNR-20261019-00048,160,11,PENDING_PAYMENT,ADMIN,Phạm Tuấn Sơn,customer160@lunara-spa.demo,0574142981,2026-10-19 11:45:00,2026-10-19 13:15:00,Không dùng tinh dầu có mùi mạnh.,90,470000,\N,\N,\N,9,2026-09-14 17:00:00,2026-09-14 17:00:00
49,LNR-20260909-00049,63,22,COMPLETED,CUSTOMER,Dương Yến Hạnh,customer63@lunara-spa.demo,0788021544,2026-09-09 10:00:00,2026-09-09 12:00:00,\N,120,810000,2026-09-09 09:49:00,2026-09-09 10:08:00,2026-09-09 12:02:00,63,2026-09-07 09:15:00,2026-09-09 12:02:00
50,LNR-20260605-00050,104,13,COMPLETED,ADMIN,Huỳnh Thanh Quỳnh,customer104@lunara-spa.demo,0829914292,2026-06-05 13:15:00,2026-06-05 15:30:00,Ưu tiên phòng yên tĩnh.,135,900000,2026-06-05 13:08:00,2026-06-05 13:17:00,2026-06-05 15:30:00,7,2026-05-25 12:00:00,2026-06-05 15:30:00
51,LNR-20261026-00051,117,13,PENDING_PAYMENT,SYSTEM,Bùi Yến Nhi,customer117@lunara-spa.demo,0734888897,2026-10-26 11:15:00,2026-10-26 12:30:00,"Đã từng bị đau cổ vai gáy, xin massage nhẹ.",75,480000,\N,\N,\N,7,2026-09-15 00:00:00,2026-09-15 00:00:00
52,LNR-20261023-00052,61,18,PENDING_PAYMENT,CUSTOMER,Hoàng Xuân Trí,customer61@lunara-spa.demo,0567015666,2026-10-23 15:15:00,2026-10-23 16:45:00,"Đặt nhân dịp sinh nhật, xin chuẩn bị trà thảo mộc.",90,630000,\N,\N,\N,61,2026-09-15 12:00:00,2026-09-15 12:00:00
53,LNR-20260926-00053,73,16,CONFIRMED,SYSTEM,Dương Chí Bảo,customer73@lunara-spa.demo,0532185513,2026-09-26 13:15:00,2026-09-26 14:45:00,Không sử dụng phòng xông hơi trước dịch vụ.,90,850000,\N,\N,\N,7,2026-09-15 00:00:00,2026-09-15 00:00:00
54,LNR-20261023-00054,53,21,CONFIRMED,CUSTOMER,Võ Hữu Cường,customer53@lunara-spa.demo,0924275006,2026-10-23 10:30:00,2026-10-23 12:00:00,Xin giữ đồ trang sức ở quầy lễ tân.,90,720000,\N,\N,\N,53,2026-09-15 02:00:00,2026-09-15 02:00:00
55,LNR-20261024-00055,97,24,PENDING_PAYMENT,CUSTOMER,Ngô Thanh Thịnh,customer97@lunara-spa.demo,0838870715,2026-10-24 11:30:00,2026-10-24 13:30:00,Muốn kỹ thuật viên nữ hỗ trợ.,120,820000,\N,\N,\N,97,2026-09-15 08:00:00,2026-09-15 08:00:00
56,LNR-20260918-00056,125,24,CONFIRMED,CUSTOMER,Đỗ Bá Bảo,customer125@lunara-spa.demo,0513364792,2026-09-18 12:15:00,2026-09-18 13:45:00,Xin nhắc uống nước sau liệu trình.,90,720000,\N,\N,\N,125,2026-09-01 07:15:00,2026-09-01 14:26:00
57,LNR-20260529-00057,98,11,COMPLETED,CUSTOMER,Tô Chí Minh,customer98@lunara-spa.demo,0893242471,2026-05-29 15:30:00,2026-05-29 16:15:00,"Đến cùng bạn, xin xếp phòng gần nhau.",45,280000,2026-05-29 15:16:00,2026-05-29 15:34:00,2026-05-29 16:13:00,98,2026-05-15 09:15:00,2026-05-29 16:13:00
58,LNR-20261003-00058,99,16,CONFIRMED,CUSTOMER,Vũ Quỳnh Ngân,customer99@lunara-spa.demo,0566531259,2026-10-03 14:00:00,2026-10-03 15:15:00,"Lần trước dùng đá nóng thấy hợp, xin giữ nhiệt độ vừa.",75,480000,\N,\N,\N,99,2026-09-13 12:30:00,2026-09-13 12:30:00
59,LNR-20261027-00059,164,12,CONFIRMED,SYSTEM,Trịnh Nhật Bảo,customer164@lunara-spa.demo,0510063133,2026-10-27 11:00:00,2026-10-27 12:15:00,Xin gọi trước khi đến 15 phút.,75,480000,\N,\N,\N,7,2026-09-15 05:00:00,2026-09-15 13:55:00
60,LNR-20261002-00060,87,13,PENDING_PAYMENT,CUSTOMER,Ngô Bá Hải,customer87@lunara-spa.demo,0948523595,2026-10-02 16:00:00,2026-10-02 17:15:00,"Da hơi nhạy cảm, xin dùng sản phẩm dịu.",75,480000,\N,\N,\N,87,2026-09-15 13:00:00,2026-09-15 13:00:00
61,LNR-20260611-00061,117,20,COMPLETED,SYSTEM,Bùi Yến Nhi,customer117@lunara-spa.demo,0734888897,2026-06-11 10:15:00,2026-06-11 12:15:00,Ưu tiên phòng yên tĩnh.,120,590000,2026-06-11 10:06:00,2026-06-11 10:23:00,2026-06-11 12:18:00,8,2026-06-06 06:30:00,2026-06-11 12:18:00
62,LNR-20260725-00062,108,14,COMPLETED,SYSTEM,Võ Diệu Ngân,customer108@lunara-spa.demo,0949518969,2026-07-25 12:45:00,2026-07-25 14:15:00,Xin nhắc uống nước sau liệu trình.,90,650000,2026-07-25 12:40:00,2026-07-25 12:47:00,2026-07-25 14:15:00,6,2026-07-05 10:30:00,2026-07-25 14:15:00
63,LNR-20260715-00063,111,14,COMPLETED,SYSTEM,Ngô Thanh Hiếu,customer111@lunara-spa.demo,0873663298,2026-07-15 14:45:00,2026-07-15 15:45:00,Muốn kỹ thuật viên nữ hỗ trợ.,60,330000,2026-07-15 14:39:00,2026-07-15 14:53:00,2026-07-15 15:51:00,9,2026-06-26 11:45:00,2026-07-15 15:51:00
64,LNR-20260915-00064,109,15,IN_SERVICE,ADMIN,Phan Công An,customer109@lunara-spa.demo,0775207180,2026-09-15 12:30:00,2026-09-15 13:30:00,"Lần trước dùng đá nóng thấy hợp, xin giữ nhiệt độ vừa.",60,330000,2026-09-15 12:20:00,2026-09-15 12:39:00,\N,6,2026-09-03 11:15:00,2026-09-15 12:39:00
65,LNR-20260905-00065,138,13,COMPLETED,ADMIN,Trần Trúc Hạnh,customer138@lunara-spa.demo,0976762617,2026-09-05 13:30:00,2026-09-05 14:30:00,Không dùng tinh dầu có mùi mạnh.,60,450000,2026-09-05 13:10:00,2026-09-05 13:35:00,2026-09-05 14:35:00,6,2026-08-24 12:45:00,2026-09-05 14:35:00
66,LNR-20260703-00066,55,13,COMPLETED,SYSTEM,Trần Hải Hải,customer55@lunara-spa.demo,0517348557,2026-07-03 12:15:00,2026-07-03 14:00:00,Không sử dụng phòng xông hơi trước dịch vụ.,105,700000,2026-07-03 12:03:00,2026-07-03 12:15:00,2026-07-03 13:57:00,9,2026-06-17 06:30:00,2026-07-03 13:57:00
67,LNR-20261021-00067,53,20,PENDING_PAYMENT,SYSTEM,Võ Hữu Cường,customer53@lunara-spa.demo,0924275006,2026-10-21 09:00:00,2026-10-21 11:00:00,Xin gọi trước khi đến 15 phút.,120,590000,\N,\N,\N,8,2026-09-15 10:00:00,2026-09-15 10:00:00
68,LNR-20260713-00068,109,14,COMPLETED,CUSTOMER,Phan Công An,customer109@lunara-spa.demo,0775207180,2026-07-13 10:45:00,2026-07-13 12:45:00,"Đã từng bị đau cổ vai gáy, xin massage nhẹ.",120,810000,2026-07-13 10:26:00,2026-07-13 10:48:00,2026-07-13 12:48:00,109,2026-07-09 09:00:00,2026-07-13 12:48:00
69,LNR-20260603-00069,97,17,COMPLETED,SYSTEM,Ngô Thanh Thịnh,customer97@lunara-spa.demo,0838870715,2026-06-03 14:30:00,2026-06-03 15:15:00,Xin giữ đồ trang sức ở quầy lễ tân.,45,280000,2026-06-03 14:11:00,2026-06-03 14:32:00,2026-06-03 15:13:00,7,2026-05-18 12:30:00,2026-06-03 15:13:00
70,LNR-20260629-00070,75,14,COMPLETED,CUSTOMER,Trần Việt Đạt,customer75@lunara-spa.demo,0788195870,2026-06-29 13:30:00,2026-06-29 15:00:00,\N,90,650000,2026-06-29 13:20:00,2026-06-29 13:34:00,2026-06-29 15:00:00,75,2026-06-12 12:30:00,2026-06-29 15:00:00
71,LNR-20260902-00071,95,11,COMPLETED,CUSTOMER,Nguyễn Tuyết Lan,customer95@lunara-spa.demo,0737333925,2026-09-02 12:00:00,2026-09-02 14:30:00,"Đến cùng bạn, xin xếp phòng gần nhau.",150,980000,2026-09-02 11:40:00,2026-09-02 12:03:00,2026-09-02 14:33:00,95,2026-08-24 10:15:00,2026-09-02 14:33:00
72,LNR-20260905-00072,115,19,COMPLETED,CUSTOMER,Lê Minh An,customer115@lunara-spa.demo,0529427623,2026-09-05 15:15:00,2026-09-05 17:15:00,\N,120,920000,2026-09-05 15:01:00,2026-09-05 15:16:00,2026-09-05 17:14:00,115,2026-08-25 09:15:00,2026-09-05 17:14:00
73,LNR-20260630-00073,142,24,COMPLETED,CUSTOMER,Bùi Việt An,customer142@lunara-spa.demo,0744024988,2026-06-30 10:00:00,2026-06-30 11:30:00,"Đặt nhân dịp sinh nhật, xin chuẩn bị trà thảo mộc.",90,850000,2026-06-30 09:47:00,2026-06-30 10:07:00,2026-06-30 11:37:00,142,2026-06-17 03:45:00,2026-06-30 11:37:00
74,LNR-20260926-00074,73,17,PENDING_PAYMENT,SYSTEM,Dương Chí Bảo,customer73@lunara-spa.demo,0532185513,2026-09-26 17:30:00,2026-09-26 18:30:00,"Da hơi nhạy cảm, xin dùng sản phẩm dịu.",60,330000,\N,\N,\N,8,2026-09-15 11:15:00,2026-09-15 11:15:00
75,LNR-20261006-00075,156,20,PENDING_PAYMENT,SYSTEM,Lý Chí Bình,customer156@lunara-spa.demo,0974235839,2026-10-06 12:30:00,2026-10-06 15:45:00,Cần hóa đơn cho công ty.,195,1070000,\N,\N,\N,6,2026-09-14 19:00:00,2026-09-14 19:00:00
76,LNR-20261030-00076,58,12,PENDING_PAYMENT,CUSTOMER,Phạm Công Hiếu,customer58@lunara-spa.demo,0889659093,2026-10-30 14:30:00,2026-10-30 18:00:00,Xin gọi trước khi đến 15 phút.,210,1670000,\N,\N,\N,58,2026-09-15 07:00:00,2026-09-15 07:00:00
77,LNR-20261026-00077,72,20,CONFIRMED,ADMIN,Nguyễn Hữu Bảo,customer72@lunara-spa.demo,0840137932,2026-10-26 15:30:00,2026-10-26 17:30:00,"Lần trước dùng đá nóng thấy hợp, xin giữ nhiệt độ vừa.",120,590000,\N,\N,\N,6,2026-09-15 03:00:00,2026-09-15 03:00:00
78,LNR-20260601-00078,45,23,COMPLETED,SYSTEM,Vũ Ngọc Nhi,customer45@lunara-spa.demo,0810307801,2026-06-01 10:15:00,2026-06-01 11:15:00,Xin giữ đồ trang sức ở quầy lễ tân.,60,330000,2026-06-01 09:59:00,2026-06-01 10:19:00,2026-06-01 11:14:00,7,2026-05-30 06:45:00,2026-06-01 11:14:00
79,LNR-20260808-00079,121,11,COMPLETED,CUSTOMER,Phạm Phương Lan,customer121@lunara-spa.demo,0528469894,2026-08-08 14:30:00,2026-08-08 15:15:00,"Da hơi nhạy cảm, xin dùng sản phẩm dịu.",45,280000,2026-08-08 14:24:00,2026-08-08 14:32:00,2026-08-08 15:15:00,121,2026-07-27 10:30:00,2026-08-08 15:15:00
80,LNR-20260924-00080,149,17,PENDING_PAYMENT,ADMIN,Vũ Gia Phương,customer149@lunara-spa.demo,0985570503,2026-09-24 10:15:00,2026-09-24 12:15:00,Ưu tiên phòng yên tĩnh.,120,590000,\N,\N,\N,7,2026-09-15 06:00:00,2026-09-15 06:00:00
81,LNR-20261001-00081,135,16,PENDING_PAYMENT,SYSTEM,Tô Việt Khánh,customer135@lunara-spa.demo,0823119388,2026-10-01 09:15:00,2026-10-01 12:00:00,Không dùng tinh dầu có mùi mạnh.,165,1150000,\N,\N,\N,9,2026-09-14 23:00:00,2026-09-14 23:00:00
82,LNR-20260616-00082,31,20,COMPLETED,CUSTOMER,Phạm Quang Hải,customer31@lunara-spa.demo,0874670743,2026-06-16 16:00:00,2026-06-16 18:00:00,\N,120,590000,2026-06-16 15:41:00,2026-06-16 16:08:00,2026-06-16 18:04:00,31,2026-06-01 15:30:00,2026-06-16 18:04:00
83,LNR-20260831-00083,43,13,COMPLETED,CUSTOMER,Mai Trúc Anh,customer43@lunara-spa.demo,0866328881,2026-08-31 12:15:00,2026-08-31 13:00:00,Muốn kỹ thuật viên nữ hỗ trợ.,45,280000,2026-08-31 12:05:00,2026-08-31 12:17:00,2026-08-31 12:56:00,43,2026-08-23 05:45:00,2026-08-31 12:56:00
84,LNR-20260928-00084,147,14,CONFIRMED,SYSTEM,Phạm Bảo Huy,customer147@lunara-spa.demo,0839468684,2026-09-28 10:00:00,2026-09-28 12:00:00,\N,120,820000,\N,\N,\N,8,2026-09-10 09:15:00,2026-09-10 10:27:00
85,LNR-20261029-00085,42,24,PENDING_PAYMENT,CUSTOMER,Võ Bá Dũng,customer42@lunara-spa.demo,0943166141,2026-10-29 12:15:00,2026-10-29 14:30:00,Xin nhắc uống nước sau liệu trình.,135,1000000,\N,\N,\N,42,2026-09-14 12:00:00,2026-09-14 12:00:00
86,LNR-20261001-00086,105,24,CONFIRMED,SYSTEM,Trịnh Kim Anh,customer105@lunara-spa.demo,0791509983,2026-10-01 13:00:00,2026-10-01 14:30:00,"Đã từng bị đau cổ vai gáy, xin massage nhẹ.",90,720000,\N,\N,\N,7,2026-09-14 15:00:00,2026-09-14 15:00:00
87,LNR-20260610-00087,147,15,COMPLETED,CUSTOMER,Phạm Bảo Huy,customer147@lunara-spa.demo,0839468684,2026-06-10 16:00:00,2026-06-10 17:00:00,Không sử dụng phòng xông hơi trước dịch vụ.,60,520000,2026-06-10 15:42:00,2026-06-10 16:01:00,2026-06-10 16:55:00,147,2026-05-27 14:30:00,2026-06-10 16:55:00
88,LNR-20260630-00088,64,13,COMPLETED,ADMIN,Huỳnh Diệu Lan,customer64@lunara-spa.demo,0851383155,2026-06-30 11:15:00,2026-06-30 12:15:00,"Đến cùng bạn, xin xếp phòng gần nhau.",60,420000,2026-06-30 11:04:00,2026-06-30 11:19:00,2026-06-30 12:17:00,8,2026-06-18 08:30:00,2026-06-30 12:17:00
89,LNR-20261027-00089,105,16,PENDING_PAYMENT,ADMIN,Trịnh Kim Anh,customer105@lunara-spa.demo,0791509983,2026-10-27 16:00:00,2026-10-27 17:30:00,"Đặt nhân dịp sinh nhật, xin chuẩn bị trà thảo mộc.",90,470000,\N,\N,\N,9,2026-09-15 12:00:00,2026-09-15 12:00:00
90,LNR-20260618-00090,61,15,COMPLETED,SYSTEM,Hoàng Xuân Trí,customer61@lunara-spa.demo,0567015666,2026-06-18 13:45:00,2026-06-18 14:45:00,Cần hóa đơn cho công ty.,60,330000,2026-06-18 13:39:00,2026-06-18 13:48:00,2026-06-18 14:44:00,6,2026-06-11 09:45:00,2026-06-18 14:44:00
91,LNR-20260902-00091,91,10,COMPLETED,CUSTOMER,Huỳnh Tuyết Mai,customer91@lunara-spa.demo,0554863979,2026-09-02 10:15:00,2026-09-02 11:30:00,"Đã từng bị đau cổ vai gáy, xin massage nhẹ.",75,580000,2026-09-02 10:08:00,2026-09-02 10:19:00,2026-09-02 11:33:00,91,2026-08-18 05:00:00,2026-09-02 11:33:00
92,LNR-20260814-00092,47,21,COMPLETED,SYSTEM,Huỳnh Như Phương,customer47@lunara-spa.demo,0885648192,2026-08-14 11:15:00,2026-08-14 12:45:00,Ưu tiên phòng yên tĩnh.,90,650000,2026-08-14 11:05:00,2026-08-14 11:18:00,2026-08-14 12:43:00,6,2026-08-01 08:45:00,2026-08-14 12:43:00
93,LNR-20260915-00093,91,22,IN_SERVICE,SYSTEM,Huỳnh Tuyết Mai,customer91@lunara-spa.demo,0554863979,2026-09-15 12:15:00,2026-09-15 13:45:00,Xin gọi trước khi đến 15 phút.,90,720000,2026-09-15 12:04:00,2026-09-15 12:21:00,\N,7,2026-09-14 10:15:00,2026-09-15 12:21:00
94,LNR-20260704-00094,132,11,COMPLETED,CUSTOMER,Dương Hải Huy,customer132@lunara-spa.demo,0894091783,2026-07-04 15:45:00,2026-07-04 16:45:00,Không dùng tinh dầu có mùi mạnh.,60,330000,2026-07-04 15:26:00,2026-07-04 15:49:00,2026-07-04 16:47:00,132,2026-06-25 11:00:00,2026-07-04 16:47:00
95,LNR-20260625-00095,90,14,COMPLETED,CUSTOMER,Mai Tuyết Lan,customer90@lunara-spa.demo,0821529706,2026-06-25 14:45:00,2026-06-25 16:15:00,Xin nhắc uống nước sau liệu trình.,90,670000,2026-06-25 14:27:00,2026-06-25 14:50:00,2026-06-25 16:14:00,90,2026-06-19 10:45:00,2026-06-25 16:14:00
96,LNR-20261009-00096,48,23,CONFIRMED,SYSTEM,Lý Trung Khánh,customer48@lunara-spa.demo,0885584582,2026-10-09 11:30:00,2026-10-09 12:30:00,Cần hóa đơn cho công ty.,60,330000,\N,\N,\N,9,2026-09-15 11:00:00,2026-09-15 12:44:00
97,LNR-20261024-00097,29,12,PENDING_PAYMENT,SYSTEM,Võ Hữu Long,customer29@lunara-spa.demo,0832782244,2026-10-24 15:45:00,2026-10-24 17:00:00,Không sử dụng phòng xông hơi trước dịch vụ.,75,480000,\N,\N,\N,7,2026-09-15 10:00:00,2026-09-15 10:00:00
98,LNR-20261017-00098,124,18,PENDING_PAYMENT,CUSTOMER,Trần Đình Thịnh,customer124@lunara-spa.demo,0598522532,2026-10-17 16:30:00,2026-10-17 17:30:00,"Lần trước dùng đá nóng thấy hợp, xin giữ nhiệt độ vừa.",60,420000,\N,\N,\N,124,2026-09-15 05:00:00,2026-09-15 05:00:00
99,LNR-20260617-00099,115,13,COMPLETED,CUSTOMER,Lê Minh An,customer115@lunara-spa.demo,0529427623,2026-06-17 17:15:00,2026-06-17 18:00:00,"Đến cùng bạn, xin xếp phòng gần nhau.",45,280000,2026-06-17 17:01:00,2026-06-17 17:20:00,2026-06-17 18:02:00,115,2026-05-31 13:45:00,2026-06-17 18:02:00
100,LNR-20260811-00100,68,10,COMPLETED,ADMIN,Bùi Bảo Hạnh,customer68@lunara-spa.demo,0862393576,2026-08-11 10:15:00,2026-08-11 11:45:00,\N,90,470000,2026-08-11 09:57:00,2026-08-11 10:16:00,2026-08-11 11:45:00,7,2026-08-01 07:30:00,2026-08-11 11:45:00
101,LNR-20260727-00101,152,23,COMPLETED,SYSTEM,Mai Quang Phúc,customer152@lunara-spa.demo,0732598265,2026-07-27 17:45:00,2026-07-27 18:45:00,"Da hơi nhạy cảm, xin dùng sản phẩm dịu.",60,330000,2026-07-27 17:25:00,2026-07-27 17:45:00,2026-07-27 18:45:00,8,2026-07-17 13:45:00,2026-07-27 18:45:00
102,LNR-20260918-00102,156,23,CONFIRMED,ADMIN,Lý Chí Bình,customer156@lunara-spa.demo,0974235839,2026-09-18 13:00:00,2026-09-18 15:45:00,"Đặt nhân dịp sinh nhật, xin chuẩn bị trà thảo mộc.",165,1110000,\N,\N,\N,8,2026-09-07 10:00:00,2026-09-08 06:09:00
103,LNR-20261007-00103,84,10,CONFIRMED,CUSTOMER,Huỳnh Đức Tuấn,customer84@lunara-spa.demo,0590756631,2026-10-07 09:00:00,2026-10-07 10:15:00,Xin giữ đồ trang sức ở quầy lễ tân.,75,580000,\N,\N,\N,84,2026-09-14 11:00:00,2026-09-14 11:00:00
104,LNR-20261031-00104,82,12,PENDING_PAYMENT,ADMIN,Võ Minh Dũng,customer82@lunara-spa.demo,0822702919,2026-10-31 09:00:00,2026-10-31 10:30:00,Muốn kỹ thuật viên nữ hỗ trợ.,90,650000,\N,\N,\N,8,2026-09-14 09:00:00,2026-09-14 09:00:00
105,LNR-20260630-00105,136,22,COMPLETED,ADMIN,Hồ Như Yến,customer136@lunara-spa.demo,0879412703,2026-06-30 12:45:00,2026-06-30 13:45:00,\N,60,330000,2026-06-30 12:28:00,2026-06-30 12:46:00,2026-06-30 13:40:00,9,2026-06-11 11:00:00,2026-06-30 13:40:00
106,LNR-20261026-00106,173,18,PENDING_PAYMENT,CUSTOMER,Đỗ Quỳnh Chi,customer173@lunara-spa.demo,0954485301,2026-10-26 11:30:00,2026-10-26 12:15:00,Không dùng tinh dầu có mùi mạnh.,45,280000,\N,\N,\N,173,2026-09-14 09:00:00,2026-09-14 09:00:00
107,LNR-20261017-00107,142,22,CONFIRMED,CUSTOMER,Bùi Việt An,customer142@lunara-spa.demo,0744024988,2026-10-17 14:00:00,2026-10-17 15:00:00,"Da hơi nhạy cảm, xin dùng sản phẩm dịu.",60,330000,\N,\N,\N,142,2026-09-14 11:00:00,2026-09-14 11:00:00
108,LNR-20260915-00108,172,19,CHECKED_IN,SYSTEM,Tô Thành Tuấn,customer172@lunara-spa.demo,0551436549,2026-09-15 14:00:00,2026-09-15 15:15:00,Không sử dụng phòng xông hơi trước dịch vụ.,75,480000,2026-09-15 13:53:00,\N,\N,8,2026-09-12 09:30:00,2026-09-15 13:53:00
109,LNR-20261022-00109,44,15,PENDING_PAYMENT,ADMIN,Trịnh Quang Trí,customer44@lunara-spa.demo,0866201131,2026-10-22 15:00:00,2026-10-22 16:15:00,Muốn kỹ thuật viên nữ hỗ trợ.,75,580000,\N,\N,\N,8,2026-09-15 12:00:00,2026-09-15 12:00:00
110,LNR-20261015-00110,84,24,PENDING_PAYMENT,CUSTOMER,Huỳnh Đức Tuấn,customer84@lunara-spa.demo,0590756631,2026-10-15 13:00:00,2026-10-15 14:30:00,"Đã từng bị đau cổ vai gáy, xin massage nhẹ.",90,720000,\N,\N,\N,84,2026-09-15 08:00:00,2026-09-15 08:00:00
111,LNR-20261022-00111,80,12,CONFIRMED,SYSTEM,Hoàng Khánh Mai,customer80@lunara-spa.demo,0934210811,2026-10-22 15:00:00,2026-10-22 16:15:00,Cần hóa đơn cho công ty.,75,480000,\N,\N,\N,8,2026-09-15 02:00:00,2026-09-15 02:00:00
112,LNR-20260626-00112,117,16,COMPLETED,SYSTEM,Bùi Yến Nhi,customer117@lunara-spa.demo,0734888897,2026-06-26 11:15:00,2026-06-26 12:30:00,"Lần trước dùng đá nóng thấy hợp, xin giữ nhiệt độ vừa.",75,480000,2026-06-26 10:57:00,2026-06-26 11:23:00,2026-06-26 12:32:00,8,2026-06-22 05:00:00,2026-06-26 12:32:00
113,LNR-20260915-00113,146,14,IN_SERVICE,CUSTOMER,Đinh Ngọc Nhung,customer146@lunara-spa.demo,0838287434,2026-09-15 11:30:00,2026-09-15 13:00:00,Xin nhắc uống nước sau liệu trình.,90,650000,2026-09-15 11:21:00,2026-09-15 11:35:00,\N,146,2026-08-22 08:45:00,2026-09-15 11:35:00
114,LNR-20260928-00114,162,19,PENDING_PAYMENT,CUSTOMER,Hoàng Việt Phúc,customer162@lunara-spa.demo,0847368782,2026-09-28 16:15:00,2026-09-28 17:15:00,\N,60,450000,\N,\N,\N,162,2026-09-14 21:00:00,2026-09-14 21:00:00
115,LNR-20260620-00115,170,12,COMPLETED,SYSTEM,Hồ Thu Thư,customer170@lunara-spa.demo,0596197622,2026-06-20 12:30:00,2026-06-20 15:00:00,Xin giữ đồ trang sức ở quầy lễ tân.,150,1200000,2026-06-20 12:14:00,2026-06-20 12:35:00,2026-06-20 14:59:00,8,2026-06-04 12:15:00,2026-06-20 14:59:00
116,LNR-20260928-00116,161,24,CONFIRMED,CUSTOMER,Lý Chí Sơn,customer161@lunara-spa.demo,0514569192,2026-09-28 12:15:00,2026-09-28 14:15:00,Xin gọi trước khi đến 15 phút.,120,820000,\N,\N,\N,161,2026-09-14 16:00:00,2026-09-14 16:00:00
117,LNR-20261010-00117,136,18,PENDING_PAYMENT,CUSTOMER,Hồ Như Yến,customer136@lunara-spa.demo,0879412703,2026-10-10 14:30:00,2026-10-10 15:15:00,"Đến cùng bạn, xin xếp phòng gần nhau.",45,280000,\N,\N,\N,136,2026-09-15 07:00:00,2026-09-15 07:00:00
118,LNR-20260610-00118,120,14,COMPLETED,CUSTOMER,Tô Yến Hà,customer120@lunara-spa.demo,0937847590,2026-06-10 14:15:00,2026-06-10 15:45:00,Ưu tiên phòng yên tĩnh.,90,670000,2026-06-10 14:04:00,2026-06-10 14:16:00,2026-06-10 15:41:00,120,2026-05-27 11:30:00,2026-06-10 15:41:00
119,LNR-20260930-00119,160,20,PENDING_PAYMENT,ADMIN,Phạm Tuấn Sơn,customer160@lunara-spa.demo,0574142981,2026-09-30 10:30:00,2026-09-30 11:45:00,"Đặt nhân dịp sinh nhật, xin chuẩn bị trà thảo mộc.",75,480000,\N,\N,\N,6,2026-09-14 10:00:00,2026-09-14 10:00:00
120,LNR-20260620-00120,100,11,COMPLETED,CUSTOMER,Đỗ Quỳnh Phương,customer100@lunara-spa.demo,0835421220,2026-06-20 15:15:00,2026-06-20 16:00:00,\N,45,280000,2026-06-20 14:55:00,2026-06-20 15:23:00,2026-06-20 16:06:00,100,2026-06-03 14:45:00,2026-06-20 16:06:00
121,LNR-20260727-00121,53,23,COMPLETED,SYSTEM,Võ Hữu Cường,customer53@lunara-spa.demo,0924275006,2026-07-27 10:15:00,2026-07-27 11:15:00,Xin giữ đồ trang sức ở quầy lễ tân.,60,450000,2026-07-27 10:03:00,2026-07-27 10:19:00,2026-07-27 11:19:00,7,2026-07-07 10:15:00,2026-07-27 11:19:00
122,LNR-20260919-00122,40,14,PENDING_PAYMENT,ADMIN,Lê Hữu An,customer40@lunara-spa.demo,0814490145,2026-09-19 16:30:00,2026-09-19 17:30:00,Không dùng tinh dầu có mùi mạnh.,60,330000,\N,\N,\N,9,2026-09-14 18:00:00,2026-09-14 18:00:00
123,LNR-20261020-00123,58,16,CONFIRMED,SYSTEM,Phạm Công Hiếu,customer58@lunara-spa.demo,0889659093,2026-10-20 10:00:00,2026-10-20 11:30:00,\N,90,670000,\N,\N,\N,7,2026-09-14 22:00:00,2026-09-14 22:00:00
124,LNR-20260803-00124,121,23,COMPLETED,SYSTEM,Phạm Phương Lan,customer121@lunara-spa.demo,0528469894,2026-08-03 16:45:00,2026-08-03 18:15:00,Xin nhắc uống nước sau liệu trình.,90,630000,2026-08-03 16:37:00,2026-08-03 16:53:00,2026-08-03 18:20:00,9,2026-07-24 10:15:00,2026-08-03 18:20:00
125,LNR-20260924-00125,133,23,CONFIRMED,SYSTEM,Võ Hồng Linh,customer133@lunara-spa.demo,0518541068,2026-09-24 14:30:00,2026-09-24 15:30:00,"Đã từng bị đau cổ vai gáy, xin massage nhẹ.",60,350000,\N,\N,\N,8,2026-09-06 12:00:00,2026-09-06 19:04:00
126,LNR-20261013-00126,171,19,PENDING_PAYMENT,CUSTOMER,Võ Minh Vy,customer171@lunara-spa.demo,0529523270,2026-10-13 12:30:00,2026-10-13 14:30:00,Ưu tiên phòng yên tĩnh.,120,810000,\N,\N,\N,171,2026-09-15 00:00:00,2026-09-15 00:00:00
127,LNR-20261015-00127,84,24,PENDING_PAYMENT,CUSTOMER,Huỳnh Đức Tuấn,customer84@lunara-spa.demo,0590756631,2026-10-15 09:15:00,2026-10-15 10:30:00,"Đặt nhân dịp sinh nhật, xin chuẩn bị trà thảo mộc.",75,480000,\N,\N,\N,84,2026-09-14 23:00:00,2026-09-14 23:00:00
128,LNR-20260710-00128,126,22,COMPLETED,SYSTEM,Đặng Trung Tuấn,customer126@lunara-spa.demo,0725100208,2026-07-10 11:45:00,2026-07-10 13:15:00,\N,90,720000,2026-07-10 11:30:00,2026-07-10 11:53:00,2026-07-10 13:22:00,7,2026-06-21 06:15:00,2026-07-10 13:22:00
129,LNR-20260915-00129,120,20,CHECKED_IN,SYSTEM,Tô Yến Hà,customer120@lunara-spa.demo,0937847590,2026-09-15 13:30:00,2026-09-15 15:30:00,Cần hóa đơn cho công ty.,120,820000,2026-09-15 13:23:00,\N,\N,9,2026-09-09 08:45:00,2026-09-15 13:23:00
130,LNR-20260901-00130,99,13,COMPLETED,CUSTOMER,Vũ Quỳnh Ngân,customer99@lunara-spa.demo,0566531259,2026-09-01 11:15:00,2026-09-01 12:15:00,"Lần trước dùng đá nóng thấy hợp, xin giữ nhiệt độ vừa.",60,420000,2026-09-01 11:01:00,2026-09-01 11:15:00,2026-09-01 12:14:00,99,2026-08-25 10:15:00,2026-09-01 12:14:00
131,LNR-20261002-00131,69,23,CONFIRMED,SYSTEM,Nguyễn Ngọc Anh,customer69@lunara-spa.demo,0990541637,2026-10-02 14:00:00,2026-10-02 15:30:00,"Đến cùng bạn, xin xếp phòng gần nhau.",90,630000,\N,\N,\N,9,2026-09-15 03:00:00,2026-09-15 10:44:00
132,LNR-20261017-00132,129,23,CONFIRMED,ADMIN,Lý Thị Thư,customer129@lunara-spa.demo,0547415275,2026-10-17 11:30:00,2026-10-17 13:00:00,Muốn kỹ thuật viên nữ hỗ trợ.,90,470000,\N,\N,\N,8,2026-09-14 10:00:00,2026-09-14 10:19:00
133,LNR-20260917-00133,55,22,CONFIRMED,SYSTEM,Trần Hải Hải,customer55@lunara-spa.demo,0517348557,2026-09-17 12:45:00,2026-09-17 13:30:00,Không sử dụng phòng xông hơi trước dịch vụ.,45,250000,\N,\N,\N,6,2026-08-29 08:45:00,2026-08-29 08:58:00
134,LNR-20260903-00134,153,12,COMPLETED,SYSTEM,Ngô Chí Thịnh,customer153@lunara-spa.demo,0812886363,2026-09-03 09:30:00,2026-09-03 10:45:00,Xin gọi trước khi đến 15 phút.,75,480000,2026-09-03 09:23:00,2026-09-03 09:30:00,2026-09-03 10:42:00,8,2026-08-26 04:30:00,2026-09-03 10:42:00
135,LNR-20260905-00135,119,17,COMPLETED,CUSTOMER,Vũ Xuân An,customer119@lunara-spa.demo,0799555227,2026-09-05 13:30:00,2026-09-05 14:30:00,"Da hơi nhạy cảm, xin dùng sản phẩm dịu.",60,350000,2026-09-05 13:17:00,2026-09-05 13:33:00,2026-09-05 14:27:00,119,2026-08-28 11:15:00,2026-09-05 14:27:00
136,LNR-20260928-00136,41,19,PENDING_PAYMENT,SYSTEM,Lý Hồng Linh,customer41@lunara-spa.demo,0813104671,2026-09-28 18:00:00,2026-09-28 19:00:00,"Lần trước dùng đá nóng thấy hợp, xin giữ nhiệt độ vừa.",60,420000,\N,\N,\N,8,2026-09-14 23:00:00,2026-09-14 23:00:00
137,LNR-20260724-00137,161,12,COMPLETED,SYSTEM,Lý Chí Sơn,customer161@lunara-spa.demo,0514569192,2026-07-24 14:00:00,2026-07-24 15:30:00,\N,90,850000,2026-07-24 13:50:00,2026-07-24 14:04:00,2026-07-24 15:32:00,7,2026-07-12 07:15:00,2026-07-24 15:32:00
138,LNR-20260529-00138,135,17,COMPLETED,ADMIN,Tô Việt Khánh,customer135@lunara-spa.demo,0823119388,2026-05-29 13:15:00,2026-05-29 14:30:00,Không sử dụng phòng xông hơi trước dịch vụ.,75,480000,2026-05-29 13:01:00,2026-05-29 13:20:00,2026-05-29 14:30:00,7,2026-05-18 09:00:00,2026-05-29 14:30:00
139,LNR-20261006-00139,74,14,CONFIRMED,ADMIN,Phan Bảo Nhung,customer74@lunara-spa.demo,0774261145,2026-10-06 09:00:00,2026-10-06 11:00:00,\N,120,590000,\N,\N,\N,8,2026-09-14 21:00:00,2026-09-15 11:38:00
140,LNR-20260829-00140,138,23,COMPLETED,CUSTOMER,Trần Trúc Hạnh,customer138@lunara-spa.demo,0976762617,2026-08-29 10:00:00,2026-08-29 12:00:00,Ưu tiên phòng yên tĩnh.,120,810000,2026-08-29 09:52:00,2026-08-29 10:01:00,2026-08-29 11:57:00,138,2026-08-18 09:15:00,2026-08-29 11:57:00
141,LNR-20260813-00141,47,18,COMPLETED,SYSTEM,Huỳnh Như Phương,customer47@lunara-spa.demo,0885648192,2026-08-13 12:30:00,2026-08-13 13:45:00,"Đến cùng bạn, xin xếp phòng gần nhau.",75,580000,2026-08-13 12:25:00,2026-08-13 12:31:00,2026-08-13 13:42:00,6,2026-07-31 10:45:00,2026-08-13 13:42:00
142,LNR-20260923-00142,136,19,PENDING_PAYMENT,SYSTEM,Hồ Như Yến,customer136@lunara-spa.demo,0879412703,2026-09-23 14:30:00,2026-09-23 17:15:00,"Đã từng bị đau cổ vai gáy, xin massage nhẹ.",165,1110000,\N,\N,\N,9,2026-09-14 07:45:00,2026-09-14 07:45:00
143,LNR-20260616-00143,34,19,COMPLETED,CUSTOMER,Dương Đức Long,customer34@lunara-spa.demo,0958233681,2026-06-16 17:45:00,2026-06-16 18:45:00,Cần hóa đơn cho công ty.,60,450000,2026-06-16 17:33:00,2026-06-16 17:51:00,2026-06-16 18:50:00,34,2026-05-28 15:45:00,2026-06-16 18:50:00
144,LNR-20260715-00144,170,20,COMPLETED,ADMIN,Hồ Thu Thư,customer170@lunara-spa.demo,0596197622,2026-07-15 10:45:00,2026-07-15 12:00:00,Xin gọi trước khi đến 15 phút.,75,480000,2026-07-15 10:25:00,2026-07-15 10:49:00,2026-07-15 12:01:00,8,2026-07-01 07:45:00,2026-07-15 12:01:00
145,LNR-20260723-00145,35,24,COMPLETED,CUSTOMER,Phạm Trung Bảo,customer35@lunara-spa.demo,0582642884,2026-07-23 10:15:00,2026-07-23 12:15:00,Muốn kỹ thuật viên nữ hỗ trợ.,120,820000,2026-07-23 10:08:00,2026-07-23 10:21:00,2026-07-23 12:15:00,35,2026-07-21 09:45:00,2026-07-23 12:15:00
146,LNR-20260723-00146,163,12,COMPLETED,SYSTEM,Hồ Nhật Kiệt,customer163@lunara-spa.demo,0533128619,2026-07-23 12:45:00,2026-07-23 14:15:00,Xin nhắc uống nước sau liệu trình.,90,650000,2026-07-23 12:28:00,2026-07-23 12:46:00,2026-07-23 14:12:00,8,2026-07-14 09:15:00,2026-07-23 14:12:00
147,LNR-20260901-00147,157,20,COMPLETED,SYSTEM,Huỳnh Bảo Bảo,customer157@lunara-spa.demo,0555086616,2026-09-01 14:30:00,2026-09-01 16:00:00,"Da hơi nhạy cảm, xin dùng sản phẩm dịu.",90,650000,2026-09-01 14:19:00,2026-09-01 14:36:00,2026-09-01 16:00:00,7,2026-08-26 09:00:00,2026-09-01 16:00:00
148,LNR-20261019-00148,129,14,CONFIRMED,ADMIN,Lý Thị Thư,customer129@lunara-spa.demo,0547415275,2026-10-19 15:30:00,2026-10-19 17:30:00,"Đặt nhân dịp sinh nhật, xin chuẩn bị trà thảo mộc.",120,810000,\N,\N,\N,8,2026-09-15 02:00:00,2026-09-15 12:35:00
149,LNR-20260828-00149,100,19,COMPLETED,CUSTOMER,Đỗ Quỳnh Phương,customer100@lunara-spa.demo,0835421220,2026-08-28 15:15:00,2026-08-28 18:00:00,Không dùng tinh dầu có mùi mạnh.,165,1200000,2026-08-28 15:05:00,2026-08-28 15:23:00,2026-08-28 18:08:00,100,2026-08-12 15:00:00,2026-08-28 18:08:00
150,LNR-20260901-00150,57,19,COMPLETED,ADMIN,Vũ Trung Thịnh,customer57@lunara-spa.demo,0599338834,2026-09-01 15:00:00,2026-09-01 16:15:00,Xin giữ đồ trang sức ở quầy lễ tân.,75,480000,2026-09-01 14:55:00,2026-09-01 15:05:00,2026-09-01 16:14:00,7,2026-08-14 15:00:00,2026-09-01 16:14:00
151,LNR-20261030-00151,160,23,PENDING_PAYMENT,ADMIN,Phạm Tuấn Sơn,customer160@lunara-spa.demo,0574142981,2026-10-30 11:00:00,2026-10-30 12:15:00,Không sử dụng phòng xông hơi trước dịch vụ.,75,480000,\N,\N,\N,7,2026-09-15 10:00:00,2026-09-15 10:00:00
152,LNR-20260605-00152,164,17,COMPLETED,ADMIN,Trịnh Nhật Bảo,customer164@lunara-spa.demo,0510063133,2026-06-05 10:45:00,2026-06-05 11:30:00,Ưu tiên phòng yên tĩnh.,45,280000,2026-06-05 10:25:00,2026-06-05 10:46:00,2026-06-05 11:31:00,8,2026-06-02 04:30:00,2026-06-05 11:31:00
153,LNR-20261008-00153,153,17,CONFIRMED,SYSTEM,Ngô Chí Thịnh,customer153@lunara-spa.demo,0812886363,2026-10-08 14:15:00,2026-10-08 15:00:00,Cần hóa đơn cho công ty.,45,280000,\N,\N,\N,9,2026-09-14 17:00:00,2026-09-14 20:11:00
154,LNR-20261021-00154,165,22,PENDING_PAYMENT,CUSTOMER,Lý Thanh Phúc,customer165@lunara-spa.demo,0715638864,2026-10-21 13:00:00,2026-10-21 13:45:00,Xin gọi trước khi đến 15 phút.,45,250000,\N,\N,\N,165,2026-09-15 11:00:00,2026-09-15 11:00:00
155,LNR-20260603-00155,113,22,COMPLETED,SYSTEM,Phan Đình Vinh,customer113@lunara-spa.demo,0945907423,2026-06-03 15:45:00,2026-06-03 17:45:00,Xin nhắc uống nước sau liệu trình.,120,590000,2026-06-03 15:26:00,2026-06-03 15:48:00,2026-06-03 17:43:00,8,2026-05-14 14:45:00,2026-06-03 17:43:00
156,LNR-20260721-00156,151,10,COMPLETED,SYSTEM,Mai Bảo Trí,customer151@lunara-spa.demo,0870558327,2026-07-21 16:45:00,2026-07-21 17:45:00,Không dùng tinh dầu có mùi mạnh.,60,450000,2026-07-21 16:32:00,2026-07-21 16:50:00,2026-07-21 17:44:00,7,2026-07-09 16:00:00,2026-07-21 17:44:00
157,LNR-20260827-00157,81,21,COMPLETED,ADMIN,Lê Đức Tuấn,customer81@lunara-spa.demo,0579052653,2026-08-27 16:15:00,2026-08-27 17:45:00,Muốn kỹ thuật viên nữ hỗ trợ.,90,720000,2026-08-27 16:08:00,2026-08-27 16:19:00,2026-08-27 17:45:00,8,2026-08-18 16:00:00,2026-08-27 17:45:00
158,LNR-20260922-00158,62,13,PENDING_PAYMENT,SYSTEM,Mai Thu Trâm,customer62@lunara-spa.demo,0547445428,2026-09-22 16:15:00,2026-09-22 17:30:00,"Đặt nhân dịp sinh nhật, xin chuẩn bị trà thảo mộc.",75,480000,\N,\N,\N,7,2026-09-14 13:45:00,2026-09-14 13:45:00
159,LNR-20260907-00159,97,21,COMPLETED,CUSTOMER,Ngô Thanh Thịnh,customer97@lunara-spa.demo,0838870715,2026-09-07 13:30:00,2026-09-07 15:30:00,"Lần trước dùng đá nóng thấy hợp, xin giữ nhiệt độ vừa.",120,920000,2026-09-07 13:12:00,2026-09-07 13:37:00,2026-09-07 15:36:00,97,2026-08-29 07:00:00,2026-09-07 15:36:00
160,LNR-20261028-00160,157,13,PENDING_PAYMENT,SYSTEM,Huỳnh Bảo Bảo,customer157@lunara-spa.demo,0555086616,2026-10-28 16:45:00,2026-10-28 17:45:00,\N,60,420000,\N,\N,\N,7,2026-09-14 20:00:00,2026-09-14 20:00:00
161,LNR-20261023-00161,40,22,PENDING_PAYMENT,CUSTOMER,Lê Hữu An,customer40@lunara-spa.demo,0814490145,2026-10-23 16:15:00,2026-10-23 17:15:00,"Đã từng bị đau cổ vai gáy, xin massage nhẹ.",60,350000,\N,\N,\N,40,2026-09-15 06:00:00,2026-09-15 06:00:00
162,LNR-20260808-00162,97,17,COMPLETED,ADMIN,Ngô Thanh Thịnh,customer97@lunara-spa.demo,0838870715,2026-08-08 14:45:00,2026-08-08 16:00:00,"Da hơi nhạy cảm, xin dùng sản phẩm dịu.",75,480000,2026-08-08 14:39:00,2026-08-08 14:48:00,2026-08-08 16:02:00,9,2026-07-21 13:45:00,2026-08-08 16:02:00
163,LNR-20260714-00163,110,20,COMPLETED,CUSTOMER,Nguyễn Thị Mai,customer110@lunara-spa.demo,0743188723,2026-07-14 09:00:00,2026-07-14 10:30:00,"Đến cùng bạn, xin xếp phòng gần nhau.",90,850000,2026-07-14 08:41:00,2026-07-14 09:03:00,2026-07-14 10:32:00,110,2026-07-02 05:45:00,2026-07-14 10:32:00
164,LNR-20261020-00164,84,13,PENDING_PAYMENT,SYSTEM,Huỳnh Đức Tuấn,customer84@lunara-spa.demo,0590756631,2026-10-20 13:45:00,2026-10-20 14:45:00,\N,60,420000,\N,\N,\N,9,2026-09-15 03:00:00,2026-09-15 03:00:00
165,LNR-20260622-00165,127,21,COMPLETED,CUSTOMER,Vũ Hoài Nhung,customer127@lunara-spa.demo,0970757376,2026-06-22 11:45:00,2026-06-22 15:15:00,Xin giữ đồ trang sức ở quầy lễ tân.,210,1530000,2026-06-22 11:25:00,2026-06-22 11:46:00,2026-06-22 15:15:00,127,2026-06-11 09:15:00,2026-06-22 15:15:00
166,LNR-20260921-00166,134,13,CONFIRMED,SYSTEM,Huỳnh Đình Phúc,customer134@lunara-spa.demo,0513561475,2026-09-21 15:15:00,2026-09-21 17:30:00,Không dùng tinh dầu có mùi mạnh.,135,900000,\N,\N,\N,9,2026-09-14 19:00:00,2026-09-14 19:52:00
167,LNR-20260909-00167,82,15,COMPLETED,CUSTOMER,Võ Minh Dũng,customer82@lunara-spa.demo,0822702919,2026-09-09 11:45:00,2026-09-09 13:00:00,"Đặt nhân dịp sinh nhật, xin chuẩn bị trà thảo mộc.",75,580000,2026-09-09 11:30:00,2026-09-09 11:51:00,2026-09-09 13:06:00,82,2026-09-02 10:45:00,2026-09-09 13:06:00
168,LNR-20260714-00168,48,20,COMPLETED,SYSTEM,Lý Trung Khánh,customer48@lunara-spa.demo,0885584582,2026-07-14 14:00:00,2026-07-14 17:00:00,\N,180,1520000,2026-07-14 13:51:00,2026-07-14 14:06:00,2026-07-14 17:00:00,8,2026-07-01 12:15:00,2026-07-14 17:00:00
169,LNR-20260929-00169,92,22,CONFIRMED,ADMIN,Bùi Khánh Mai,customer92@lunara-spa.demo,0729825173,2026-09-29 12:45:00,2026-09-29 14:15:00,Xin giữ đồ trang sức ở quầy lễ tân.,90,720000,\N,\N,\N,9,2026-09-15 09:00:00,2026-09-15 09:17:00
170,LNR-20261001-00170,86,12,PENDING_PAYMENT,SYSTEM,Bùi Ngọc Lan,customer86@lunara-spa.demo,0990539617,2026-10-01 16:00:00,2026-10-01 17:30:00,Cần hóa đơn cho công ty.,90,470000,\N,\N,\N,7,2026-09-15 07:00:00,2026-09-15 07:00:00
171,LNR-20260921-00171,157,13,PENDING_PAYMENT,SYSTEM,Huỳnh Bảo Bảo,customer157@lunara-spa.demo,0555086616,2026-09-21 12:30:00,2026-09-21 13:15:00,Xin nhắc uống nước sau liệu trình.,45,280000,\N,\N,\N,7,2026-09-14 06:30:00,2026-09-14 06:30:00
172,LNR-20261017-00172,163,14,CONFIRMED,SYSTEM,Hồ Nhật Kiệt,customer163@lunara-spa.demo,0533128619,2026-10-17 15:45:00,2026-10-17 17:15:00,"Đã từng bị đau cổ vai gáy, xin massage nhẹ.",90,630000,\N,\N,\N,8,2026-09-14 11:00:00,2026-09-15 07:26:00
173,LNR-20260824-00173,141,17,COMPLETED,ADMIN,Phạm Nhật Nam,customer141@lunara-spa.demo,0784980305,2026-08-24 17:15:00,2026-08-24 18:30:00,Không sử dụng phòng xông hơi trước dịch vụ.,75,480000,2026-08-24 17:04:00,2026-08-24 17:22:00,2026-08-24 18:34:00,8,2026-08-10 16:15:00,2026-08-24 18:34:00
174,LNR-20260706-00174,61,12,COMPLETED,SYSTEM,Hoàng Xuân Trí,customer61@lunara-spa.demo,0567015666,2026-07-06 12:45:00,2026-07-06 14:15:00,"Lần trước dùng đá nóng thấy hợp, xin giữ nhiệt độ vừa.",90,850000,2026-07-06 12:31:00,2026-07-06 12:47:00,2026-07-06 14:14:00,9,2026-07-02 12:45:00,2026-07-06 14:14:00
175,LNR-20260620-00175,45,22,COMPLETED,ADMIN,Vũ Ngọc Nhi,customer45@lunara-spa.demo,0810307801,2026-06-20 10:45:00,2026-06-20 11:45:00,\N,60,330000,2026-06-20 10:28:00,2026-06-20 10:50:00,2026-06-20 11:44:00,9,2026-06-05 05:15:00,2026-06-20 11:44:00
176,LNR-20261019-00176,134,15,PENDING_PAYMENT,SYSTEM,Huỳnh Đình Phúc,customer134@lunara-spa.demo,0513561475,2026-10-19 14:45:00,2026-10-19 15:30:00,"Da hơi nhạy cảm, xin dùng sản phẩm dịu.",45,250000,\N,\N,\N,7,2026-09-14 15:00:00,2026-09-14 15:00:00
177,LNR-20261017-00177,99,22,CONFIRMED,SYSTEM,Vũ Quỳnh Ngân,customer99@lunara-spa.demo,0566531259,2026-10-17 12:45:00,2026-10-17 13:30:00,"Đến cùng bạn, xin xếp phòng gần nhau.",45,250000,\N,\N,\N,6,2026-09-14 12:00:00,2026-09-14 15:20:00
178,LNR-20260803-00178,158,18,COMPLETED,CUSTOMER,Nguyễn Ngọc Lan,customer158@lunara-spa.demo,0759655885,2026-08-03 14:30:00,2026-08-03 16:00:00,Xin gọi trước khi đến 15 phút.,90,650000,2026-08-03 14:15:00,2026-08-03 14:36:00,2026-08-03 16:04:00,158,2026-07-18 08:15:00,2026-08-03 16:04:00
179,LNR-20260901-00179,153,15,COMPLETED,SYSTEM,Ngô Chí Thịnh,customer153@lunara-spa.demo,0812886363,2026-09-01 13:45:00,2026-09-01 14:30:00,Ưu tiên phòng yên tĩnh.,45,280000,2026-09-01 13:26:00,2026-09-01 13:46:00,2026-09-01 14:26:00,9,2026-08-16 09:30:00,2026-09-01 14:26:00
180,LNR-20260915-00180,153,14,IN_SERVICE,SYSTEM,Ngô Chí Thịnh,customer153@lunara-spa.demo,0812886363,2026-09-15 09:00:00,2026-09-15 11:00:00,Muốn kỹ thuật viên nữ hỗ trợ.,120,820000,2026-09-15 08:48:00,2026-09-15 09:02:00,\N,7,2026-09-14 07:45:00,2026-09-15 09:02:00
181,LNR-20260915-00181,125,10,CHECKED_IN,CUSTOMER,Đỗ Bá Bảo,customer125@lunara-spa.demo,0513364792,2026-09-15 09:30:00,2026-09-15 10:45:00,"Đến cùng bạn, xin xếp phòng gần nhau.",75,580000,2026-09-15 09:16:00,\N,\N,125,2026-09-03 05:30:00,2026-09-15 09:16:00
182,LNR-20260930-00182,93,13,CONFIRMED,SYSTEM,Vũ Minh Huy,customer93@lunara-spa.demo,0987585557,2026-09-30 12:00:00,2026-09-30 12:45:00,Xin nhắc uống nước sau liệu trình.,45,280000,\N,\N,\N,8,2026-09-15 13:00:00,2026-09-15 13:03:00
183,LNR-20260710-00183,170,17,COMPLETED,ADMIN,Hồ Thu Thư,customer170@lunara-spa.demo,0596197622,2026-07-10 16:45:00,2026-07-10 18:00:00,Không dùng tinh dầu có mùi mạnh.,75,410000,2026-07-10 16:25:00,2026-07-10 16:45:00,2026-07-10 17:57:00,7,2026-06-20 16:00:00,2026-07-10 17:57:00
184,LNR-20260603-00184,158,15,COMPLETED,ADMIN,Nguyễn Ngọc Lan,customer158@lunara-spa.demo,0759655885,2026-06-03 11:00:00,2026-06-03 11:45:00,Muốn kỹ thuật viên nữ hỗ trợ.,45,250000,2026-06-03 10:44:00,2026-06-03 11:06:00,2026-06-03 11:48:00,9,2026-05-20 10:00:00,2026-06-03 11:48:00
185,LNR-20261014-00185,37,19,PENDING_PAYMENT,SYSTEM,Trịnh Minh Hiếu,customer37@lunara-spa.demo,0596294669,2026-10-14 10:45:00,2026-10-14 11:45:00,Không sử dụng phòng xông hơi trước dịch vụ.,60,450000,\N,\N,\N,8,2026-09-14 22:00:00,2026-09-14 22:00:00
186,LNR-20260915-00186,161,12,IN_SERVICE,SYSTEM,Lý Chí Sơn,customer161@lunara-spa.demo,0514569192,2026-09-15 11:45:00,2026-09-15 13:00:00,"Lần trước dùng đá nóng thấy hợp, xin giữ nhiệt độ vừa.",75,480000,2026-09-15 11:36:00,2026-09-15 11:50:00,\N,6,2026-08-24 09:30:00,2026-09-15 11:50:00
187,LNR-20260619-00187,37,13,COMPLETED,ADMIN,Trịnh Minh Hiếu,customer37@lunara-spa.demo,0596294669,2026-06-19 13:00:00,2026-06-19 13:45:00,Cần hóa đơn cho công ty.,45,280000,2026-06-19 12:43:00,2026-06-19 13:02:00,2026-06-19 13:42:00,6,2026-06-12 12:30:00,2026-06-19 13:42:00
188,LNR-20260710-00188,137,10,COMPLETED,SYSTEM,Vũ Quỳnh Quỳnh,customer137@lunara-spa.demo,0874991948,2026-07-10 15:45:00,2026-07-10 16:45:00,\N,60,450000,2026-07-10 15:28:00,2026-07-10 15:45:00,2026-07-10 16:40:00,9,2026-06-20 10:00:00,2026-07-10 16:40:00
189,LNR-20260811-00189,37,12,COMPLETED,ADMIN,Trịnh Minh Hiếu,customer37@lunara-spa.demo,0596294669,2026-08-11 14:15:00,2026-08-11 15:15:00,Ưu tiên phòng yên tĩnh.,60,350000,2026-08-11 13:58:00,2026-08-11 14:16:00,2026-08-11 15:13:00,9,2026-07-22 12:30:00,2026-08-11 15:13:00
190,LNR-20260710-00190,84,22,COMPLETED,CUSTOMER,Huỳnh Đức Tuấn,customer84@lunara-spa.demo,0590756631,2026-07-10 15:00:00,2026-07-10 17:00:00,"Đặt nhân dịp sinh nhật, xin chuẩn bị trà thảo mộc.",120,810000,2026-07-10 14:43:00,2026-07-10 15:02:00,2026-07-10 17:00:00,84,2026-06-21 14:45:00,2026-07-10 17:00:00
191,LNR-20260603-00191,105,21,COMPLETED,SYSTEM,Trịnh Kim Anh,customer105@lunara-spa.demo,0791509983,2026-06-03 16:00:00,2026-06-03 17:30:00,"Da hơi nhạy cảm, xin dùng sản phẩm dịu.",90,650000,2026-06-03 15:42:00,2026-06-03 16:01:00,2026-06-03 17:30:00,8,2026-05-14 11:30:00,2026-06-03 17:30:00
192,LNR-20261029-00192,70,18,CONFIRMED,SYSTEM,Trần Đình Sơn,customer70@lunara-spa.demo,0935446235,2026-10-29 15:30:00,2026-10-29 16:45:00,"Đã từng bị đau cổ vai gáy, xin massage nhẹ.",75,580000,\N,\N,\N,7,2026-09-14 22:00:00,2026-09-14 23:33:00
193,LNR-20260530-00193,33,11,COMPLETED,ADMIN,Lý Kim My,customer33@lunara-spa.demo,0577587660,2026-05-30 18:00:00,2026-05-30 18:45:00,Xin gọi trước khi đến 15 phút.,45,280000,2026-05-30 17:42:00,2026-05-30 18:04:00,2026-05-30 18:43:00,6,2026-05-11 16:00:00,2026-05-30 18:43:00
194,LNR-20260904-00194,132,12,COMPLETED,SYSTEM,Dương Hải Huy,customer132@lunara-spa.demo,0894091783,2026-09-04 12:30:00,2026-09-04 13:45:00,Xin giữ đồ trang sức ở quầy lễ tân.,75,480000,2026-09-04 12:20:00,2026-09-04 12:34:00,2026-09-04 13:49:00,7,2026-08-20 12:15:00,2026-09-04 13:49:00
195,LNR-20260925-00195,32,24,PENDING_PAYMENT,CUSTOMER,Đỗ Tuyết Linh,customer32@lunara-spa.demo,0834031313,2026-09-25 14:30:00,2026-09-25 15:45:00,\N,75,480000,\N,\N,\N,32,2026-09-14 18:00:00,2026-09-14 18:00:00
196,LNR-20261012-00196,116,23,PENDING_PAYMENT,ADMIN,Trần Bảo Bảo,customer116@lunara-spa.demo,0837596093,2026-10-12 15:15:00,2026-10-12 16:15:00,"Đặt nhân dịp sinh nhật, xin chuẩn bị trà thảo mộc.",60,330000,\N,\N,\N,9,2026-09-14 10:00:00,2026-09-14 10:00:00
197,LNR-20260807-00197,88,23,COMPLETED,SYSTEM,Lý Hữu Huy,customer88@lunara-spa.demo,0599568539,2026-08-07 17:45:00,2026-08-07 18:30:00,\N,45,250000,2026-08-07 17:30:00,2026-08-07 17:50:00,2026-08-07 18:29:00,7,2026-07-29 13:00:00,2026-08-07 18:29:00
198,LNR-20260717-00198,162,15,COMPLETED,CUSTOMER,Hoàng Việt Phúc,customer162@lunara-spa.demo,0847368782,2026-07-17 10:15:00,2026-07-17 11:30:00,"Lần trước dùng đá nóng thấy hợp, xin giữ nhiệt độ vừa.",75,580000,2026-07-17 10:00:00,2026-07-17 10:16:00,2026-07-17 11:25:00,162,2026-07-08 03:30:00,2026-07-17 11:25:00
199,LNR-20261015-00199,76,15,CONFIRMED,ADMIN,Tô Bá Vinh,customer76@lunara-spa.demo,0839171846,2026-10-15 10:30:00,2026-10-15 13:00:00,"Da hơi nhạy cảm, xin dùng sản phẩm dịu.",150,1150000,\N,\N,\N,9,2026-09-14 15:00:00,2026-09-14 16:21:00
200,LNR-20260831-00200,47,17,COMPLETED,ADMIN,Huỳnh Như Phương,customer47@lunara-spa.demo,0885648192,2026-08-31 10:15:00,2026-08-31 11:30:00,Ưu tiên phòng yên tĩnh.,75,480000,2026-08-31 09:58:00,2026-08-31 10:17:00,2026-08-31 11:32:00,8,2026-08-27 05:30:00,2026-08-31 11:32:00
201,LNR-20260909-00201,66,20,COMPLETED,SYSTEM,Đinh Hồng Phương,customer66@lunara-spa.demo,0810535601,2026-09-09 10:00:00,2026-09-09 11:30:00,\N,90,670000,2026-09-09 09:53:00,2026-09-09 10:03:00,2026-09-09 11:32:00,8,2026-08-26 09:30:00,2026-09-09 11:32:00
202,LNR-20260706-00202,90,21,COMPLETED,CUSTOMER,Mai Tuyết Lan,customer90@lunara-spa.demo,0821529706,2026-07-06 15:00:00,2026-07-06 17:15:00,Không sử dụng phòng xông hơi trước dịch vụ.,135,1000000,2026-07-06 14:54:00,2026-07-06 15:02:00,2026-07-06 17:16:00,90,2026-06-30 10:30:00,2026-07-06 17:16:00
203,LNR-20260812-00203,100,23,COMPLETED,CUSTOMER,Đỗ Quỳnh Phương,customer100@lunara-spa.demo,0835421220,2026-08-12 11:30:00,2026-08-12 12:30:00,Xin giữ đồ trang sức ở quầy lễ tân.,60,350000,2026-08-12 11:17:00,2026-08-12 11:37:00,2026-08-12 12:31:00,100,2026-08-08 08:00:00,2026-08-12 12:31:00
204,LNR-20260903-00204,61,15,COMPLETED,SYSTEM,Hoàng Xuân Trí,customer61@lunara-spa.demo,0567015666,2026-09-03 16:30:00,2026-09-03 17:45:00,"Đến cùng bạn, xin xếp phòng gần nhau.",75,580000,2026-09-03 16:15:00,2026-09-03 16:35:00,2026-09-03 17:48:00,7,2026-08-21 16:15:00,2026-09-03 17:48:00
205,LNR-20260904-00205,89,19,COMPLETED,SYSTEM,Hồ Quang Vinh,customer89@lunara-spa.demo,0856037577,2026-09-04 13:30:00,2026-09-04 15:30:00,Xin nhắc uống nước sau liệu trình.,120,810000,2026-09-04 13:15:00,2026-09-04 13:38:00,2026-09-04 15:38:00,7,2026-08-24 10:15:00,2026-09-04 15:38:00
206,LNR-20260915-00206,164,13,CHECKED_IN,CUSTOMER,Trịnh Nhật Bảo,customer164@lunara-spa.demo,0510063133,2026-09-15 11:00:00,2026-09-15 12:30:00,Cần hóa đơn cho công ty.,90,630000,2026-09-15 10:46:00,\N,\N,164,2026-09-07 07:00:00,2026-09-15 10:46:00
207,LNR-20260604-00207,69,23,COMPLETED,ADMIN,Nguyễn Ngọc Anh,customer69@lunara-spa.demo,0990541637,2026-06-04 16:15:00,2026-06-04 19:00:00,Không dùng tinh dầu có mùi mạnh.,165,1130000,2026-06-04 16:08:00,2026-06-04 16:20:00,2026-06-04 18:59:00,6,2026-05-28 12:00:00,2026-06-04 18:59:00
208,LNR-20260815-00208,131,20,COMPLETED,SYSTEM,Nguyễn Trúc Yến,customer131@lunara-spa.demo,0540378047,2026-08-15 09:30:00,2026-08-15 10:45:00,"Đã từng bị đau cổ vai gáy, xin massage nhẹ.",75,480000,2026-08-15 09:13:00,2026-08-15 09:36:00,2026-08-15 10:46:00,9,2026-08-01 07:45:00,2026-08-15 10:46:00
209,LNR-20260908-00209,95,16,COMPLETED,CUSTOMER,Nguyễn Tuyết Lan,customer95@lunara-spa.demo,0737333925,2026-09-08 13:30:00,2026-09-08 16:15:00,Muốn kỹ thuật viên nữ hỗ trợ.,165,950000,2026-09-08 13:25:00,2026-09-08 13:37:00,2026-09-08 16:18:00,95,2026-08-24 13:30:00,2026-09-08 16:18:00
210,LNR-20261014-00210,50,15,CONFIRMED,CUSTOMER,Trần Phương Linh,customer50@lunara-spa.demo,0563443969,2026-10-14 16:45:00,2026-10-14 18:00:00,Xin gọi trước khi đến 15 phút.,75,580000,\N,\N,\N,50,2026-09-14 17:00:00,2026-09-14 18:13:00
211,LNR-20260821-00211,94,24,COMPLETED,ADMIN,Trần Phương Quỳnh,customer94@lunara-spa.demo,0736479879,2026-08-21 09:45:00,2026-08-21 12:45:00,\N,180,1440000,2026-08-21 09:35:00,2026-08-21 09:51:00,2026-08-21 12:49:00,7,2026-08-11 07:15:00,2026-08-21 12:49:00
212,LNR-20261028-00212,126,10,PENDING_PAYMENT,ADMIN,Đặng Trung Tuấn,customer126@lunara-spa.demo,0725100208,2026-10-28 16:00:00,2026-10-28 17:30:00,"Đến cùng bạn, xin xếp phòng gần nhau.",90,470000,\N,\N,\N,6,2026-09-15 09:00:00,2026-09-15 09:00:00
213,LNR-20260919-00213,121,16,CONFIRMED,CUSTOMER,Phạm Phương Lan,customer121@lunara-spa.demo,0528469894,2026-09-19 09:45:00,2026-09-19 10:30:00,Ưu tiên phòng yên tĩnh.,45,280000,\N,\N,\N,121,2026-09-13 05:45:00,2026-09-13 09:35:00
214,LNR-20260611-00214,64,10,COMPLETED,SYSTEM,Huỳnh Diệu Lan,customer64@lunara-spa.demo,0851383155,2026-06-11 11:00:00,2026-06-11 12:30:00,Cần hóa đơn cho công ty.,90,650000,2026-06-11 10:46:00,2026-06-11 11:08:00,2026-06-11 12:34:00,7,2026-05-26 06:00:00,2026-06-11 12:34:00
215,LNR-20260817-00215,83,17,COMPLETED,SYSTEM,Hoàng Tuyết Nhung,customer83@lunara-spa.demo,0589777304,2026-08-17 10:00:00,2026-08-17 12:00:00,Muốn kỹ thuật viên nữ hỗ trợ.,120,590000,2026-08-17 09:43:00,2026-08-17 10:04:00,2026-08-17 12:04:00,6,2026-07-28 03:30:00,2026-08-17 12:04:00
216,LNR-20260912-00216,131,17,COMPLETED,SYSTEM,Nguyễn Trúc Yến,customer131@lunara-spa.demo,0540378047,2026-09-12 16:30:00,2026-09-12 17:30:00,Xin nhắc uống nước sau liệu trình.,60,330000,2026-09-12 16:18:00,2026-09-12 16:32:00,2026-09-12 17:26:00,6,2026-08-30 11:45:00,2026-09-12 17:26:00
217,LNR-20261026-00217,91,19,CONFIRMED,CUSTOMER,Huỳnh Tuyết Mai,customer91@lunara-spa.demo,0554863979,2026-10-26 12:30:00,2026-10-26 13:45:00,"Lần trước dùng đá nóng thấy hợp, xin giữ nhiệt độ vừa.",75,480000,\N,\N,\N,91,2026-09-15 12:00:00,2026-09-15 13:19:00
218,LNR-20260615-00218,126,13,COMPLETED,SYSTEM,Đặng Trung Tuấn,customer126@lunara-spa.demo,0725100208,2026-06-15 15:15:00,2026-06-15 16:30:00,"Đã từng bị đau cổ vai gáy, xin massage nhẹ.",75,480000,2026-06-15 15:09:00,2026-06-15 15:21:00,2026-06-15 16:31:00,7,2026-06-03 15:15:00,2026-06-15 16:31:00
219,LNR-20261014-00219,110,20,PENDING_PAYMENT,SYSTEM,Nguyễn Thị Mai,customer110@lunara-spa.demo,0743188723,2026-10-14 12:45:00,2026-10-14 14:15:00,\N,90,670000,\N,\N,\N,7,2026-09-15 11:00:00,2026-09-15 11:00:00
220,LNR-20260627-00220,40,13,COMPLETED,CUSTOMER,Lê Hữu An,customer40@lunara-spa.demo,0814490145,2026-06-27 10:45:00,2026-06-27 12:00:00,"Đặt nhân dịp sinh nhật, xin chuẩn bị trà thảo mộc.",75,480000,2026-06-27 10:39:00,2026-06-27 10:46:00,2026-06-27 11:57:00,40,2026-06-08 04:45:00,2026-06-27 11:57:00
221,LNR-20260701-00221,104,22,COMPLETED,SYSTEM,Huỳnh Thanh Quỳnh,customer104@lunara-spa.demo,0829914292,2026-07-01 13:15:00,2026-07-01 16:45:00,Không dùng tinh dầu có mùi mạnh.,210,1530000,2026-07-01 12:58:00,2026-07-01 13:20:00,2026-07-01 16:45:00,8,2026-06-13 06:45:00,2026-07-01 16:45:00
222,LNR-20261010-00222,139,11,PENDING_PAYMENT,CUSTOMER,Hoàng Thảo Linh,customer139@lunara-spa.demo,0778632588,2026-10-10 12:15:00,2026-10-10 13:30:00,Xin giữ đồ trang sức ở quầy lễ tân.,75,480000,\N,\N,\N,139,2026-09-14 16:00:00,2026-09-14 16:00:00
223,LNR-20261007-00223,101,15,PENDING_PAYMENT,SYSTEM,Hồ Bảo Hạnh,customer101@lunara-spa.demo,0712325811,2026-10-07 14:45:00,2026-10-07 15:45:00,"Da hơi nhạy cảm, xin dùng sản phẩm dịu.",60,520000,\N,\N,\N,8,2026-09-14 09:00:00,2026-09-14 09:00:00
224,LNR-20260928-00224,110,19,PENDING_PAYMENT,ADMIN,Nguyễn Thị Mai,customer110@lunara-spa.demo,0743188723,2026-09-28 12:15:00,2026-09-28 13:45:00,Xin gọi trước khi đến 15 phút.,90,630000,\N,\N,\N,9,2026-09-14 22:00:00,2026-09-14 22:00:00
225,LNR-20260917-00225,134,12,CONFIRMED,SYSTEM,Huỳnh Đình Phúc,customer134@lunara-spa.demo,0513561475,2026-09-17 10:00:00,2026-09-17 11:30:00,Không sử dụng phòng xông hơi trước dịch vụ.,90,670000,\N,\N,\N,9,2026-09-10 03:15:00,2026-09-10 04:34:00
226,LNR-20261013-00226,117,20,PENDING_PAYMENT,ADMIN,Bùi Yến Nhi,customer117@lunara-spa.demo,0734888897,2026-10-13 11:45:00,2026-10-13 13:15:00,Xin gọi trước khi đến 15 phút.,90,470000,\N,\N,\N,6,2026-09-14 11:00:00,2026-09-14 11:00:00
227,LNR-20261001-00227,57,18,PENDING_PAYMENT,ADMIN,Vũ Trung Thịnh,customer57@lunara-spa.demo,0599338834,2026-10-01 15:15:00,2026-10-01 16:45:00,"Đặt nhân dịp sinh nhật, xin chuẩn bị trà thảo mộc.",90,650000,\N,\N,\N,7,2026-09-15 04:00:00,2026-09-15 04:00:00
228,LNR-20261009-00228,101,16,CONFIRMED,SYSTEM,Hồ Bảo Hạnh,customer101@lunara-spa.demo,0712325811,2026-10-09 13:45:00,2026-10-09 15:15:00,Xin nhắc uống nước sau liệu trình.,90,470000,\N,\N,\N,6,2026-09-14 17:00:00,2026-09-14 20:45:00
229,LNR-20260617-00229,139,20,COMPLETED,ADMIN,Hoàng Thảo Linh,customer139@lunara-spa.demo,0778632588,2026-06-17 14:45:00,2026-06-17 16:00:00,Muốn kỹ thuật viên nữ hỗ trợ.,75,480000,2026-06-17 14:27:00,2026-06-17 14:46:00,2026-06-17 15:58:00,7,2026-06-01 11:00:00,2026-06-17 15:58:00
230,LNR-20261008-00230,80,17,CONFIRMED,CUSTOMER,Hoàng Khánh Mai,customer80@lunara-spa.demo,0934210811,2026-10-08 12:15:00,2026-10-08 13:45:00,Cần hóa đơn cho công ty.,90,470000,\N,\N,\N,80,2026-09-15 08:00:00,2026-09-15 11:37:00
231,LNR-20260915-00231,88,13,IN_SERVICE,SYSTEM,Lý Hữu Huy,customer88@lunara-spa.demo,0599568539,2026-09-15 13:00:00,2026-09-15 15:00:00,\N,120,810000,2026-09-15 12:45:00,2026-09-15 13:10:00,\N,8,2026-09-01 12:15:00,2026-09-15 13:10:00
232,LNR-20260923-00232,42,11,CONFIRMED,SYSTEM,Võ Bá Dũng,customer42@lunara-spa.demo,0943166141,2026-09-23 10:00:00,2026-09-23 10:45:00,Không dùng tinh dầu có mùi mạnh.,45,280000,\N,\N,\N,6,2026-09-14 21:00:00,2026-09-15 04:27:00
233,LNR-20260825-00233,143,18,COMPLETED,CUSTOMER,Võ Chí Nam,customer143@lunara-spa.demo,0510826726,2026-08-25 14:30:00,2026-08-25 16:00:00,Xin giữ đồ trang sức ở quầy lễ tân.,90,650000,2026-08-25 14:18:00,2026-08-25 14:38:00,2026-08-25 16:05:00,143,2026-08-16 11:15:00,2026-08-25 16:05:00
234,LNR-20260905-00234,101,24,COMPLETED,ADMIN,Hồ Bảo Hạnh,customer101@lunara-spa.demo,0712325811,2026-09-05 09:30:00,2026-09-05 12:30:00,\N,180,1170000,2026-09-05 09:21:00,2026-09-05 09:30:00,2026-09-05 12:26:00,9,2026-09-01 05:00:00,2026-09-05 12:26:00
235,LNR-20261003-00235,94,17,CONFIRMED,CUSTOMER,Trần Phương Quỳnh,customer94@lunara-spa.demo,0736479879,2026-10-03 10:45:00,2026-10-03 12:15:00,Ưu tiên phòng yên tĩnh.,90,650000,\N,\N,\N,94,2026-09-13 09:45:00,2026-09-14 06:09:00
236,LNR-20260623-00236,44,10,COMPLETED,CUSTOMER,Trịnh Quang Trí,customer44@lunara-spa.demo,0866201131,2026-06-23 09:30:00,2026-06-23 11:00:00,"Đã từng bị đau cổ vai gáy, xin massage nhẹ.",90,650000,2026-06-23 09:17:00,2026-06-23 09:38:00,2026-06-23 11:04:00,44,2026-06-09 05:00:00,2026-06-23 11:04:00
237,LNR-20260715-00237,97,11,COMPLETED,SYSTEM,Ngô Thanh Thịnh,customer97@lunara-spa.demo,0838870715,2026-07-15 10:30:00,2026-07-15 11:15:00,"Đến cùng bạn, xin xếp phòng gần nhau.",45,280000,2026-07-15 10:19:00,2026-07-15 10:36:00,2026-07-15 11:17:00,6,2026-06-26 07:30:00,2026-07-15 11:17:00
238,LNR-20260918-00238,165,24,CONFIRMED,ADMIN,Lý Thanh Phúc,customer165@lunara-spa.demo,0715638864,2026-09-18 15:45:00,2026-09-18 17:15:00,"Lần trước dùng đá nóng thấy hợp, xin giữ nhiệt độ vừa.",90,850000,\N,\N,\N,6,2026-09-07 13:15:00,2026-09-07 16:26:00
239,LNR-20261016-00239,54,13,PENDING_PAYMENT,ADMIN,Phạm Bảo Quỳnh,customer54@lunara-spa.demo,0561781881,2026-10-16 16:30:00,2026-10-16 17:45:00,"Da hơi nhạy cảm, xin dùng sản phẩm dịu.",75,480000,\N,\N,\N,7,2026-09-14 19:00:00,2026-09-14 19:00:00
240,LNR-20261022-00240,81,18,CONFIRMED,CUSTOMER,Lê Đức Tuấn,customer81@lunara-spa.demo,0579052653,2026-10-22 10:15:00,2026-10-22 11:30:00,Không sử dụng phòng xông hơi trước dịch vụ.,75,580000,\N,\N,\N,81,2026-09-14 15:00:00,2026-09-14 18:26:00
241,LNR-20261027-00241,138,16,PENDING_PAYMENT,CUSTOMER,Trần Trúc Hạnh,customer138@lunara-spa.demo,0976762617,2026-10-27 09:00:00,2026-10-27 11:15:00,Muốn kỹ thuật viên nữ hỗ trợ.,135,950000,\N,\N,\N,138,2026-09-15 09:00:00,2026-09-15 09:00:00
242,LNR-20261010-00242,118,19,PENDING_PAYMENT,SYSTEM,Bùi Bá Nam,customer118@lunara-spa.demo,0769834343,2026-10-10 15:30:00,2026-10-10 17:00:00,Không sử dụng phòng xông hơi trước dịch vụ.,90,630000,\N,\N,\N,7,2026-09-15 05:00:00,2026-09-15 05:00:00
243,LNR-20260924-00243,101,15,CONFIRMED,ADMIN,Hồ Bảo Hạnh,customer101@lunara-spa.demo,0712325811,2026-09-24 13:15:00,2026-09-24 14:30:00,"Đặt nhân dịp sinh nhật, xin chuẩn bị trà thảo mộc.",75,580000,\N,\N,\N,7,2026-09-07 11:30:00,2026-09-07 11:30:00
244,LNR-20260926-00244,172,10,CONFIRMED,CUSTOMER,Tô Thành Tuấn,customer172@lunara-spa.demo,0551436549,2026-09-26 11:30:00,2026-09-26 13:00:00,\N,90,630000,\N,\N,\N,172,2026-09-06 11:30:00,2026-09-06 19:04:00
245,LNR-20260916-00245,56,13,PENDING_PAYMENT,ADMIN,Tô Diệu Lan,customer56@lunara-spa.demo,0599346311,2026-09-16 12:00:00,2026-09-16 14:15:00,Xin giữ đồ trang sức ở quầy lễ tân.,135,900000,\N,\N,\N,9,2026-09-14 05:30:00,2026-09-14 05:30:00
246,LNR-20260919-00246,146,13,PENDING_PAYMENT,SYSTEM,Đinh Ngọc Nhung,customer146@lunara-spa.demo,0838287434,2026-09-19 11:00:00,2026-09-19 12:15:00,\N,75,480000,\N,\N,\N,8,2026-09-10 05:15:00,2026-09-10 05:15:00
247,LNR-20261028-00247,41,21,CONFIRMED,CUSTOMER,Lý Hồng Linh,customer41@lunara-spa.demo,0813104671,2026-10-28 10:00:00,2026-10-28 11:30:00,Ưu tiên phòng yên tĩnh.,90,630000,\N,\N,\N,41,2026-09-14 15:00:00,2026-09-14 15:37:00
248,LNR-20261024-00248,92,18,CONFIRMED,CUSTOMER,Bùi Khánh Mai,customer92@lunara-spa.demo,0729825173,2026-10-24 09:30:00,2026-10-24 11:00:00,Không dùng tinh dầu có mùi mạnh.,90,630000,\N,\N,\N,92,2026-09-15 07:00:00,2026-09-15 10:25:00
249,LNR-20260615-00249,80,20,COMPLETED,ADMIN,Hoàng Khánh Mai,customer80@lunara-spa.demo,0934210811,2026-06-15 16:15:00,2026-06-15 17:45:00,"Đã từng bị đau cổ vai gáy, xin massage nhẹ.",90,470000,2026-06-15 16:07:00,2026-06-15 16:19:00,2026-06-15 17:46:00,7,2026-06-03 16:00:00,2026-06-15 17:46:00
250,LNR-20261021-00250,157,10,PENDING_PAYMENT,ADMIN,Huỳnh Bảo Bảo,customer157@lunara-spa.demo,0555086616,2026-10-21 14:15:00,2026-10-21 15:30:00,Xin gọi trước khi đến 15 phút.,75,580000,\N,\N,\N,6,2026-09-15 03:00:00,2026-09-15 03:00:00
251,LNR-20261009-00251,170,10,PENDING_PAYMENT,SYSTEM,Hồ Thu Thư,customer170@lunara-spa.demo,0596197622,2026-10-09 11:45:00,2026-10-09 15:00:00,"Lần trước dùng đá nóng thấy hợp, xin giữ nhiệt độ vừa.",195,1390000,\N,\N,\N,6,2026-09-14 21:00:00,2026-09-14 21:00:00
252,LNR-20261012-00252,52,21,CONFIRMED,CUSTOMER,Tô Phương Nhung,customer52@lunara-spa.demo,0743027841,2026-10-12 14:15:00,2026-10-12 16:45:00,Cần hóa đơn cho công ty.,150,1070000,\N,\N,\N,52,2026-09-15 04:00:00,2026-09-15 14:23:00
253,LNR-20260616-00253,118,19,COMPLETED,SYSTEM,Bùi Bá Nam,customer118@lunara-spa.demo,0769834343,2026-06-16 15:15:00,2026-06-16 17:15:00,Xin nhắc uống nước sau liệu trình.,120,920000,2026-06-16 15:07:00,2026-06-16 15:17:00,2026-06-16 17:11:00,9,2026-06-01 14:15:00,2026-06-16 17:11:00
254,LNR-20261023-00254,51,16,CONFIRMED,SYSTEM,Đỗ Đình Sơn,customer51@lunara-spa.demo,0753001271,2026-10-23 11:15:00,2026-10-23 12:30:00,"Da hơi nhạy cảm, xin dùng sản phẩm dịu.",75,480000,\N,\N,\N,9,2026-09-14 23:00:00,2026-09-14 23:08:00
255,LNR-20260813-00255,64,15,COMPLETED,SYSTEM,Huỳnh Diệu Lan,customer64@lunara-spa.demo,0851383155,2026-08-13 12:00:00,2026-08-13 13:00:00,"Đến cùng bạn, xin xếp phòng gần nhau.",60,330000,2026-08-13 11:41:00,2026-08-13 12:05:00,2026-08-13 12:59:00,9,2026-08-04 09:45:00,2026-08-13 12:59:00
256,LNR-20260727-00256,108,13,COMPLETED,SYSTEM,Võ Diệu Ngân,customer108@lunara-spa.demo,0949518969,2026-07-27 10:30:00,2026-07-27 11:30:00,"Đặt nhân dịp sinh nhật, xin chuẩn bị trà thảo mộc.",60,450000,2026-07-27 10:24:00,2026-07-27 10:37:00,2026-07-27 11:34:00,8,2026-07-20 07:15:00,2026-07-27 11:34:00
257,LNR-20261014-00257,168,22,CONFIRMED,SYSTEM,Lê Quang Hiếu,customer168@lunara-spa.demo,0741792577,2026-10-14 15:30:00,2026-10-14 18:00:00,"Da hơi nhạy cảm, xin dùng sản phẩm dịu.",150,1150000,\N,\N,\N,6,2026-09-14 20:00:00,2026-09-14 20:00:00
258,LNR-20261031-00258,154,13,CONFIRMED,ADMIN,Trần Minh Vy,customer154@lunara-spa.demo,0548356679,2026-10-31 13:15:00,2026-10-31 14:15:00,Không dùng tinh dầu có mùi mạnh.,60,420000,\N,\N,\N,8,2026-09-15 03:00:00,2026-09-15 03:00:00
259,LNR-20260915-00259,118,12,CHECKED_IN,ADMIN,Bùi Bá Nam,customer118@lunara-spa.demo,0769834343,2026-09-15 09:30:00,2026-09-15 11:00:00,Cần hóa đơn cho công ty.,90,850000,2026-09-15 09:12:00,\N,\N,6,2026-08-27 05:30:00,2026-09-15 09:12:00
260,LNR-20260925-00260,101,21,CONFIRMED,SYSTEM,Hồ Bảo Hạnh,customer101@lunara-spa.demo,0712325811,2026-09-25 10:00:00,2026-09-25 11:30:00,\N,90,720000,\N,\N,\N,8,2026-09-11 08:00:00,2026-09-11 15:40:00
261,LNR-20260620-00261,43,10,COMPLETED,SYSTEM,Mai Trúc Anh,customer43@lunara-spa.demo,0866328881,2026-06-20 14:00:00,2026-06-20 15:15:00,Muốn kỹ thuật viên nữ hỗ trợ.,75,580000,2026-06-20 13:43:00,2026-06-20 14:02:00,2026-06-20 15:15:00,7,2026-06-08 10:00:00,2026-06-20 15:15:00
262,LNR-20260827-00262,55,23,COMPLETED,SYSTEM,Trần Hải Hải,customer55@lunara-spa.demo,0517348557,2026-08-27 11:30:00,2026-08-27 13:00:00,"Đã từng bị đau cổ vai gáy, xin massage nhẹ.",90,470000,2026-08-27 11:12:00,2026-08-27 11:32:00,2026-08-27 12:56:00,8,2026-08-10 09:15:00,2026-08-27 12:56:00
263,LNR-20260926-00263,95,16,CONFIRMED,CUSTOMER,Nguyễn Tuyết Lan,customer95@lunara-spa.demo,0737333925,2026-09-26 10:00:00,2026-09-26 11:15:00,"Đến cùng bạn, xin xếp phòng gần nhau.",75,480000,\N,\N,\N,95,2026-09-09 07:45:00,2026-09-10 04:06:00
264,LNR-20260731-00264,33,22,COMPLETED,SYSTEM,Lý Kim My,customer33@lunara-spa.demo,0577587660,2026-07-31 15:15:00,2026-07-31 16:15:00,Xin giữ đồ trang sức ở quầy lễ tân.,60,520000,2026-07-31 15:05:00,2026-07-31 15:22:00,2026-07-31 16:22:00,6,2026-07-27 14:45:00,2026-07-31 16:22:00
265,LNR-20260618-00265,58,12,COMPLETED,ADMIN,Phạm Công Hiếu,customer58@lunara-spa.demo,0889659093,2026-06-18 16:30:00,2026-06-18 18:00:00,"Lần trước dùng đá nóng thấy hợp, xin giữ nhiệt độ vừa.",90,850000,2026-06-18 16:20:00,2026-06-18 16:33:00,2026-06-18 18:02:00,6,2026-06-02 10:45:00,2026-06-18 18:02:00
266,LNR-20261022-00266,151,16,PENDING_PAYMENT,SYSTEM,Mai Bảo Trí,customer151@lunara-spa.demo,0870558327,2026-10-22 09:45:00,2026-10-22 11:15:00,Ưu tiên phòng yên tĩnh.,90,850000,\N,\N,\N,7,2026-09-15 09:00:00,2026-09-15 09:00:00
267,LNR-20261017-00267,47,19,CONFIRMED,SYSTEM,Huỳnh Như Phương,customer47@lunara-spa.demo,0885648192,2026-10-17 11:15:00,2026-10-17 12:15:00,Không sử dụng phòng xông hơi trước dịch vụ.,60,420000,\N,\N,\N,6,2026-09-15 11:00:00,2026-09-15 11:00:00
268,LNR-20260721-00268,30,12,COMPLETED,SYSTEM,Đỗ Gia Nhi,customer30@lunara-spa.demo,0547071613,2026-07-21 16:30:00,2026-07-21 18:00:00,Xin nhắc uống nước sau liệu trình.,90,850000,2026-07-21 16:13:00,2026-07-21 16:36:00,2026-07-21 18:01:00,8,2026-07-16 10:00:00,2026-07-21 18:01:00
269,LNR-20261002-00269,102,21,CONFIRMED,SYSTEM,Trần Thị Linh,customer102@lunara-spa.demo,0551035105,2026-10-02 10:45:00,2026-10-02 12:15:00,Xin gọi trước khi đến 15 phút.,90,630000,\N,\N,\N,7,2026-09-14 19:00:00,2026-09-14 19:00:00
270,LNR-20261020-00270,51,14,PENDING_PAYMENT,SYSTEM,Đỗ Đình Sơn,customer51@lunara-spa.demo,0753001271,2026-10-20 12:15:00,2026-10-20 13:30:00,\N,75,410000,\N,\N,\N,9,2026-09-14 19:00:00,2026-09-14 19:00:00
271,LNR-20260812-00271,110,14,COMPLETED,ADMIN,Nguyễn Thị Mai,customer110@lunara-spa.demo,0743188723,2026-08-12 09:00:00,2026-08-12 10:30:00,"Đến cùng bạn, xin xếp phòng gần nhau.",90,650000,2026-08-12 08:42:00,2026-08-12 09:07:00,2026-08-12 10:37:00,9,2026-07-24 08:30:00,2026-08-12 10:37:00
272,LNR-20260827-00272,47,23,COMPLETED,CUSTOMER,Huỳnh Như Phương,customer47@lunara-spa.demo,0885648192,2026-08-27 14:00:00,2026-08-27 15:30:00,"Đặt nhân dịp sinh nhật, xin chuẩn bị trà thảo mộc.",90,470000,2026-08-27 13:53:00,2026-08-27 14:00:00,2026-08-27 15:26:00,47,2026-08-25 07:45:00,2026-08-27 15:26:00
273,LNR-20260812-00273,38,20,COMPLETED,SYSTEM,Đinh Kim Trâm,customer38@lunara-spa.demo,0582394740,2026-08-12 14:45:00,2026-08-12 15:45:00,Ưu tiên phòng yên tĩnh.,60,350000,2026-08-12 14:32:00,2026-08-12 14:52:00,2026-08-12 15:46:00,8,2026-08-04 13:30:00,2026-08-12 15:46:00
274,LNR-20260804-00274,159,21,COMPLETED,ADMIN,Phan Việt Hiếu,customer159@lunara-spa.demo,0952871850,2026-08-04 13:45:00,2026-08-04 15:15:00,\N,90,720000,2026-08-04 13:29:00,2026-08-04 13:51:00,2026-08-04 15:16:00,8,2026-07-31 12:15:00,2026-08-04 15:16:00
275,LNR-20261017-00275,90,10,PENDING_PAYMENT,ADMIN,Mai Tuyết Lan,customer90@lunara-spa.demo,0821529706,2026-10-17 13:45:00,2026-10-17 14:45:00,Xin giữ đồ trang sức ở quầy lễ tân.,60,350000,\N,\N,\N,7,2026-09-14 10:00:00,2026-09-14 10:00:00
276,LNR-20260915-00276,47,14,CHECKED_IN,SYSTEM,Huỳnh Như Phương,customer47@lunara-spa.demo,0885648192,2026-09-15 14:00:00,2026-09-15 17:00:00,Muốn kỹ thuật viên nữ hỗ trợ.,180,1280000,2026-09-15 13:41:00,\N,\N,7,2026-09-13 12:45:00,2026-09-15 13:41:00
277,LNR-20260926-00277,171,17,CONFIRMED,SYSTEM,Võ Minh Vy,customer171@lunara-spa.demo,0529523270,2026-09-26 12:30:00,2026-09-26 13:45:00,"Da hơi nhạy cảm, xin dùng sản phẩm dịu.",75,480000,\N,\N,\N,8,2026-09-14 15:00:00,2026-09-15 11:07:00
278,LNR-20260814-00278,94,17,COMPLETED,SYSTEM,Trần Phương Quỳnh,customer94@lunara-spa.demo,0736479879,2026-08-14 11:00:00,2026-08-14 12:30:00,"Lần trước dùng đá nóng thấy hợp, xin giữ nhiệt độ vừa.",90,470000,2026-08-14 10:52:00,2026-08-14 11:06:00,2026-08-14 12:35:00,9,2026-08-02 08:30:00,2026-08-14 12:35:00
279,LNR-20260916-00279,164,17,CONFIRMED,SYSTEM,Trịnh Nhật Bảo,customer164@lunara-spa.demo,0510063133,2026-09-16 17:45:00,2026-09-16 18:30:00,Cần hóa đơn cho công ty.,45,280000,\N,\N,\N,6,2026-08-31 17:00:00,2026-08-31 17:00:00
280,LNR-20260618-00280,60,24,COMPLETED,CUSTOMER,Lý Xuân Vinh,customer60@lunara-spa.demo,0976106035,2026-06-18 14:00:00,2026-06-18 15:15:00,"Đã từng bị đau cổ vai gáy, xin massage nhẹ.",75,480000,2026-06-18 13:42:00,2026-06-18 14:07:00,2026-06-18 15:19:00,60,2026-06-10 07:30:00,2026-06-18 15:19:00
281,LNR-20260826-00281,50,16,COMPLETED,SYSTEM,Trần Phương Linh,customer50@lunara-spa.demo,0563443969,2026-08-26 10:30:00,2026-08-26 11:45:00,Không sử dụng phòng xông hơi trước dịch vụ.,75,480000,2026-08-26 10:19:00,2026-08-26 10:35:00,2026-08-26 11:44:00,7,2026-08-14 08:30:00,2026-08-26 11:44:00
282,LNR-20261012-00282,54,18,PENDING_PAYMENT,CUSTOMER,Phạm Bảo Quỳnh,customer54@lunara-spa.demo,0561781881,2026-10-12 11:00:00,2026-10-12 12:30:00,Không dùng tinh dầu có mùi mạnh.,90,650000,\N,\N,\N,54,2026-09-15 00:00:00,2026-09-15 00:00:00
283,LNR-20260918-00283,131,10,CONFIRMED,CUSTOMER,Nguyễn Trúc Yến,customer131@lunara-spa.demo,0540378047,2026-09-18 14:00:00,2026-09-18 15:30:00,Xin nhắc uống nước sau liệu trình.,90,650000,\N,\N,\N,131,2026-08-25 10:00:00,2026-08-25 11:45:00
284,LNR-20260702-00284,73,20,COMPLETED,SYSTEM,Dương Chí Bảo,customer73@lunara-spa.demo,0532185513,2026-07-02 12:45:00,2026-07-02 13:45:00,Xin gọi trước khi đến 15 phút.,60,520000,2026-07-02 12:35:00,2026-07-02 12:49:00,2026-07-02 13:47:00,6,2026-06-25 08:00:00,2026-07-02 13:47:00
285,LNR-20260703-00285,125,22,COMPLETED,CUSTOMER,Đỗ Bá Bảo,customer125@lunara-spa.demo,0513364792,2026-07-03 14:30:00,2026-07-03 16:30:00,\N,120,920000,2026-07-03 14:20:00,2026-07-03 14:31:00,2026-07-03 16:26:00,125,2026-06-14 12:45:00,2026-07-03 16:26:00
286,LNR-20260829-00286,32,16,COMPLETED,SYSTEM,Đỗ Tuyết Linh,customer32@lunara-spa.demo,0834031313,2026-08-29 10:00:00,2026-08-29 13:00:00,Không dùng tinh dầu có mùi mạnh.,180,1520000,2026-08-29 09:44:00,2026-08-29 10:04:00,2026-08-29 13:01:00,6,2026-08-13 08:15:00,2026-08-29 13:01:00
287,LNR-20260812-00287,106,15,COMPLETED,CUSTOMER,Phan Thị Phương,customer106@lunara-spa.demo,0847129673,2026-08-12 17:45:00,2026-08-12 18:30:00,Muốn kỹ thuật viên nữ hỗ trợ.,45,280000,2026-08-12 17:27:00,2026-08-12 17:46:00,2026-08-12 18:25:00,106,2026-08-03 14:45:00,2026-08-12 18:25:00
288,LNR-20261030-00288,117,13,PENDING_PAYMENT,CUSTOMER,Bùi Yến Nhi,customer117@lunara-spa.demo,0734888897,2026-10-30 15:30:00,2026-10-30 18:15:00,Không sử dụng phòng xông hơi trước dịch vụ.,165,1110000,\N,\N,\N,117,2026-09-15 07:00:00,2026-09-15 07:00:00
289,LNR-20260721-00289,141,20,COMPLETED,ADMIN,Phạm Nhật Nam,customer141@lunara-spa.demo,0784980305,2026-07-21 10:15:00,2026-07-21 11:15:00,Xin giữ đồ trang sức ở quầy lễ tân.,60,468000,2026-07-21 10:10:00,2026-07-21 10:15:00,2026-07-21 11:13:00,9,2026-07-12 06:30:00,2026-07-21 11:13:00
290,LNR-20260807-00290,95,19,COMPLETED,CUSTOMER,Nguyễn Tuyết Lan,customer95@lunara-spa.demo,0737333925,2026-08-07 11:45:00,2026-08-07 14:15:00,Xin gọi trước khi đến 15 phút.,150,1140000,2026-08-07 11:25:00,2026-08-07 11:53:00,2026-08-07 14:18:00,95,2026-07-24 05:00:00,2026-08-07 14:18:00
291,LNR-20260917-00291,45,22,CONFIRMED,CUSTOMER,Vũ Ngọc Nhi,customer45@lunara-spa.demo,0810307801,2026-09-17 13:45:00,2026-09-17 16:45:00,Cần hóa đơn cho công ty.,180,1140000,\N,\N,\N,45,2026-09-09 12:00:00,2026-09-09 12:00:00
292,LNR-20261015-00292,74,22,CONFIRMED,ADMIN,Phan Bảo Nhung,customer74@lunara-spa.demo,0774261145,2026-10-15 09:00:00,2026-10-15 10:00:00,"Lần trước dùng đá nóng thấy hợp, xin giữ nhiệt độ vừa.",60,350000,\N,\N,\N,7,2026-09-14 19:00:00,2026-09-15 13:51:00
293,LNR-20260924-00293,131,10,CONFIRMED,CUSTOMER,Nguyễn Trúc Yến,customer131@lunara-spa.demo,0540378047,2026-09-24 16:30:00,2026-09-24 18:00:00,\N,90,650000,\N,\N,\N,131,2026-09-15 08:00:00,2026-09-15 13:23:00
294,LNR-20260711-00294,157,24,COMPLETED,CUSTOMER,Huỳnh Bảo Bảo,customer157@lunara-spa.demo,0555086616,2026-07-11 15:30:00,2026-07-11 16:30:00,Xin nhắc uống nước sau liệu trình.,60,520000,2026-07-11 15:10:00,2026-07-11 15:36:00,2026-07-11 16:34:00,157,2026-06-22 14:45:00,2026-07-11 16:34:00
295,LNR-20260704-00295,152,14,COMPLETED,SYSTEM,Mai Quang Phúc,customer152@lunara-spa.demo,0732598265,2026-07-04 09:45:00,2026-07-04 11:15:00,\N,90,630000,2026-07-04 09:25:00,2026-07-04 09:47:00,2026-07-04 11:16:00,6,2026-06-14 09:15:00,2026-07-04 11:16:00
296,LNR-20260605-00296,167,16,COMPLETED,CUSTOMER,Mai Nhật Đạt,customer167@lunara-spa.demo,0751764195,2026-06-05 13:45:00,2026-06-05 15:00:00,"Đến cùng bạn, xin xếp phòng gần nhau.",75,480000,2026-06-05 13:33:00,2026-06-05 13:49:00,2026-06-05 15:01:00,167,2026-05-27 07:00:00,2026-06-05 15:01:00
297,LNR-20261026-00297,105,13,PENDING_PAYMENT,ADMIN,Trịnh Kim Anh,customer105@lunara-spa.demo,0791509983,2026-10-26 14:30:00,2026-10-26 16:00:00,"Đã từng bị đau cổ vai gáy, xin massage nhẹ.",90,630000,\N,\N,\N,9,2026-09-15 03:00:00,2026-09-15 03:00:00
298,LNR-20261023-00298,62,13,CONFIRMED,ADMIN,Mai Thu Trâm,customer62@lunara-spa.demo,0547445428,2026-10-23 10:00:00,2026-10-23 11:15:00,"Da hơi nhạy cảm, xin dùng sản phẩm dịu.",75,480000,\N,\N,\N,9,2026-09-14 11:00:00,2026-09-14 11:00:00
299,LNR-20260922-00299,50,16,PENDING_PAYMENT,SYSTEM,Trần Phương Linh,customer50@lunara-spa.demo,0563443969,2026-09-22 16:30:00,2026-09-22 18:00:00,"Đặt nhân dịp sinh nhật, xin chuẩn bị trà thảo mộc.",90,850000,\N,\N,\N,8,2026-09-14 15:00:00,2026-09-14 15:00:00
300,LNR-20261020-00300,141,22,PENDING_PAYMENT,CUSTOMER,Phạm Nhật Nam,customer141@lunara-spa.demo,0784980305,2026-10-20 12:00:00,2026-10-20 13:30:00,Ưu tiên phòng yên tĩnh.,90,720000,\N,\N,\N,141,2026-09-14 18:00:00,2026-09-14 18:00:00
301,LNR-20260729-00301,129,13,COMPLETED,ADMIN,Lý Thị Thư,customer129@lunara-spa.demo,0547415275,2026-07-29 14:30:00,2026-07-29 15:15:00,\N,45,280000,2026-07-29 14:10:00,2026-07-29 14:30:00,2026-07-29 15:15:00,8,2026-07-24 09:15:00,2026-07-29 15:15:00
302,LNR-20260923-00302,108,11,PENDING_PAYMENT,CUSTOMER,Võ Diệu Ngân,customer108@lunara-spa.demo,0949518969,2026-09-23 16:45:00,2026-09-23 18:00:00,"Da hơi nhạy cảm, xin dùng sản phẩm dịu.",75,480000,\N,\N,\N,108,2026-09-14 14:00:00,2026-09-14 14:00:00
303,LNR-20261023-00303,92,18,PENDING_PAYMENT,SYSTEM,Bùi Khánh Mai,customer92@lunara-spa.demo,0729825173,2026-10-23 13:00:00,2026-10-23 13:45:00,"Đến cùng bạn, xin xếp phòng gần nhau.",45,280000,\N,\N,\N,7,2026-09-14 21:00:00,2026-09-14 21:00:00
304,LNR-20260609-00304,44,20,COMPLETED,SYSTEM,Trịnh Quang Trí,customer44@lunara-spa.demo,0866201131,2026-06-09 11:45:00,2026-06-09 13:00:00,"Lần trước dùng đá nóng thấy hợp, xin giữ nhiệt độ vừa.",75,480000,2026-06-09 11:25:00,2026-06-09 11:53:00,2026-06-09 13:03:00,8,2026-05-21 07:30:00,2026-06-09 13:03:00
305,LNR-20260929-00305,62,10,CONFIRMED,CUSTOMER,Mai Thu Trâm,customer62@lunara-spa.demo,0547445428,2026-09-29 10:45:00,2026-09-29 12:15:00,Ưu tiên phòng yên tĩnh.,90,470000,\N,\N,\N,62,2026-09-10 09:45:00,2026-09-10 09:45:00
306,LNR-20260616-00306,80,16,COMPLETED,CUSTOMER,Hoàng Khánh Mai,customer80@lunara-spa.demo,0934210811,2026-06-16 09:45:00,2026-06-16 11:15:00,Cần hóa đơn cho công ty.,90,470000,2026-06-16 09:34:00,2026-06-16 09:52:00,2026-06-16 11:16:00,80,2026-06-13 06:30:00,2026-06-16 11:16:00
307,LNR-20260915-00307,71,24,CHECKED_IN,SYSTEM,Huỳnh Hữu Bình,customer71@lunara-spa.demo,0551737562,2026-09-15 13:15:00,2026-09-15 14:30:00,Muốn kỹ thuật viên nữ hỗ trợ.,75,480000,2026-09-15 13:06:00,\N,\N,7,2026-09-07 10:00:00,2026-09-15 13:06:00
308,LNR-20260718-00308,119,14,COMPLETED,CUSTOMER,Vũ Xuân An,customer119@lunara-spa.demo,0799555227,2026-07-18 12:15:00,2026-07-18 13:30:00,"Đặt nhân dịp sinh nhật, xin chuẩn bị trà thảo mộc.",75,410000,2026-07-18 12:00:00,2026-07-18 12:20:00,2026-07-18 13:29:00,119,2026-07-05 06:30:00,2026-07-18 13:29:00
309,LNR-20261019-00309,73,12,CONFIRMED,CUSTOMER,Dương Chí Bảo,customer73@lunara-spa.demo,0532185513,2026-10-19 11:00:00,2026-10-19 12:30:00,Xin giữ đồ trang sức ở quầy lễ tân.,90,670000,\N,\N,\N,73,2026-09-14 20:00:00,2026-09-15 11:40:00
310,LNR-20260928-00310,65,17,CONFIRMED,CUSTOMER,Ngô Văn Phúc,customer65@lunara-spa.demo,0920486996,2026-09-28 14:15:00,2026-09-28 15:45:00,Xin nhắc uống nước sau liệu trình.,90,650000,\N,\N,\N,65,2026-09-15 12:00:00,2026-09-15 12:27:00
311,LNR-20261006-00311,167,14,PENDING_PAYMENT,SYSTEM,Mai Nhật Đạt,customer167@lunara-spa.demo,0751764195,2026-10-06 11:30:00,2026-10-06 13:00:00,Không sử dụng phòng xông hơi trước dịch vụ.,90,470000,\N,\N,\N,6,2026-09-15 00:00:00,2026-09-15 00:00:00
312,LNR-20261031-00312,122,19,PENDING_PAYMENT,SYSTEM,Mai Thu Yến,customer122@lunara-spa.demo,0928357423,2026-10-31 11:15:00,2026-10-31 14:15:00,\N,180,1230000,\N,\N,\N,7,2026-09-15 06:00:00,2026-09-15 06:00:00
313,LNR-20260923-00313,73,14,CONFIRMED,SYSTEM,Dương Chí Bảo,customer73@lunara-spa.demo,0532185513,2026-09-23 17:00:00,2026-09-23 18:00:00,Không dùng tinh dầu có mùi mạnh.,60,520000,\N,\N,\N,7,2026-09-15 09:00:00,2026-09-15 10:29:00
314,LNR-20261024-00314,137,19,PENDING_PAYMENT,SYSTEM,Vũ Quỳnh Quỳnh,customer137@lunara-spa.demo,0874991948,2026-10-24 10:15:00,2026-10-24 11:45:00,Xin gọi trước khi đến 15 phút.,90,630000,\N,\N,\N,6,2026-09-15 11:00:00,2026-09-15 11:00:00
315,LNR-20260923-00315,75,14,PENDING_PAYMENT,ADMIN,Trần Việt Đạt,customer75@lunara-spa.demo,0788195870,2026-09-23 14:00:00,2026-09-23 15:00:00,"Đã từng bị đau cổ vai gáy, xin massage nhẹ.",60,330000,\N,\N,\N,7,2026-09-15 08:00:00,2026-09-15 08:00:00
316,LNR-20260610-00316,95,14,COMPLETED,SYSTEM,Nguyễn Tuyết Lan,customer95@lunara-spa.demo,0737333925,2026-06-10 09:30:00,2026-06-10 11:00:00,\N,90,470000,2026-06-10 09:15:00,2026-06-10 09:36:00,2026-06-10 11:06:00,8,2026-05-27 03:30:00,2026-06-10 11:06:00
317,LNR-20260612-00317,155,11,COMPLETED,SYSTEM,Lê Văn Nam,customer155@lunara-spa.demo,0523266708,2026-06-12 17:15:00,2026-06-12 18:15:00,"Đến cùng bạn, xin xếp phòng gần nhau.",60,330000,2026-06-12 17:00:00,2026-06-12 17:22:00,2026-06-12 18:17:00,8,2026-05-29 15:00:00,2026-06-12 18:17:00
318,LNR-20260907-00318,140,19,COMPLETED,ADMIN,Mai Hồng Nhung,customer140@lunara-spa.demo,0980499687,2026-09-07 15:30:00,2026-09-07 17:00:00,Không dùng tinh dầu có mùi mạnh.,90,720000,2026-09-07 15:21:00,2026-09-07 15:35:00,2026-09-07 16:59:00,6,2026-09-01 10:45:00,2026-09-07 16:59:00
319,LNR-20261008-00319,143,11,CONFIRMED,CUSTOMER,Võ Chí Nam,customer143@lunara-spa.demo,0510826726,2026-10-08 12:30:00,2026-10-08 15:00:00,"Lần trước dùng đá nóng thấy hợp, xin giữ nhiệt độ vừa.",150,800000,\N,\N,\N,143,2026-09-14 16:00:00,2026-09-14 16:00:00
320,LNR-20261008-00320,54,23,PENDING_PAYMENT,CUSTOMER,Phạm Bảo Quỳnh,customer54@lunara-spa.demo,0561781881,2026-10-08 15:00:00,2026-10-08 16:30:00,\N,90,650000,\N,\N,\N,54,2026-09-14 15:00:00,2026-09-14 15:00:00
321,LNR-20261013-00321,155,19,PENDING_PAYMENT,ADMIN,Lê Văn Nam,customer155@lunara-spa.demo,0523266708,2026-10-13 15:30:00,2026-10-13 16:30:00,"Da hơi nhạy cảm, xin dùng sản phẩm dịu.",60,450000,\N,\N,\N,7,2026-09-15 09:00:00,2026-09-15 09:00:00
322,LNR-20261021-00322,47,22,PENDING_PAYMENT,ADMIN,Huỳnh Như Phương,customer47@lunara-spa.demo,0885648192,2026-10-21 10:45:00,2026-10-21 11:45:00,Xin nhắc uống nước sau liệu trình.,60,450000,\N,\N,\N,7,2026-09-14 18:00:00,2026-09-14 18:00:00
323,LNR-20260915-00323,145,20,IN_SERVICE,SYSTEM,Mai Công Tuấn,customer145@lunara-spa.demo,0931643282,2026-09-15 11:30:00,2026-09-15 12:45:00,Xin giữ đồ trang sức ở quầy lễ tân.,75,480000,2026-09-15 11:19:00,2026-09-15 11:39:00,\N,7,2026-09-04 11:15:00,2026-09-15 11:39:00
324,LNR-20260731-00324,106,15,COMPLETED,CUSTOMER,Phan Thị Phương,customer106@lunara-spa.demo,0847129673,2026-07-31 14:45:00,2026-07-31 17:00:00,Muốn kỹ thuật viên nữ hỗ trợ.,135,930000,2026-07-31 14:29:00,2026-07-31 14:46:00,2026-07-31 16:56:00,106,2026-07-16 10:30:00,2026-07-31 16:56:00
325,LNR-20260810-00325,77,13,COMPLETED,SYSTEM,Dương Thành Trí,customer77@lunara-spa.demo,0986491603,2026-08-10 17:00:00,2026-08-10 18:15:00,Cần hóa đơn cho công ty.,75,480000,2026-08-10 16:52:00,2026-08-10 17:07:00,2026-08-10 18:22:00,6,2026-08-05 13:15:00,2026-08-10 18:22:00
326,LNR-20260718-00326,117,14,COMPLETED,SYSTEM,Bùi Yến Nhi,customer117@lunara-spa.demo,0734888897,2026-07-18 14:45:00,2026-07-18 15:45:00,"Đặt nhân dịp sinh nhật, xin chuẩn bị trà thảo mộc.",60,330000,2026-07-18 14:29:00,2026-07-18 14:52:00,2026-07-18 15:46:00,9,2026-07-02 11:45:00,2026-07-18 15:46:00
327,LNR-20261014-00327,77,16,PENDING_PAYMENT,SYSTEM,Dương Thành Trí,customer77@lunara-spa.demo,0986491603,2026-10-14 11:30:00,2026-10-14 12:30:00,Xin gọi trước khi đến 15 phút.,60,350000,\N,\N,\N,7,2026-09-15 05:00:00,2026-09-15 05:00:00
328,LNR-20260817-00328,54,17,COMPLETED,SYSTEM,Phạm Bảo Quỳnh,customer54@lunara-spa.demo,0561781881,2026-08-17 15:30:00,2026-08-17 16:45:00,Không sử dụng phòng xông hơi trước dịch vụ.,75,480000,2026-08-17 15:15:00,2026-08-17 15:30:00,2026-08-17 16:41:00,8,2026-08-07 13:45:00,2026-08-17 16:41:00
329,LNR-20261019-00329,55,23,PENDING_PAYMENT,CUSTOMER,Trần Hải Hải,customer55@lunara-spa.demo,0517348557,2026-10-19 10:30:00,2026-10-19 12:00:00,Ưu tiên phòng yên tĩnh.,90,650000,\N,\N,\N,55,2026-09-15 00:00:00,2026-09-15 00:00:00
330,LNR-20260922-00330,82,14,CONFIRMED,CUSTOMER,Võ Minh Dũng,customer82@lunara-spa.demo,0822702919,2026-09-22 09:00:00,2026-09-22 10:30:00,"Đã từng bị đau cổ vai gáy, xin massage nhẹ.",90,650000,\N,\N,\N,82,2026-09-15 04:00:00,2026-09-15 04:46:00
331,LNR-20260617-00331,29,23,COMPLETED,SYSTEM,Võ Hữu Long,customer29@lunara-spa.demo,0832782244,2026-06-17 13:15:00,2026-06-17 14:30:00,Xin gọi trước khi đến 15 phút.,75,480000,2026-06-17 13:04:00,2026-06-17 13:15:00,2026-06-17 14:26:00,6,2026-05-30 11:15:00,2026-06-17 14:26:00
332,LNR-20260601-00332,136,20,COMPLETED,SYSTEM,Hồ Như Yến,customer136@lunara-spa.demo,0879412703,2026-06-01 09:15:00,2026-06-01 10:45:00,Xin giữ đồ trang sức ở quầy lễ tân.,90,470000,2026-06-01 09:05:00,2026-06-01 09:18:00,2026-06-01 10:42:00,7,2026-05-23 09:15:00,2026-06-01 10:42:00
333,LNR-20260917-00333,134,18,PENDING_PAYMENT,CUSTOMER,Huỳnh Đình Phúc,customer134@lunara-spa.demo,0513561475,2026-09-17 15:30:00,2026-09-17 17:00:00,\N,90,650000,\N,\N,\N,134,2026-09-07 09:45:00,2026-09-07 09:45:00
334,LNR-20260923-00334,72,17,PENDING_PAYMENT,CUSTOMER,Nguyễn Hữu Bảo,customer72@lunara-spa.demo,0840137932,2026-09-23 11:30:00,2026-09-23 14:15:00,Không dùng tinh dầu có mùi mạnh.,165,1130000,\N,\N,\N,72,2026-09-14 08:30:00,2026-09-14 08:30:00
335,LNR-20260912-00335,112,20,COMPLETED,ADMIN,Võ Thị Thư,customer112@lunara-spa.demo,0723073895,2026-09-12 14:45:00,2026-09-12 15:45:00,\N,60,350000,2026-09-12 14:35:00,2026-09-12 14:47:00,2026-09-12 15:43:00,7,2026-09-01 13:30:00,2026-09-12 15:43:00
336,LNR-20260616-00336,106,24,COMPLETED,CUSTOMER,Phan Thị Phương,customer106@lunara-spa.demo,0847129673,2026-06-16 13:15:00,2026-06-16 14:45:00,Cần hóa đơn cho công ty.,90,850000,2026-06-16 13:03:00,2026-06-16 13:21:00,2026-06-16 14:49:00,106,2026-06-11 10:45:00,2026-06-16 14:49:00
337,LNR-20260901-00337,34,24,COMPLETED,SYSTEM,Dương Đức Long,customer34@lunara-spa.demo,0958233681,2026-09-01 11:00:00,2026-09-01 13:00:00,"Da hơi nhạy cảm, xin dùng sản phẩm dịu.",120,920000,2026-09-01 10:53:00,2026-09-01 11:01:00,2026-09-01 12:57:00,9,2026-08-26 08:15:00,2026-09-01 12:57:00
338,LNR-20260915-00338,165,16,IN_SERVICE,CUSTOMER,Lý Thanh Phúc,customer165@lunara-spa.demo,0715638864,2026-09-15 11:15:00,2026-09-15 14:15:00,"Đặt nhân dịp sinh nhật, xin chuẩn bị trà thảo mộc.",180,1140000,2026-09-15 11:01:00,2026-09-15 11:25:00,\N,165,2026-08-28 07:45:00,2026-09-15 11:25:00
339,LNR-20261008-00339,170,20,PENDING_PAYMENT,SYSTEM,Hồ Thu Thư,customer170@lunara-spa.demo,0596197622,2026-10-08 09:00:00,2026-10-08 10:30:00,Xin nhắc uống nước sau liệu trình.,90,850000,\N,\N,\N,9,2026-09-15 10:00:00,2026-09-15 10:00:00
340,LNR-20260929-00340,152,15,PENDING_PAYMENT,CUSTOMER,Mai Quang Phúc,customer152@lunara-spa.demo,0732598265,2026-09-29 11:15:00,2026-09-29 12:00:00,"Đã từng bị đau cổ vai gáy, xin massage nhẹ.",45,250000,\N,\N,\N,152,2026-09-14 13:00:00,2026-09-14 13:00:00
341,LNR-20260708-00341,163,23,COMPLETED,ADMIN,Hồ Nhật Kiệt,customer163@lunara-spa.demo,0533128619,2026-07-08 15:45:00,2026-07-08 18:45:00,"Lần trước dùng đá nóng thấy hợp, xin giữ nhiệt độ vừa.",180,1120000,2026-07-08 15:26:00,2026-07-08 15:46:00,2026-07-08 18:41:00,6,2026-06-28 15:15:00,2026-07-08 18:41:00
342,LNR-20260811-00342,39,19,COMPLETED,SYSTEM,Lý Diệu Vy,customer39@lunara-spa.demo,0980263385,2026-08-11 13:15:00,2026-08-11 15:15:00,Không sử dụng phòng xông hơi trước dịch vụ.,120,920000,2026-08-11 13:00:00,2026-08-11 13:23:00,2026-08-11 15:18:00,9,2026-07-30 09:45:00,2026-08-11 15:18:00
343,LNR-20260606-00343,121,16,COMPLETED,CUSTOMER,Phạm Phương Lan,customer121@lunara-spa.demo,0528469894,2026-06-06 16:00:00,2026-06-06 17:15:00,Muốn kỹ thuật viên nữ hỗ trợ.,75,480000,2026-06-06 15:40:00,2026-06-06 16:07:00,2026-06-06 17:17:00,121,2026-05-26 10:45:00,2026-06-06 17:17:00
344,LNR-20260810-00344,100,17,COMPLETED,CUSTOMER,Đỗ Quỳnh Phương,customer100@lunara-spa.demo,0835421220,2026-08-10 15:15:00,2026-08-10 16:30:00,Ưu tiên phòng yên tĩnh.,75,480000,2026-08-10 14:57:00,2026-08-10 15:15:00,2026-08-10 16:28:00,100,2026-07-25 09:45:00,2026-08-10 16:28:00
345,LNR-20260922-00345,124,13,PENDING_PAYMENT,SYSTEM,Trần Đình Thịnh,customer124@lunara-spa.demo,0598522532,2026-09-22 10:30:00,2026-09-22 12:00:00,"Đến cùng bạn, xin xếp phòng gần nhau.",90,630000,\N,\N,\N,7,2026-09-14 14:00:00,2026-09-14 14:00:00
346,LNR-20260821-00346,135,11,COMPLETED,ADMIN,Tô Việt Khánh,customer135@lunara-spa.demo,0823119388,2026-08-21 11:00:00,2026-08-21 13:30:00,Xin giữ đồ trang sức ở quầy lễ tân.,150,980000,2026-08-21 10:47:00,2026-08-21 11:04:00,2026-08-21 13:30:00,9,2026-08-08 09:45:00,2026-08-21 13:30:00
347,LNR-20260819-00347,124,13,COMPLETED,SYSTEM,Trần Đình Thịnh,customer124@lunara-spa.demo,0598522532,2026-08-19 11:15:00,2026-08-19 12:45:00,Xin gọi trước khi đến 15 phút.,90,630000,2026-08-19 11:10:00,2026-08-19 11:23:00,2026-08-19 12:51:00,7,2026-08-03 08:00:00,2026-08-19 12:51:00
348,LNR-20261009-00348,73,12,PENDING_PAYMENT,SYSTEM,Dương Chí Bảo,customer73@lunara-spa.demo,0532185513,2026-10-09 09:15:00,2026-10-09 10:45:00,Không sử dụng phòng xông hơi trước dịch vụ.,90,850000,\N,\N,\N,9,2026-09-15 11:00:00,2026-09-15 11:00:00
349,LNR-20260723-00349,51,24,COMPLETED,ADMIN,Đỗ Đình Sơn,customer51@lunara-spa.demo,0753001271,2026-07-23 15:00:00,2026-07-23 17:00:00,"Đến cùng bạn, xin xếp phòng gần nhau.",120,920000,2026-07-23 14:55:00,2026-07-23 15:02:00,2026-07-23 17:01:00,8,2026-07-10 11:30:00,2026-07-23 17:01:00
350,LNR-20260915-00350,34,15,CHECKED_IN,CUSTOMER,Dương Đức Long,customer34@lunara-spa.demo,0958233681,2026-09-15 14:00:00,2026-09-15 14:45:00,\N,45,280000,2026-09-15 13:52:00,\N,\N,34,2026-08-25 09:45:00,2026-09-15 13:52:00
351,LNR-20260610-00351,136,19,COMPLETED,ADMIN,Hồ Như Yến,customer136@lunara-spa.demo,0879412703,2026-06-10 11:30:00,2026-06-10 13:00:00,"Đặt nhân dịp sinh nhật, xin chuẩn bị trà thảo mộc.",90,720000,2026-06-10 11:20:00,2026-06-10 11:33:00,2026-06-10 13:01:00,8,2026-06-02 07:15:00,2026-06-10 13:01:00
352,LNR-20261029-00352,57,14,PENDING_PAYMENT,ADMIN,Vũ Trung Thịnh,customer57@lunara-spa.demo,0599338834,2026-10-29 14:15:00,2026-10-29 15:45:00,Ưu tiên phòng yên tĩnh.,90,630000,\N,\N,\N,6,2026-09-14 23:00:00,2026-09-14 23:00:00
353,LNR-20260630-00353,106,15,COMPLETED,SYSTEM,Phan Thị Phương,customer106@lunara-spa.demo,0847129673,2026-06-30 14:00:00,2026-06-30 15:30:00,Muốn kỹ thuật viên nữ hỗ trợ.,90,630000,2026-06-30 13:53:00,2026-06-30 14:04:00,2026-06-30 15:34:00,9,2026-06-11 07:15:00,2026-06-30 15:34:00
354,LNR-20261012-00354,29,21,CONFIRMED,SYSTEM,Võ Hữu Long,customer29@lunara-spa.demo,0832782244,2026-10-12 12:15:00,2026-10-12 13:30:00,"Lần trước dùng đá nóng thấy hợp, xin giữ nhiệt độ vừa.",75,580000,\N,\N,\N,7,2026-09-15 05:00:00,2026-09-15 05:00:00
355,LNR-20260609-00355,125,24,COMPLETED,SYSTEM,Đỗ Bá Bảo,customer125@lunara-spa.demo,0513364792,2026-06-09 10:30:00,2026-06-09 12:00:00,"Da hơi nhạy cảm, xin dùng sản phẩm dịu.",90,670000,2026-06-09 10:10:00,2026-06-09 10:35:00,2026-06-09 12:04:00,7,2026-05-30 08:15:00,2026-06-09 12:04:00
356,LNR-20261031-00356,102,22,CONFIRMED,SYSTEM,Trần Thị Linh,customer102@lunara-spa.demo,0551035105,2026-10-31 09:45:00,2026-10-31 11:45:00,Không dùng tinh dầu có mùi mạnh.,120,920000,\N,\N,\N,9,2026-09-15 05:00:00,2026-09-15 12:29:00
357,LNR-20260725-00357,91,10,COMPLETED,ADMIN,Huỳnh Tuyết Mai,customer91@lunara-spa.demo,0554863979,2026-07-25 09:15:00,2026-07-25 11:15:00,\N,120,590000,2026-07-25 09:06:00,2026-07-25 09:18:00,2026-07-25 11:16:00,8,2026-07-22 08:30:00,2026-07-25 11:16:00
358,LNR-20260808-00358,164,20,COMPLETED,SYSTEM,Trịnh Nhật Bảo,customer164@lunara-spa.demo,0510063133,2026-08-08 09:45:00,2026-08-08 11:45:00,Cần hóa đơn cho công ty.,120,590000,2026-08-08 09:28:00,2026-08-08 09:48:00,2026-08-08 11:48:00,8,2026-07-31 09:15:00,2026-08-08 11:48:00
359,LNR-20260706-00359,118,21,COMPLETED,ADMIN,Bùi Bá Nam,customer118@lunara-spa.demo,0769834343,2026-07-06 10:30:00,2026-07-06 12:00:00,"Đã từng bị đau cổ vai gáy, xin massage nhẹ.",90,650000,2026-07-06 10:19:00,2026-07-06 10:31:00,2026-07-06 11:56:00,7,2026-07-03 09:15:00,2026-07-06 11:56:00
360,LNR-20260622-00360,106,20,COMPLETED,CUSTOMER,Phan Thị Phương,customer106@lunara-spa.demo,0847129673,2026-06-22 10:30:00,2026-06-22 12:00:00,Xin nhắc uống nước sau liệu trình.,90,670000,2026-06-22 10:15:00,2026-06-22 10:36:00,2026-06-22 12:01:00,106,2026-06-20 10:15:00,2026-06-22 12:01:00
361,LNR-20260711-00361,32,22,COMPLETED,ADMIN,Đỗ Tuyết Linh,customer32@lunara-spa.demo,0834031313,2026-07-11 15:45:00,2026-07-11 17:15:00,Muốn kỹ thuật viên nữ hỗ trợ.,90,630000,2026-07-11 15:33:00,2026-07-11 15:47:00,2026-07-11 17:13:00,7,2026-06-28 10:15:00,2026-07-11 17:13:00
362,LNR-20261024-00362,41,20,PENDING_PAYMENT,CUSTOMER,Lý Hồng Linh,customer41@lunara-spa.demo,0813104671,2026-10-24 13:15:00,2026-10-24 14:15:00,Không sử dụng phòng xông hơi trước dịch vụ.,60,520000,\N,\N,\N,41,2026-09-14 10:00:00,2026-09-14 10:00:00
363,LNR-20260710-00363,71,12,COMPLETED,CUSTOMER,Huỳnh Hữu Bình,customer71@lunara-spa.demo,0551737562,2026-07-10 12:15:00,2026-07-10 14:15:00,"Đặt nhân dịp sinh nhật, xin chuẩn bị trà thảo mộc.",120,820000,2026-07-10 11:59:00,2026-07-10 12:21:00,2026-07-10 14:17:00,71,2026-07-03 11:45:00,2026-07-10 14:17:00
364,LNR-20260731-00364,125,10,COMPLETED,SYSTEM,Đỗ Bá Bảo,customer125@lunara-spa.demo,0513364792,2026-07-31 10:30:00,2026-07-31 11:45:00,Cần hóa đơn cho công ty.,75,580000,2026-07-31 10:13:00,2026-07-31 10:34:00,2026-07-31 11:49:00,7,2026-07-19 03:45:00,2026-07-31 11:49:00
365,LNR-20260711-00365,73,17,COMPLETED,CUSTOMER,Dương Chí Bảo,customer73@lunara-spa.demo,0532185513,2026-07-11 11:30:00,2026-07-11 12:15:00,"Đến cùng bạn, xin xếp phòng gần nhau.",45,280000,2026-07-11 11:18:00,2026-07-11 11:32:00,2026-07-11 12:17:00,73,2026-07-01 05:45:00,2026-07-11 12:17:00
366,LNR-20260905-00366,155,23,COMPLETED,SYSTEM,Lê Văn Nam,customer155@lunara-spa.demo,0523266708,2026-09-05 12:30:00,2026-09-05 13:30:00,Ưu tiên phòng yên tĩnh.,60,330000,2026-09-05 12:25:00,2026-09-05 12:32:00,2026-09-05 13:31:00,7,2026-08-17 06:30:00,2026-09-05 13:31:00
367,LNR-20261030-00367,155,21,CONFIRMED,SYSTEM,Lê Văn Nam,customer155@lunara-spa.demo,0523266708,2026-10-30 10:00:00,2026-10-30 11:30:00,"Đã từng bị đau cổ vai gáy, xin massage nhẹ.",90,630000,\N,\N,\N,9,2026-09-15 09:00:00,2026-09-15 11:33:00
368,LNR-20261006-00368,34,20,PENDING_PAYMENT,SYSTEM,Dương Đức Long,customer34@lunara-spa.demo,0958233681,2026-10-06 10:30:00,2026-10-06 11:45:00,\N,75,480000,\N,\N,\N,6,2026-09-15 11:00:00,2026-09-15 11:00:00
369,LNR-20260622-00369,90,23,COMPLETED,SYSTEM,Mai Tuyết Lan,customer90@lunara-spa.demo,0821529706,2026-06-22 17:15:00,2026-06-22 18:45:00,Xin nhắc uống nước sau liệu trình.,90,470000,2026-06-22 16:58:00,2026-06-22 17:15:00,2026-06-22 18:40:00,6,2026-06-12 11:30:00,2026-06-22 18:40:00
370,LNR-20260612-00370,86,15,COMPLETED,CUSTOMER,Bùi Ngọc Lan,customer86@lunara-spa.demo,0990539617,2026-06-12 13:00:00,2026-06-12 14:30:00,Không dùng tinh dầu có mùi mạnh.,90,720000,2026-06-12 12:40:00,2026-06-12 13:01:00,2026-06-12 14:29:00,86,2026-05-30 06:30:00,2026-06-12 14:29:00
371,LNR-20261028-00371,161,11,PENDING_PAYMENT,ADMIN,Lý Chí Sơn,customer161@lunara-spa.demo,0514569192,2026-10-28 12:45:00,2026-10-28 13:45:00,\N,60,450000,\N,\N,\N,9,2026-09-15 04:00:00,2026-09-15 04:00:00
372,LNR-20260922-00372,30,21,PENDING_PAYMENT,SYSTEM,Đỗ Gia Nhi,customer30@lunara-spa.demo,0547071613,2026-09-22 13:15:00,2026-09-22 14:00:00,"Da hơi nhạy cảm, xin dùng sản phẩm dịu.",45,280000,\N,\N,\N,7,2026-09-15 05:00:00,2026-09-15 05:00:00
373,LNR-20260901-00373,99,15,COMPLETED,SYSTEM,Vũ Quỳnh Ngân,customer99@lunara-spa.demo,0566531259,2026-09-01 17:30:00,2026-09-01 19:00:00,"Lần trước dùng đá nóng thấy hợp, xin giữ nhiệt độ vừa.",90,630000,2026-09-01 17:14:00,2026-09-01 17:32:00,2026-09-01 18:59:00,7,2026-08-15 13:45:00,2026-09-01 18:59:00
374,LNR-20261009-00374,59,19,CONFIRMED,ADMIN,Bùi Tuyết Chi,customer59@lunara-spa.demo,0525071235,2026-10-09 13:30:00,2026-10-09 14:30:00,Xin giữ đồ trang sức ở quầy lễ tân.,60,520000,\N,\N,\N,6,2026-09-14 16:00:00,2026-09-14 17:22:00
375,LNR-20261027-00375,55,16,PENDING_PAYMENT,ADMIN,Trần Hải Hải,customer55@lunara-spa.demo,0517348557,2026-10-27 12:45:00,2026-10-27 14:15:00,Xin gọi trước khi đến 15 phút.,90,850000,\N,\N,\N,7,2026-09-14 12:00:00,2026-09-14 12:00:00
376,LNR-20260703-00376,55,22,COMPLETED,SYSTEM,Trần Hải Hải,customer55@lunara-spa.demo,0517348557,2026-07-03 09:30:00,2026-07-03 11:30:00,\N,120,590000,2026-07-03 09:19:00,2026-07-03 09:37:00,2026-07-03 11:36:00,7,2026-06-19 02:45:00,2026-07-03 11:36:00
377,LNR-20261021-00377,131,21,CONFIRMED,CUSTOMER,Nguyễn Trúc Yến,customer131@lunara-spa.demo,0540378047,2026-10-21 17:30:00,2026-10-21 18:15:00,Không sử dụng phòng xông hơi trước dịch vụ.,45,280000,\N,\N,\N,131,2026-09-15 13:00:00,2026-09-15 14:14:00
378,LNR-20260804-00378,30,10,COMPLETED,ADMIN,Đỗ Gia Nhi,customer30@lunara-spa.demo,0547071613,2026-08-04 10:00:00,2026-08-04 11:30:00,\N,90,470000,2026-08-04 09:43:00,2026-08-04 10:02:00,2026-08-04 11:29:00,7,2026-07-26 07:45:00,2026-08-04 11:29:00
379,LNR-20261023-00379,108,23,PENDING_PAYMENT,SYSTEM,Võ Diệu Ngân,customer108@lunara-spa.demo,0949518969,2026-10-23 17:15:00,2026-10-23 18:15:00,"Đặt nhân dịp sinh nhật, xin chuẩn bị trà thảo mộc.",60,350000,\N,\N,\N,8,2026-09-14 12:00:00,2026-09-14 12:00:00
380,LNR-20260731-00380,171,21,COMPLETED,CUSTOMER,Võ Minh Vy,customer171@lunara-spa.demo,0529523270,2026-07-31 17:15:00,2026-07-31 18:45:00,Xin nhắc uống nước sau liệu trình.,90,720000,2026-07-31 17:07:00,2026-07-31 17:21:00,2026-07-31 18:49:00,171,2026-07-24 13:00:00,2026-07-31 18:49:00
381,LNR-20260928-00381,90,15,CONFIRMED,ADMIN,Mai Tuyết Lan,customer90@lunara-spa.demo,0821529706,2026-09-28 10:15:00,2026-09-28 13:00:00,Không dùng tinh dầu có mùi mạnh.,165,1090000,\N,\N,\N,6,2026-09-04 06:45:00,2026-09-04 06:45:00
382,LNR-20261021-00382,170,20,PENDING_PAYMENT,SYSTEM,Hồ Thu Thư,customer170@lunara-spa.demo,0596197622,2026-10-21 12:45:00,2026-10-21 14:15:00,"Lần trước dùng đá nóng thấy hợp, xin giữ nhiệt độ vừa.",90,650000,\N,\N,\N,8,2026-09-14 18:00:00,2026-09-14 18:00:00
383,LNR-20260930-00383,43,16,CONFIRMED,SYSTEM,Mai Trúc Anh,customer43@lunara-spa.demo,0866328881,2026-09-30 11:30:00,2026-09-30 13:00:00,Xin giữ đồ trang sức ở quầy lễ tân.,90,670000,\N,\N,\N,8,2026-09-15 08:00:00,2026-09-15 11:31:00
384,LNR-20260530-00384,158,19,COMPLETED,CUSTOMER,Nguyễn Ngọc Lan,customer158@lunara-spa.demo,0759655885,2026-05-30 15:45:00,2026-05-30 17:00:00,"Đã từng bị đau cổ vai gáy, xin massage nhẹ.",75,480000,2026-05-30 15:35:00,2026-05-30 15:51:00,2026-05-30 17:03:00,158,2026-05-20 10:45:00,2026-05-30 17:03:00
385,LNR-20260710-00385,104,10,COMPLETED,SYSTEM,Huỳnh Thanh Quỳnh,customer104@lunara-spa.demo,0829914292,2026-07-10 09:45:00,2026-07-10 10:45:00,Ưu tiên phòng yên tĩnh.,60,350000,2026-07-10 09:35:00,2026-07-10 09:52:00,2026-07-10 10:47:00,7,2026-06-22 08:45:00,2026-07-10 10:47:00
386,LNR-20260911-00386,100,22,COMPLETED,ADMIN,Đỗ Quỳnh Phương,customer100@lunara-spa.demo,0835421220,2026-09-11 12:45:00,2026-09-11 15:00:00,"Đến cùng bạn, xin xếp phòng gần nhau.",135,930000,2026-09-11 12:29:00,2026-09-11 12:45:00,2026-09-11 14:57:00,7,2026-09-03 09:15:00,2026-09-11 14:57:00
387,LNR-20261016-00387,139,23,CONFIRMED,SYSTEM,Hoàng Thảo Linh,customer139@lunara-spa.demo,0778632588,2026-10-16 11:30:00,2026-10-16 13:00:00,Muốn kỹ thuật viên nữ hỗ trợ.,90,630000,\N,\N,\N,9,2026-09-14 13:00:00,2026-09-14 20:35:00
388,LNR-20261012-00388,117,12,CONFIRMED,SYSTEM,Bùi Yến Nhi,customer117@lunara-spa.demo,0734888897,2026-10-12 09:30:00,2026-10-12 11:00:00,"Da hơi nhạy cảm, xin dùng sản phẩm dịu.",90,850000,\N,\N,\N,6,2026-09-15 01:00:00,2026-09-15 01:00:00
389,LNR-20260923-00389,74,16,PENDING_PAYMENT,SYSTEM,Phan Bảo Nhung,customer74@lunara-spa.demo,0774261145,2026-09-23 16:30:00,2026-09-23 18:00:00,Cần hóa đơn cho công ty.,90,670000,\N,\N,\N,6,2026-09-15 02:00:00,2026-09-15 02:00:00
390,LNR-20260929-00390,64,20,PENDING_PAYMENT,SYSTEM,Huỳnh Diệu Lan,customer64@lunara-spa.demo,0851383155,2026-09-29 16:00:00,2026-09-29 17:30:00,Xin gọi trước khi đến 15 phút.,90,850000,\N,\N,\N,9,2026-09-14 18:00:00,2026-09-14 18:00:00
391,LNR-20260618-00391,74,20,COMPLETED,CUSTOMER,Phan Bảo Nhung,customer74@lunara-spa.demo,0774261145,2026-06-18 15:15:00,2026-06-18 16:45:00,Không dùng tinh dầu có mùi mạnh.,90,670000,2026-06-18 14:56:00,2026-06-18 15:22:00,2026-06-18 16:51:00,74,2026-06-12 13:15:00,2026-06-18 16:51:00
392,LNR-20260827-00392,117,22,COMPLETED,SYSTEM,Bùi Yến Nhi,customer117@lunara-spa.demo,0734888897,2026-08-27 10:45:00,2026-08-27 12:45:00,Xin gọi trước khi đến 15 phút.,120,780000,2026-08-27 10:38:00,2026-08-27 10:48:00,2026-08-27 12:44:00,7,2026-08-11 05:15:00,2026-08-27 12:44:00
393,LNR-20261029-00393,143,23,PENDING_PAYMENT,SYSTEM,Võ Chí Nam,customer143@lunara-spa.demo,0510826726,2026-10-29 13:45:00,2026-10-29 15:00:00,Xin nhắc uống nước sau liệu trình.,75,480000,\N,\N,\N,7,2026-09-15 08:00:00,2026-09-15 08:00:00
394,LNR-20260915-00394,89,21,IN_SERVICE,CUSTOMER,Hồ Quang Vinh,customer89@lunara-spa.demo,0856037577,2026-09-15 12:45:00,2026-09-15 14:00:00,Ưu tiên phòng yên tĩnh.,75,580000,2026-09-15 12:31:00,2026-09-15 12:53:00,\N,89,2026-09-07 09:30:00,2026-09-15 12:53:00
395,LNR-20260924-00395,168,17,PENDING_PAYMENT,CUSTOMER,Lê Quang Hiếu,customer168@lunara-spa.demo,0741792577,2026-09-24 15:45:00,2026-09-24 17:15:00,\N,90,650000,\N,\N,\N,168,2026-09-15 02:00:00,2026-09-15 02:00:00
396,LNR-20261030-00396,115,13,PENDING_PAYMENT,SYSTEM,Lê Minh An,customer115@lunara-spa.demo,0529427623,2026-10-30 10:30:00,2026-10-30 11:30:00,Muốn kỹ thuật viên nữ hỗ trợ.,60,420000,\N,\N,\N,9,2026-09-15 03:00:00,2026-09-15 03:00:00
397,LNR-20260731-00397,55,17,COMPLETED,CUSTOMER,Trần Hải Hải,customer55@lunara-spa.demo,0517348557,2026-07-31 10:45:00,2026-07-31 12:00:00,Không sử dụng phòng xông hơi trước dịch vụ.,75,480000,2026-07-31 10:32:00,2026-07-31 10:45:00,2026-07-31 12:00:00,55,2026-07-23 05:30:00,2026-07-31 12:00:00
398,LNR-20260803-00398,121,13,COMPLETED,SYSTEM,Phạm Phương Lan,customer121@lunara-spa.demo,0528469894,2026-08-03 11:45:00,2026-08-03 13:00:00,"Da hơi nhạy cảm, xin dùng sản phẩm dịu.",75,480000,2026-08-03 11:33:00,2026-08-03 11:50:00,2026-08-03 13:02:00,8,2026-07-16 09:45:00,2026-08-03 13:02:00
399,LNR-20260611-00399,58,12,COMPLETED,SYSTEM,Phạm Công Hiếu,customer58@lunara-spa.demo,0889659093,2026-06-11 16:30:00,2026-06-11 17:45:00,"Đặt nhân dịp sinh nhật, xin chuẩn bị trà thảo mộc.",75,480000,2026-06-11 16:16:00,2026-06-11 16:38:00,2026-06-11 17:48:00,9,2026-05-29 14:00:00,2026-06-11 17:48:00
400,LNR-20261012-00400,33,19,PENDING_PAYMENT,CUSTOMER,Lý Kim My,customer33@lunara-spa.demo,0577587660,2026-10-12 17:00:00,2026-10-12 18:30:00,\N,90,720000,\N,\N,\N,33,2026-09-15 06:00:00,2026-09-15 06:00:00
401,LNR-20261005-00401,166,24,PENDING_PAYMENT,SYSTEM,Đỗ Bảo Huy,customer166@lunara-spa.demo,0932484583,2026-10-05 11:30:00,2026-10-05 15:00:00,"Lần trước dùng đá nóng thấy hợp, xin giữ nhiệt độ vừa.",210,1290000,\N,\N,\N,6,2026-09-15 08:00:00,2026-09-15 08:00:00
402,LNR-20260708-00402,123,13,COMPLETED,ADMIN,Hồ Đức Sơn,customer123@lunara-spa.demo,0541865914,2026-07-08 13:30:00,2026-07-08 14:45:00,Xin giữ đồ trang sức ở quầy lễ tân.,75,480000,2026-07-08 13:17:00,2026-07-08 13:30:00,2026-07-08 14:40:00,8,2026-06-27 10:45:00,2026-07-08 14:40:00
403,LNR-20260909-00403,76,17,COMPLETED,ADMIN,Tô Bá Vinh,customer76@lunara-spa.demo,0839171846,2026-09-09 17:00:00,2026-09-09 17:45:00,"Đến cùng bạn, xin xếp phòng gần nhau.",45,280000,2026-09-09 16:42:00,2026-09-09 17:06:00,2026-09-09 17:45:00,8,2026-09-01 11:45:00,2026-09-09 17:45:00
404,LNR-20260924-00404,111,21,PENDING_PAYMENT,SYSTEM,Ngô Thanh Hiếu,customer111@lunara-spa.demo,0873663298,2026-09-24 15:00:00,2026-09-24 16:15:00,Cần hóa đơn cho công ty.,75,580000,\N,\N,\N,9,2026-09-14 21:00:00,2026-09-14 21:00:00
405,LNR-20260902-00405,51,10,COMPLETED,CUSTOMER,Đỗ Đình Sơn,customer51@lunara-spa.demo,0753001271,2026-09-02 12:45:00,2026-09-02 14:45:00,"Đã từng bị đau cổ vai gáy, xin massage nhẹ.",120,810000,2026-09-02 12:32:00,2026-09-02 12:45:00,2026-09-02 14:40:00,51,2026-08-26 11:00:00,2026-09-02 14:40:00
406,LNR-20260711-00406,128,16,COMPLETED,CUSTOMER,Dương Việt Huy,customer128@lunara-spa.demo,0781485450,2026-07-11 14:30:00,2026-07-11 15:45:00,Cần hóa đơn cho công ty.,75,480000,2026-07-11 14:17:00,2026-07-11 14:32:00,2026-07-11 15:42:00,128,2026-06-24 10:45:00,2026-07-11 15:42:00
407,LNR-20260924-00407,47,10,CONFIRMED,CUSTOMER,Huỳnh Như Phương,customer47@lunara-spa.demo,0885648192,2026-09-24 13:30:00,2026-09-24 15:00:00,Ưu tiên phòng yên tĩnh.,90,470000,\N,\N,\N,47,2026-08-31 09:45:00,2026-08-31 09:45:00
408,LNR-20261023-00408,173,16,PENDING_PAYMENT,SYSTEM,Đỗ Quỳnh Chi,customer173@lunara-spa.demo,0954485301,2026-10-23 16:00:00,2026-10-23 17:30:00,Xin gọi trước khi đến 15 phút.,90,670000,\N,\N,\N,8,2026-09-14 11:00:00,2026-09-14 11:00:00
409,LNR-20260929-00409,51,14,CONFIRMED,ADMIN,Đỗ Đình Sơn,customer51@lunara-spa.demo,0753001271,2026-09-29 11:15:00,2026-09-29 13:15:00,Xin giữ đồ trang sức ở quầy lễ tân.,120,810000,\N,\N,\N,9,2026-09-08 11:15:00,2026-09-08 11:15:00
410,LNR-20260808-00410,93,18,COMPLETED,CUSTOMER,Vũ Minh Huy,customer93@lunara-spa.demo,0987585557,2026-08-08 09:30:00,2026-08-08 11:00:00,"Da hơi nhạy cảm, xin dùng sản phẩm dịu.",90,650000,2026-08-08 09:23:00,2026-08-08 09:33:00,2026-08-08 11:01:00,93,2026-07-28 07:15:00,2026-08-08 11:01:00
411,LNR-20260706-00411,126,12,COMPLETED,CUSTOMER,Đặng Trung Tuấn,customer126@lunara-spa.demo,0725100208,2026-07-06 10:00:00,2026-07-06 11:15:00,"Đã từng bị đau cổ vai gáy, xin massage nhẹ.",75,480000,2026-07-06 09:44:00,2026-07-06 10:06:00,2026-07-06 11:20:00,126,2026-06-22 05:30:00,2026-07-06 11:20:00
412,LNR-20260608-00412,103,21,COMPLETED,SYSTEM,Phạm Việt Long,customer103@lunara-spa.demo,0598827465,2026-06-08 12:45:00,2026-06-08 13:45:00,\N,60,420000,2026-06-08 12:32:00,2026-06-08 12:53:00,2026-06-08 13:51:00,9,2026-05-23 11:45:00,2026-06-08 13:51:00
413,LNR-20260606-00413,43,11,COMPLETED,ADMIN,Mai Trúc Anh,customer43@lunara-spa.demo,0866328881,2026-06-06 14:45:00,2026-06-06 15:45:00,Xin nhắc uống nước sau liệu trình.,60,450000,2026-06-06 14:36:00,2026-06-06 14:48:00,2026-06-06 15:42:00,8,2026-05-17 09:15:00,2026-06-06 15:42:00
414,LNR-20260922-00414,69,21,PENDING_PAYMENT,CUSTOMER,Nguyễn Ngọc Anh,customer69@lunara-spa.demo,0990541637,2026-09-22 16:00:00,2026-09-22 17:30:00,\N,90,720000,\N,\N,\N,69,2026-09-14 14:15:00,2026-09-14 14:15:00
415,LNR-20260915-00415,79,19,IN_SERVICE,SYSTEM,Hoàng Quang Cường,customer79@lunara-spa.demo,0825805260,2026-09-15 10:45:00,2026-09-15 11:45:00,Không dùng tinh dầu có mùi mạnh.,60,420000,2026-09-15 10:34:00,2026-09-15 10:49:00,\N,9,2026-09-05 07:15:00,2026-09-15 10:49:00
416,LNR-20261002-00416,131,16,PENDING_PAYMENT,CUSTOMER,Nguyễn Trúc Yến,customer131@lunara-spa.demo,0540378047,2026-10-02 15:30:00,2026-10-02 17:00:00,"Đến cùng bạn, xin xếp phòng gần nhau.",90,470000,\N,\N,\N,131,2026-09-14 23:00:00,2026-09-14 23:00:00
417,LNR-20260602-00417,100,15,COMPLETED,CUSTOMER,Đỗ Quỳnh Phương,customer100@lunara-spa.demo,0835421220,2026-06-02 15:30:00,2026-06-02 16:45:00,Muốn kỹ thuật viên nữ hỗ trợ.,75,580000,2026-06-02 15:21:00,2026-06-02 15:33:00,2026-06-02 16:44:00,100,2026-05-28 09:30:00,2026-06-02 16:44:00
418,LNR-20261026-00418,41,14,PENDING_PAYMENT,CUSTOMER,Lý Hồng Linh,customer41@lunara-spa.demo,0813104671,2026-10-26 10:15:00,2026-10-26 11:45:00,"Lần trước dùng đá nóng thấy hợp, xin giữ nhiệt độ vừa.",90,670000,\N,\N,\N,41,2026-09-15 08:00:00,2026-09-15 08:00:00
419,LNR-20261012-00419,150,15,CONFIRMED,CUSTOMER,Trịnh Khánh Nga,customer150@lunara-spa.demo,0966018168,2026-10-12 12:30:00,2026-10-12 13:30:00,Không sử dụng phòng xông hơi trước dịch vụ.,60,330000,\N,\N,\N,150,2026-09-14 21:00:00,2026-09-14 21:00:00
420,LNR-20261027-00420,112,21,CONFIRMED,SYSTEM,Võ Thị Thư,customer112@lunara-spa.demo,0723073895,2026-10-27 11:15:00,2026-10-27 12:30:00,"Đặt nhân dịp sinh nhật, xin chuẩn bị trà thảo mộc.",75,580000,\N,\N,\N,9,2026-09-14 20:00:00,2026-09-14 20:25:00
421,LNR-20261024-00421,160,17,CONFIRMED,CUSTOMER,Phạm Tuấn Sơn,customer160@lunara-spa.demo,0574142981,2026-10-24 10:15:00,2026-10-24 12:30:00,Không dùng tinh dầu có mùi mạnh.,135,720000,\N,\N,\N,160,2026-09-14 18:00:00,2026-09-14 18:00:00
422,LNR-20260924-00422,31,14,PENDING_PAYMENT,CUSTOMER,Phạm Quang Hải,customer31@lunara-spa.demo,0874670743,2026-09-24 10:15:00,2026-09-24 13:15:00,Không sử dụng phòng xông hơi trước dịch vụ.,180,1320000,\N,\N,\N,31,2026-09-14 21:00:00,2026-09-14 21:00:00
423,LNR-20261009-00423,60,22,PENDING_PAYMENT,SYSTEM,Lý Xuân Vinh,customer60@lunara-spa.demo,0976106035,2026-10-09 12:30:00,2026-10-09 13:30:00,\N,60,350000,\N,\N,\N,6,2026-09-15 09:00:00,2026-09-15 09:00:00
424,LNR-20260603-00424,113,21,COMPLETED,CUSTOMER,Phan Đình Vinh,customer113@lunara-spa.demo,0945907423,2026-06-03 12:00:00,2026-06-03 14:00:00,"Đến cùng bạn, xin xếp phòng gần nhau.",120,920000,2026-06-03 11:55:00,2026-06-03 12:02:00,2026-06-03 13:58:00,113,2026-05-23 06:30:00,2026-06-03 13:58:00
425,LNR-20260720-00425,60,19,COMPLETED,SYSTEM,Lý Xuân Vinh,customer60@lunara-spa.demo,0976106035,2026-07-20 17:00:00,2026-07-20 18:15:00,Cần hóa đơn cho công ty.,75,480000,2026-07-20 16:42:00,2026-07-20 17:06:00,2026-07-20 18:21:00,7,2026-07-13 11:00:00,2026-07-20 18:21:00
426,LNR-20261031-00426,172,18,PENDING_PAYMENT,SYSTEM,Tô Thành Tuấn,customer172@lunara-spa.demo,0551436549,2026-10-31 12:00:00,2026-10-31 13:30:00,Xin nhắc uống nước sau liệu trình.,90,630000,\N,\N,\N,7,2026-09-14 16:00:00,2026-09-14 16:00:00
427,LNR-20260727-00427,133,14,COMPLETED,ADMIN,Võ Hồng Linh,customer133@lunara-spa.demo,0518541068,2026-07-27 09:45:00,2026-07-27 11:15:00,Muốn kỹ thuật viên nữ hỗ trợ.,90,670000,2026-07-27 09:31:00,2026-07-27 09:49:00,2026-07-27 11:13:00,6,2026-07-23 05:00:00,2026-07-27 11:13:00
428,LNR-20261024-00428,127,11,PENDING_PAYMENT,ADMIN,Vũ Hoài Nhung,customer127@lunara-spa.demo,0970757376,2026-10-24 13:00:00,2026-10-24 15:00:00,Xin gọi trước khi đến 15 phút.,120,810000,\N,\N,\N,8,2026-09-15 05:00:00,2026-09-15 05:00:00
429,LNR-20260831-00429,92,15,COMPLETED,ADMIN,Bùi Khánh Mai,customer92@lunara-spa.demo,0729825173,2026-08-31 14:30:00,2026-08-31 15:30:00,"Da hơi nhạy cảm, xin dùng sản phẩm dịu.",60,330000,2026-08-31 14:19:00,2026-08-31 14:35:00,2026-08-31 15:31:00,6,2026-08-17 13:45:00,2026-08-31 15:31:00
430,LNR-20260717-00430,160,17,COMPLETED,CUSTOMER,Phạm Tuấn Sơn,customer160@lunara-spa.demo,0574142981,2026-07-17 17:00:00,2026-07-17 17:45:00,"Lần trước dùng đá nóng thấy hợp, xin giữ nhiệt độ vừa.",45,280000,2026-07-17 16:47:00,2026-07-17 17:07:00,2026-07-17 17:49:00,160,2026-06-29 15:15:00,2026-07-17 17:49:00
431,LNR-20260702-00431,133,12,COMPLETED,ADMIN,Võ Hồng Linh,customer133@lunara-spa.demo,0518541068,2026-07-02 14:15:00,2026-07-02 15:45:00,Ưu tiên phòng yên tĩnh.,90,850000,2026-07-02 14:10:00,2026-07-02 14:19:00,2026-07-02 15:43:00,8,2026-06-30 12:15:00,2026-07-02 15:43:00
432,LNR-20260714-00432,127,21,COMPLETED,SYSTEM,Vũ Hoài Nhung,customer127@lunara-spa.demo,0970757376,2026-07-14 11:00:00,2026-07-14 12:00:00,"Đặt nhân dịp sinh nhật, xin chuẩn bị trà thảo mộc.",60,420000,2026-07-14 10:52:00,2026-07-14 11:04:00,2026-07-14 11:58:00,8,2026-06-30 05:45:00,2026-07-14 11:58:00
433,LNR-20260904-00433,167,24,COMPLETED,SYSTEM,Mai Nhật Đạt,customer167@lunara-spa.demo,0751764195,2026-09-04 14:15:00,2026-09-04 15:15:00,"Đã từng bị đau cổ vai gáy, xin massage nhẹ.",60,520000,2026-09-04 14:07:00,2026-09-04 14:15:00,2026-09-04 15:12:00,6,2026-08-22 12:30:00,2026-09-04 15:12:00
434,LNR-20261015-00434,88,14,CONFIRMED,SYSTEM,Lý Hữu Huy,customer88@lunara-spa.demo,0599568539,2026-10-15 10:15:00,2026-10-15 11:15:00,\N,60,350000,\N,\N,\N,9,2026-09-15 00:00:00,2026-09-15 03:23:00
435,LNR-20260616-00435,29,13,COMPLETED,SYSTEM,Võ Hữu Long,customer29@lunara-spa.demo,0832782244,2026-06-16 13:15:00,2026-06-16 14:30:00,Xin giữ đồ trang sức ở quầy lễ tân.,75,480000,2026-06-16 13:09:00,2026-06-16 13:19:00,2026-06-16 14:33:00,8,2026-06-04 10:00:00,2026-06-16 14:33:00
436,LNR-20261029-00436,56,14,CONFIRMED,ADMIN,Tô Diệu Lan,customer56@lunara-spa.demo,0599346311,2026-10-29 10:45:00,2026-10-29 13:00:00,Không sử dụng phòng xông hơi trước dịch vụ.,135,720000,\N,\N,\N,9,2026-09-15 08:00:00,2026-09-15 08:00:00
437,LNR-20260615-00437,134,14,COMPLETED,CUSTOMER,Huỳnh Đình Phúc,customer134@lunara-spa.demo,0513561475,2026-06-15 16:30:00,2026-06-15 17:30:00,Xin giữ đồ trang sức ở quầy lễ tân.,60,450000,2026-06-15 16:17:00,2026-06-15 16:34:00,2026-06-15 17:33:00,134,2026-05-27 15:45:00,2026-06-15 17:33:00
438,LNR-20260721-00438,44,18,COMPLETED,CUSTOMER,Trịnh Quang Trí,customer44@lunara-spa.demo,0866201131,2026-07-21 10:45:00,2026-07-21 12:15:00,Xin nhắc uống nước sau liệu trình.,90,720000,2026-07-21 10:39:00,2026-07-21 10:53:00,2026-07-21 12:21:00,44,2026-07-09 04:15:00,2026-07-21 12:21:00
439,LNR-20260826-00439,39,11,COMPLETED,SYSTEM,Lý Diệu Vy,customer39@lunara-spa.demo,0980263385,2026-08-26 16:00:00,2026-08-26 18:45:00,"Lần trước dùng đá nóng thấy hợp, xin giữ nhiệt độ vừa.",165,950000,2026-08-26 15:53:00,2026-08-26 16:07:00,2026-08-26 18:46:00,7,2026-08-22 14:30:00,2026-08-26 18:46:00
440,LNR-20260722-00440,82,17,COMPLETED,SYSTEM,Võ Minh Dũng,customer82@lunara-spa.demo,0822702919,2026-07-22 10:45:00,2026-07-22 12:15:00,"Đặt nhân dịp sinh nhật, xin chuẩn bị trà thảo mộc.",90,650000,2026-07-22 10:36:00,2026-07-22 10:47:00,2026-07-22 12:17:00,7,2026-07-11 05:45:00,2026-07-22 12:17:00
441,LNR-20260604-00441,61,11,COMPLETED,ADMIN,Hoàng Xuân Trí,customer61@lunara-spa.demo,0567015666,2026-06-04 15:15:00,2026-06-04 16:30:00,Không dùng tinh dầu có mùi mạnh.,75,480000,2026-06-04 14:59:00,2026-06-04 15:15:00,2026-06-04 16:27:00,9,2026-05-26 14:00:00,2026-06-04 16:27:00
442,LNR-20260929-00442,107,13,PENDING_PAYMENT,ADMIN,Lý Đức Hiếu,customer107@lunara-spa.demo,0598255676,2026-09-29 16:15:00,2026-09-29 18:30:00,Xin gọi trước khi đến 15 phút.,135,900000,\N,\N,\N,8,2026-09-14 19:00:00,2026-09-14 19:00:00
443,LNR-20261006-00443,146,19,CONFIRMED,SYSTEM,Đinh Ngọc Nhung,customer146@lunara-spa.demo,0838287434,2026-10-06 10:45:00,2026-10-06 12:00:00,"Đã từng bị đau cổ vai gáy, xin massage nhẹ.",75,480000,\N,\N,\N,7,2026-09-14 09:00:00,2026-09-14 09:00:00
444,LNR-20261026-00444,143,24,CONFIRMED,SYSTEM,Võ Chí Nam,customer143@lunara-spa.demo,0510826726,2026-10-26 17:00:00,2026-10-26 18:00:00,\N,60,350000,\N,\N,\N,6,2026-09-15 10:00:00,2026-09-15 10:00:00
445,LNR-20260804-00445,135,10,COMPLETED,CUSTOMER,Tô Việt Khánh,customer135@lunara-spa.demo,0823119388,2026-08-04 13:15:00,2026-08-04 14:45:00,Muốn kỹ thuật viên nữ hỗ trợ.,90,650000,2026-08-04 12:58:00,2026-08-04 13:22:00,2026-08-04 14:52:00,135,2026-07-22 07:30:00,2026-08-04 14:52:00
446,LNR-20261010-00446,168,16,PENDING_PAYMENT,SYSTEM,Lê Quang Hiếu,customer168@lunara-spa.demo,0741792577,2026-10-10 15:15:00,2026-10-10 17:15:00,\N,120,590000,\N,\N,\N,8,2026-09-14 16:00:00,2026-09-14 16:00:00
447,LNR-20260731-00447,157,15,COMPLETED,SYSTEM,Huỳnh Bảo Bảo,customer157@lunara-spa.demo,0555086616,2026-07-31 11:30:00,2026-07-31 12:30:00,Cần hóa đơn cho công ty.,60,450000,2026-07-31 11:21:00,2026-07-31 11:34:00,2026-07-31 12:34:00,6,2026-07-26 05:15:00,2026-07-31 12:34:00
448,LNR-20260915-00448,150,19,IN_SERVICE,SYSTEM,Trịnh Khánh Nga,customer150@lunara-spa.demo,0966018168,2026-09-15 12:30:00,2026-09-15 13:30:00,"Da hơi nhạy cảm, xin dùng sản phẩm dịu.",60,420000,2026-09-15 12:21:00,2026-09-15 12:35:00,\N,8,2026-08-22 08:15:00,2026-09-15 12:35:00
449,LNR-20260616-00449,40,18,COMPLETED,CUSTOMER,Lê Hữu An,customer40@lunara-spa.demo,0814490145,2026-06-16 12:45:00,2026-06-16 13:45:00,"Đến cùng bạn, xin xếp phòng gần nhau.",60,450000,2026-06-16 12:26:00,2026-06-16 12:45:00,2026-06-16 13:40:00,40,2026-06-07 10:15:00,2026-06-16 13:40:00
450,LNR-20260923-00450,110,14,PENDING_PAYMENT,CUSTOMER,Nguyễn Thị Mai,customer110@lunara-spa.demo,0743188723,2026-09-23 09:30:00,2026-09-23 11:00:00,Ưu tiên phòng yên tĩnh.,90,650000,\N,\N,\N,110,2026-09-15 12:00:00,2026-09-15 12:00:00
451,LNR-20260916-00451,41,23,CONFIRMED,ADMIN,Lý Hồng Linh,customer41@lunara-spa.demo,0813104671,2026-09-16 15:45:00,2026-09-16 17:15:00,"Đặt nhân dịp sinh nhật, xin chuẩn bị trà thảo mộc.",90,650000,\N,\N,\N,9,2026-09-09 11:45:00,2026-09-09 11:45:00
452,LNR-20260529-00452,127,21,COMPLETED,ADMIN,Vũ Hoài Nhung,customer127@lunara-spa.demo,0970757376,2026-05-29 16:30:00,2026-05-29 17:15:00,"Đến cùng bạn, xin xếp phòng gần nhau.",45,280000,2026-05-29 16:21:00,2026-05-29 16:37:00,2026-05-29 17:22:00,6,2026-05-21 14:30:00,2026-05-29 17:22:00
453,LNR-20261023-00453,99,11,CONFIRMED,CUSTOMER,Vũ Quỳnh Ngân,customer99@lunara-spa.demo,0566531259,2026-10-23 11:15:00,2026-10-23 12:00:00,Xin gọi trước khi đến 15 phút.,45,280000,\N,\N,\N,99,2026-09-15 00:00:00,2026-09-15 03:23:00
454,LNR-20261019-00454,100,12,PENDING_PAYMENT,SYSTEM,Đỗ Quỳnh Phương,customer100@lunara-spa.demo,0835421220,2026-10-19 15:15:00,2026-10-19 17:45:00,Không sử dụng phòng xông hơi trước dịch vụ.,150,1370000,\N,\N,\N,7,2026-09-15 12:00:00,2026-09-15 12:00:00
455,LNR-20261020-00455,136,10,CONFIRMED,ADMIN,Hồ Như Yến,customer136@lunara-spa.demo,0879412703,2026-10-20 12:30:00,2026-10-20 14:30:00,Xin nhắc uống nước sau liệu trình.,120,590000,\N,\N,\N,6,2026-09-15 11:00:00,2026-09-15 11:41:00
456,LNR-20260528-00456,152,17,COMPLETED,CUSTOMER,Mai Quang Phúc,customer152@lunara-spa.demo,0732598265,2026-05-28 14:45:00,2026-05-28 16:00:00,Ưu tiên phòng yên tĩnh.,75,480000,2026-05-28 14:32:00,2026-05-28 14:49:00,2026-05-28 16:01:00,152,2026-05-26 12:15:00,2026-05-28 16:01:00
457,LNR-20260929-00457,70,10,CONFIRMED,SYSTEM,Trần Đình Sơn,customer70@lunara-spa.demo,0935446235,2026-09-29 16:15:00,2026-09-29 17:45:00,\N,90,650000,\N,\N,\N,9,2026-09-14 22:00:00,2026-09-15 05:50:00
458,LNR-20260928-00458,163,11,PENDING_PAYMENT,CUSTOMER,Hồ Nhật Kiệt,customer163@lunara-spa.demo,0533128619,2026-09-28 13:45:00,2026-09-28 15:45:00,Xin giữ đồ trang sức ở quầy lễ tân.,120,810000,\N,\N,\N,163,2026-09-15 08:00:00,2026-09-15 08:00:00
459,LNR-20261013-00459,39,14,PENDING_PAYMENT,SYSTEM,Lý Diệu Vy,customer39@lunara-spa.demo,0980263385,2026-10-13 11:45:00,2026-10-13 13:45:00,"Lần trước dùng đá nóng thấy hợp, xin giữ nhiệt độ vừa.",120,590000,\N,\N,\N,6,2026-09-14 13:00:00,2026-09-14 13:00:00
460,LNR-20260915-00460,122,21,CHECKED_IN,SYSTEM,Mai Thu Yến,customer122@lunara-spa.demo,0928357423,2026-09-15 11:15:00,2026-09-15 12:00:00,Không dùng tinh dầu có mùi mạnh.,45,280000,2026-09-15 11:00:00,\N,\N,7,2026-09-01 05:30:00,2026-09-15 11:00:00
461,LNR-20260625-00461,138,10,COMPLETED,SYSTEM,Trần Trúc Hạnh,customer138@lunara-spa.demo,0976762617,2026-06-25 15:00:00,2026-06-25 16:30:00,Cần hóa đơn cho công ty.,90,650000,2026-06-25 14:41:00,2026-06-25 15:08:00,2026-06-25 16:32:00,8,2026-06-07 08:15:00,2026-06-25 16:32:00
462,LNR-20260907-00462,37,23,COMPLETED,SYSTEM,Trịnh Minh Hiếu,customer37@lunara-spa.demo,0596294669,2026-09-07 16:30:00,2026-09-07 18:30:00,Muốn kỹ thuật viên nữ hỗ trợ.,120,590000,2026-09-07 16:19:00,2026-09-07 16:34:00,2026-09-07 18:31:00,7,2026-09-01 11:15:00,2026-09-07 18:31:00
463,LNR-20260903-00463,95,16,COMPLETED,ADMIN,Nguyễn Tuyết Lan,customer95@lunara-spa.demo,0737333925,2026-09-03 10:45:00,2026-09-03 12:15:00,\N,90,670000,2026-09-03 10:30:00,2026-09-03 10:50:00,2026-09-03 12:14:00,8,2026-08-23 10:15:00,2026-09-03 12:14:00
464,LNR-20261023-00464,139,19,CONFIRMED,CUSTOMER,Hoàng Thảo Linh,customer139@lunara-spa.demo,0778632588,2026-10-23 10:45:00,2026-10-23 11:45:00,"Đã từng bị đau cổ vai gáy, xin massage nhẹ.",60,420000,\N,\N,\N,139,2026-09-15 11:00:00,2026-09-15 12:49:00
465,LNR-20261022-00465,37,23,PENDING_PAYMENT,CUSTOMER,Trịnh Minh Hiếu,customer37@lunara-spa.demo,0596294669,2026-10-22 14:45:00,2026-10-22 16:00:00,"Da hơi nhạy cảm, xin dùng sản phẩm dịu.",75,480000,\N,\N,\N,37,2026-09-15 07:00:00,2026-09-15 07:00:00
466,LNR-20261008-00466,110,17,PENDING_PAYMENT,SYSTEM,Nguyễn Thị Mai,customer110@lunara-spa.demo,0743188723,2026-10-08 16:15:00,2026-10-08 17:45:00,Muốn kỹ thuật viên nữ hỗ trợ.,90,650000,\N,\N,\N,8,2026-09-14 21:00:00,2026-09-14 21:00:00
467,LNR-20260924-00467,146,21,PENDING_PAYMENT,CUSTOMER,Đinh Ngọc Nhung,customer146@lunara-spa.demo,0838287434,2026-09-24 13:00:00,2026-09-24 14:15:00,Xin giữ đồ trang sức ở quầy lễ tân.,75,580000,\N,\N,\N,146,2026-09-14 21:00:00,2026-09-14 21:00:00
468,LNR-20260703-00468,32,24,COMPLETED,ADMIN,Đỗ Tuyết Linh,customer32@lunara-spa.demo,0834031313,2026-07-03 15:00:00,2026-07-03 17:00:00,"Đặt nhân dịp sinh nhật, xin chuẩn bị trà thảo mộc.",120,590000,2026-07-03 14:55:00,2026-07-03 15:06:00,2026-07-03 17:04:00,7,2026-06-15 11:45:00,2026-07-03 17:04:00
469,LNR-20260808-00469,97,23,COMPLETED,SYSTEM,Ngô Thanh Thịnh,customer97@lunara-spa.demo,0838870715,2026-08-08 11:00:00,2026-08-08 13:45:00,Xin gọi trước khi đến 15 phút.,165,1110000,2026-08-08 10:44:00,2026-08-08 11:08:00,2026-08-08 13:47:00,7,2026-07-25 06:45:00,2026-08-08 13:47:00
470,LNR-20260716-00470,93,14,COMPLETED,ADMIN,Vũ Minh Huy,customer93@lunara-spa.demo,0987585557,2026-07-16 13:15:00,2026-07-16 14:45:00,"Đến cùng bạn, xin xếp phòng gần nhau.",90,650000,2026-07-16 12:55:00,2026-07-16 13:18:00,2026-07-16 14:43:00,7,2026-07-14 11:00:00,2026-07-16 14:43:00
471,LNR-20260611-00471,173,11,COMPLETED,SYSTEM,Đỗ Quỳnh Chi,customer173@lunara-spa.demo,0954485301,2026-06-11 12:45:00,2026-06-11 15:30:00,\N,165,950000,2026-06-11 12:29:00,2026-06-11 12:53:00,2026-06-11 15:36:00,8,2026-06-04 08:15:00,2026-06-11 15:36:00
472,LNR-20260821-00472,171,16,COMPLETED,CUSTOMER,Võ Minh Vy,customer171@lunara-spa.demo,0529523270,2026-08-21 11:00:00,2026-08-21 12:30:00,Không dùng tinh dầu có mùi mạnh.,90,850000,2026-08-21 10:52:00,2026-08-21 11:00:00,2026-08-21 12:26:00,171,2026-08-18 09:30:00,2026-08-21 12:26:00
473,LNR-20260808-00473,87,17,COMPLETED,SYSTEM,Ngô Bá Hải,customer87@lunara-spa.demo,0948523595,2026-08-08 12:30:00,2026-08-08 14:00:00,Xin nhắc uống nước sau liệu trình.,90,470000,2026-08-08 12:21:00,2026-08-08 12:32:00,2026-08-08 14:01:00,7,2026-07-31 11:00:00,2026-08-08 14:01:00
474,LNR-20260925-00474,32,12,CONFIRMED,CUSTOMER,Đỗ Tuyết Linh,customer32@lunara-spa.demo,0834031313,2026-09-25 09:45:00,2026-09-25 12:45:00,Không sử dụng phòng xông hơi trước dịch vụ.,180,1500000,\N,\N,\N,32,2026-09-11 07:15:00,2026-09-11 14:45:00
475,LNR-20261005-00475,139,13,CONFIRMED,CUSTOMER,Hoàng Thảo Linh,customer139@lunara-spa.demo,0778632588,2026-10-05 15:45:00,2026-10-05 17:00:00,Cần hóa đơn cho công ty.,75,480000,\N,\N,\N,139,2026-09-14 09:00:00,2026-09-14 10:33:00
476,LNR-20260617-00476,72,20,COMPLETED,SYSTEM,Nguyễn Hữu Bảo,customer72@lunara-spa.demo,0840137932,2026-06-17 11:15:00,2026-06-17 12:45:00,"Đã từng bị đau cổ vai gáy, xin massage nhẹ.",90,650000,2026-06-17 10:56:00,2026-06-17 11:23:00,2026-06-17 12:50:00,7,2026-06-03 11:15:00,2026-06-17 12:50:00
477,LNR-20260808-00477,86,18,COMPLETED,CUSTOMER,Bùi Ngọc Lan,customer86@lunara-spa.demo,0990539617,2026-08-08 12:30:00,2026-08-08 13:45:00,"Lần trước dùng đá nóng thấy hợp, xin giữ nhiệt độ vừa.",75,580000,2026-08-08 12:20:00,2026-08-08 12:33:00,2026-08-08 13:44:00,86,2026-07-19 08:00:00,2026-08-08 13:44:00
478,LNR-20260806-00478,72,18,COMPLETED,CUSTOMER,Nguyễn Hữu Bảo,customer72@lunara-spa.demo,0840137932,2026-08-06 15:45:00,2026-08-06 16:45:00,Ưu tiên phòng yên tĩnh.,60,420000,2026-08-06 15:30:00,2026-08-06 15:49:00,2026-08-06 16:43:00,72,2026-08-04 13:15:00,2026-08-06 16:43:00
479,LNR-20260703-00479,74,17,COMPLETED,ADMIN,Phan Bảo Nhung,customer74@lunara-spa.demo,0774261145,2026-07-03 11:00:00,2026-07-03 12:30:00,\N,90,650000,2026-07-03 10:50:00,2026-07-03 11:07:00,2026-07-03 12:32:00,9,2026-06-28 07:15:00,2026-07-03 12:32:00
480,LNR-20260918-00480,66,10,PENDING_PAYMENT,SYSTEM,Đinh Hồng Phương,customer66@lunara-spa.demo,0810535601,2026-09-18 16:00:00,2026-09-18 18:00:00,"Da hơi nhạy cảm, xin dùng sản phẩm dịu.",120,590000,\N,\N,\N,9,2026-09-11 12:15:00,2026-09-11 12:15:00
481,LNR-20260601-00481,94,11,COMPLETED,SYSTEM,Trần Phương Quỳnh,customer94@lunara-spa.demo,0736479879,2026-06-01 13:00:00,2026-06-01 13:45:00,"Đặt nhân dịp sinh nhật, xin chuẩn bị trà thảo mộc.",45,280000,2026-06-01 12:40:00,2026-06-01 13:03:00,2026-06-01 13:45:00,8,2026-05-23 09:15:00,2026-06-01 13:45:00
482,LNR-20261023-00482,123,11,CONFIRMED,SYSTEM,Hồ Đức Sơn,customer123@lunara-spa.demo,0541865914,2026-10-23 16:45:00,2026-10-23 17:30:00,Ưu tiên phòng yên tĩnh.,45,280000,\N,\N,\N,6,2026-09-14 12:00:00,2026-09-14 12:00:00
483,LNR-20261015-00483,67,20,CONFIRMED,SYSTEM,Trịnh Khánh Phương,customer67@lunara-spa.demo,0537913294,2026-10-15 13:00:00,2026-10-15 14:15:00,Xin gọi trước khi đến 15 phút.,75,480000,\N,\N,\N,6,2026-09-14 09:00:00,2026-09-14 09:00:00
484,LNR-20260606-00484,140,24,COMPLETED,ADMIN,Mai Hồng Nhung,customer140@lunara-spa.demo,0980499687,2026-06-06 14:30:00,2026-06-06 18:00:00,"Đã từng bị đau cổ vai gáy, xin massage nhẹ.",210,1670000,2026-06-06 14:17:00,2026-06-06 14:35:00,2026-06-06 18:02:00,8,2026-05-20 13:00:00,2026-06-06 18:02:00
485,LNR-20261016-00485,119,16,CONFIRMED,CUSTOMER,Vũ Xuân An,customer119@lunara-spa.demo,0799555227,2026-10-16 09:45:00,2026-10-16 11:00:00,\N,75,480000,\N,\N,\N,119,2026-09-15 11:00:00,2026-09-15 11:00:00
486,LNR-20260723-00486,60,20,COMPLETED,ADMIN,Lý Xuân Vinh,customer60@lunara-spa.demo,0976106035,2026-07-23 09:45:00,2026-07-23 11:15:00,Xin nhắc uống nước sau liệu trình.,90,850000,2026-07-23 09:39:00,2026-07-23 09:47:00,2026-07-23 11:11:00,8,2026-07-14 07:15:00,2026-07-23 11:11:00
487,LNR-20261001-00487,109,15,CONFIRMED,SYSTEM,Phan Công An,customer109@lunara-spa.demo,0775207180,2026-10-01 15:15:00,2026-10-01 16:45:00,Cần hóa đơn cho công ty.,90,630000,\N,\N,\N,7,2026-09-15 13:30:00,2026-09-15 13:30:00
488,LNR-20260610-00488,104,15,COMPLETED,SYSTEM,Huỳnh Thanh Quỳnh,customer104@lunara-spa.demo,0829914292,2026-06-10 11:45:00,2026-06-10 13:15:00,"Da hơi nhạy cảm, xin dùng sản phẩm dịu.",90,650000,2026-06-10 11:26:00,2026-06-10 11:46:00,2026-06-10 13:11:00,7,2026-05-24 06:30:00,2026-06-10 13:11:00
489,LNR-20260922-00489,71,21,CONFIRMED,SYSTEM,Huỳnh Hữu Bình,customer71@lunara-spa.demo,0551737562,2026-09-22 10:45:00,2026-09-22 12:15:00,"Lần trước dùng đá nóng thấy hợp, xin giữ nhiệt độ vừa.",90,720000,\N,\N,\N,8,2026-09-03 04:00:00,2026-09-03 05:05:00
490,LNR-20260924-00490,86,10,PENDING_PAYMENT,SYSTEM,Bùi Ngọc Lan,customer86@lunara-spa.demo,0990539617,2026-09-24 09:30:00,2026-09-24 12:30:00,Muốn kỹ thuật viên nữ hỗ trợ.,180,1160000,\N,\N,\N,8,2026-09-14 13:00:00,2026-09-14 13:00:00
491,LNR-20260616-00491,170,10,COMPLETED,SYSTEM,Hồ Thu Thư,customer170@lunara-spa.demo,0596197622,2026-06-16 10:15:00,2026-06-16 13:15:00,Không sử dụng phòng xông hơi trước dịch vụ.,180,1120000,2026-06-16 10:04:00,2026-06-16 10:22:00,2026-06-16 13:22:00,7,2026-06-13 10:15:00,2026-06-16 13:22:00
492,LNR-20260618-00492,62,14,COMPLETED,ADMIN,Mai Thu Trâm,customer62@lunara-spa.demo,0547445428,2026-06-18 15:45:00,2026-06-18 16:45:00,Xin giữ đồ trang sức ở quầy lễ tân.,60,330000,2026-06-18 15:34:00,2026-06-18 15:53:00,2026-06-18 16:50:00,7,2026-06-02 15:45:00,2026-06-18 16:50:00
493,LNR-20260917-00493,135,20,PENDING_PAYMENT,SYSTEM,Tô Việt Khánh,customer135@lunara-spa.demo,0823119388,2026-09-17 10:45:00,2026-09-17 12:15:00,\N,90,850000,\N,\N,\N,8,2026-09-15 12:00:00,2026-09-15 12:00:00
494,LNR-20260724-00494,158,17,COMPLETED,ADMIN,Nguyễn Ngọc Lan,customer158@lunara-spa.demo,0759655885,2026-07-24 13:45:00,2026-07-24 14:30:00,"Đến cùng bạn, xin xếp phòng gần nhau.",45,252000,2026-07-24 13:31:00,2026-07-24 13:47:00,2026-07-24 14:28:00,9,2026-07-19 08:30:00,2026-07-24 14:28:00
495,LNR-20260826-00495,40,22,COMPLETED,CUSTOMER,Lê Hữu An,customer40@lunara-spa.demo,0814490145,2026-08-26 15:30:00,2026-08-26 17:30:00,Không dùng tinh dầu có mùi mạnh.,120,590000,2026-08-26 15:12:00,2026-08-26 15:36:00,2026-08-26 17:34:00,40,2026-08-20 10:45:00,2026-08-26 17:34:00
496,LNR-20260716-00496,40,16,COMPLETED,CUSTOMER,Lê Hữu An,customer40@lunara-spa.demo,0814490145,2026-07-16 10:15:00,2026-07-16 13:45:00,Cần hóa đơn cho công ty.,210,1290000,2026-07-16 09:56:00,2026-07-16 10:20:00,2026-07-16 13:50:00,40,2026-07-13 06:45:00,2026-07-16 13:50:00
497,LNR-20260926-00497,57,14,PENDING_PAYMENT,CUSTOMER,Vũ Trung Thịnh,customer57@lunara-spa.demo,0599338834,2026-09-26 13:15:00,2026-09-26 14:15:00,Không sử dụng phòng xông hơi trước dịch vụ.,60,330000,\N,\N,\N,57,2026-09-15 03:00:00,2026-09-15 03:00:00
498,LNR-20260930-00498,143,14,CONFIRMED,SYSTEM,Võ Chí Nam,customer143@lunara-spa.demo,0510826726,2026-09-30 09:00:00,2026-09-30 10:30:00,\N,90,650000,\N,\N,\N,8,2026-09-09 08:00:00,2026-09-09 08:00:00
499,LNR-20260919-00499,73,22,PENDING_PAYMENT,CUSTOMER,Dương Chí Bảo,customer73@lunara-spa.demo,0532185513,2026-09-19 15:45:00,2026-09-19 17:15:00,"Da hơi nhạy cảm, xin dùng sản phẩm dịu.",90,470000,\N,\N,\N,73,2026-09-11 09:15:00,2026-09-11 09:15:00
500,LNR-20260704-00500,173,23,COMPLETED,SYSTEM,Đỗ Quỳnh Chi,customer173@lunara-spa.demo,0954485301,2026-07-04 17:00:00,2026-07-04 18:15:00,"Đã từng bị đau cổ vai gáy, xin massage nhẹ.",75,480000,2026-07-04 16:49:00,2026-07-04 17:00:00,2026-07-04 18:15:00,6,2026-06-17 11:45:00,2026-07-04 18:15:00
501,LNR-20260908-00501,97,15,COMPLETED,CUSTOMER,Ngô Thanh Thịnh,customer97@lunara-spa.demo,0838870715,2026-09-08 15:00:00,2026-09-08 16:30:00,Muốn kỹ thuật viên nữ hỗ trợ.,90,720000,2026-09-08 14:49:00,2026-09-08 15:01:00,2026-09-08 16:30:00,97,2026-09-05 10:30:00,2026-09-08 16:30:00
502,LNR-20260528-00502,170,20,COMPLETED,CUSTOMER,Hồ Thu Thư,customer170@lunara-spa.demo,0596197622,2026-05-28 13:15:00,2026-05-28 16:30:00,"Đến cùng bạn, xin xếp phòng gần nhau.",195,1300000,2026-05-28 13:03:00,2026-05-28 13:15:00,2026-05-28 16:27:00,170,2026-05-18 10:45:00,2026-05-28 16:27:00
503,LNR-20260831-00503,122,21,COMPLETED,ADMIN,Mai Thu Yến,customer122@lunara-spa.demo,0928357423,2026-08-31 15:15:00,2026-08-31 16:00:00,\N,45,280000,2026-08-31 15:05:00,2026-08-31 15:19:00,2026-08-31 16:00:00,7,2026-08-15 14:15:00,2026-08-31 16:00:00
504,LNR-20260615-00504,77,13,COMPLETED,SYSTEM,Dương Thành Trí,customer77@lunara-spa.demo,0986491603,2026-06-15 17:00:00,2026-06-15 18:15:00,Không dùng tinh dầu có mùi mạnh.,75,480000,2026-06-15 16:40:00,2026-06-15 17:01:00,2026-06-15 18:11:00,8,2026-06-01 14:45:00,2026-06-15 18:11:00
505,LNR-20261007-00505,135,17,PENDING_PAYMENT,SYSTEM,Tô Việt Khánh,customer135@lunara-spa.demo,0823119388,2026-10-07 15:15:00,2026-10-07 16:45:00,"Lần trước dùng đá nóng thấy hợp, xin giữ nhiệt độ vừa.",90,470000,\N,\N,\N,9,2026-09-14 21:00:00,2026-09-14 21:00:00
506,LNR-20261001-00506,144,22,PENDING_PAYMENT,SYSTEM,Mai Khánh Lan,customer144@lunara-spa.demo,0814205254,2026-10-01 13:45:00,2026-10-01 15:15:00,"Đặt nhân dịp sinh nhật, xin chuẩn bị trà thảo mộc.",90,630000,\N,\N,\N,9,2026-09-14 16:00:00,2026-09-14 16:00:00
507,LNR-20260921-00507,156,12,CONFIRMED,CUSTOMER,Lý Chí Bình,customer156@lunara-spa.demo,0974235839,2026-09-21 14:00:00,2026-09-21 16:00:00,Xin gọi trước khi đến 15 phút.,120,820000,\N,\N,\N,156,2026-08-27 12:30:00,2026-08-27 12:30:00
508,LNR-20260701-00508,85,20,COMPLETED,SYSTEM,Phạm Ngọc Mai,customer85@lunara-spa.demo,0577212733,2026-07-01 12:45:00,2026-07-01 14:00:00,Xin giữ đồ trang sức ở quầy lễ tân.,75,480000,2026-07-01 12:32:00,2026-07-01 12:45:00,2026-07-01 13:57:00,8,2026-06-28 08:15:00,2026-07-01 13:57:00
509,LNR-20261027-00509,160,13,PENDING_PAYMENT,CUSTOMER,Phạm Tuấn Sơn,customer160@lunara-spa.demo,0574142981,2026-10-27 11:45:00,2026-10-27 13:45:00,Ưu tiên phòng yên tĩnh.,120,870000,\N,\N,\N,160,2026-09-14 13:00:00,2026-09-14 13:00:00
510,LNR-20260801-00510,155,17,COMPLETED,ADMIN,Lê Văn Nam,customer155@lunara-spa.demo,0523266708,2026-08-01 18:15:00,2026-08-01 19:00:00,Xin nhắc uống nước sau liệu trình.,45,280000,2026-08-01 18:06:00,2026-08-01 18:20:00,2026-08-01 19:03:00,6,2026-07-13 12:30:00,2026-08-01 19:03:00
511,LNR-20260918-00511,78,19,PENDING_PAYMENT,SYSTEM,Huỳnh Khánh Uyên,customer78@lunara-spa.demo,0829067327,2026-09-18 17:45:00,2026-09-18 19:00:00,\N,75,480000,\N,\N,\N,9,2026-09-13 13:45:00,2026-09-13 13:45:00
512,LNR-20260618-00512,95,20,COMPLETED,SYSTEM,Nguyễn Tuyết Lan,customer95@lunara-spa.demo,0737333925,2026-06-18 13:15:00,2026-06-18 14:45:00,Muốn kỹ thuật viên nữ hỗ trợ.,90,850000,2026-06-18 13:02:00,2026-06-18 13:18:00,2026-06-18 14:43:00,7,2026-06-15 11:15:00,2026-06-18 14:43:00
513,LNR-20260819-00513,152,11,COMPLETED,CUSTOMER,Mai Quang Phúc,customer152@lunara-spa.demo,0732598265,2026-08-19 14:15:00,2026-08-19 16:00:00,Xin giữ đồ trang sức ở quầy lễ tân.,105,610000,2026-08-19 14:00:00,2026-08-19 14:21:00,2026-08-19 16:00:00,152,2026-08-03 14:15:00,2026-08-19 16:00:00
514,LNR-20260915-00514,160,16,IN_SERVICE,SYSTEM,Phạm Tuấn Sơn,customer160@lunara-spa.demo,0574142981,2026-09-15 09:00:00,2026-09-15 10:30:00,"Lần trước dùng đá nóng thấy hợp, xin giữ nhiệt độ vừa.",90,850000,2026-09-15 08:48:00,2026-09-15 09:10:00,\N,9,2026-08-27 03:00:00,2026-09-15 09:10:00
515,LNR-20260819-00515,98,11,COMPLETED,SYSTEM,Tô Chí Minh,customer98@lunara-spa.demo,0893242471,2026-08-19 17:30:00,2026-08-19 18:30:00,"Đặt nhân dịp sinh nhật, xin chuẩn bị trà thảo mộc.",60,450000,2026-08-19 17:12:00,2026-08-19 17:37:00,2026-08-19 18:31:00,9,2026-08-17 11:00:00,2026-08-19 18:31:00
516,LNR-20260711-00516,132,18,COMPLETED,CUSTOMER,Dương Hải Huy,customer132@lunara-spa.demo,0894091783,2026-07-11 15:00:00,2026-07-11 15:45:00,Ưu tiên phòng yên tĩnh.,45,280000,2026-07-11 14:41:00,2026-07-11 15:04:00,2026-07-11 15:49:00,132,2026-06-23 10:15:00,2026-07-11 15:49:00
517,LNR-20260922-00517,71,24,CONFIRMED,CUSTOMER,Huỳnh Hữu Bình,customer71@lunara-spa.demo,0551737562,2026-09-22 16:30:00,2026-09-22 17:45:00,\N,75,480000,\N,\N,\N,71,2026-09-05 15:30:00,2026-09-05 15:30:00
518,LNR-20260626-00518,88,10,COMPLETED,ADMIN,Lý Hữu Huy,customer88@lunara-spa.demo,0599568539,2026-06-26 12:30:00,2026-06-26 15:30:00,"Đến cùng bạn, xin xếp phòng gần nhau.",180,1100000,2026-06-26 12:25:00,2026-06-26 12:38:00,2026-06-26 15:36:00,6,2026-06-23 09:00:00,2026-06-26 15:36:00
519,LNR-20260730-00519,77,15,COMPLETED,SYSTEM,Dương Thành Trí,customer77@lunara-spa.demo,0986491603,2026-07-30 14:45:00,2026-07-30 16:15:00,Không sử dụng phòng xông hơi trước dịch vụ.,90,650000,2026-07-30 14:27:00,2026-07-30 14:46:00,2026-07-30 16:15:00,8,2026-07-21 09:30:00,2026-07-30 16:15:00
520,LNR-20260915-00520,151,12,CHECKED_IN,SYSTEM,Mai Bảo Trí,customer151@lunara-spa.demo,0870558327,2026-09-15 13:45:00,2026-09-15 16:30:00,Cần hóa đơn cho công ty.,165,1130000,2026-09-15 13:28:00,\N,\N,7,2026-09-10 13:15:00,2026-09-15 13:28:00
521,LNR-20260803-00521,139,20,COMPLETED,SYSTEM,Hoàng Thảo Linh,customer139@lunara-spa.demo,0778632588,2026-08-03 16:30:00,2026-08-03 18:00:00,Xin nhắc uống nước sau liệu trình.,90,850000,2026-08-03 16:12:00,2026-08-03 16:32:00,2026-08-03 17:56:00,8,2026-07-28 14:45:00,2026-08-03 17:56:00
522,LNR-20261001-00522,91,20,PENDING_PAYMENT,SYSTEM,Huỳnh Tuyết Mai,customer91@lunara-spa.demo,0554863979,2026-10-01 13:45:00,2026-10-01 17:00:00,"Đã từng bị đau cổ vai gáy, xin massage nhẹ.",195,1300000,\N,\N,\N,9,2026-09-15 00:00:00,2026-09-15 00:00:00
523,LNR-20261019-00523,75,18,CONFIRMED,CUSTOMER,Trần Việt Đạt,customer75@lunara-spa.demo,0788195870,2026-10-19 12:15:00,2026-10-19 13:45:00,Không dùng tinh dầu có mùi mạnh.,90,650000,\N,\N,\N,75,2026-09-15 11:00:00,2026-09-15 11:05:00
524,LNR-20260924-00524,57,14,PENDING_PAYMENT,SYSTEM,Vũ Trung Thịnh,customer57@lunara-spa.demo,0599338834,2026-09-24 16:15:00,2026-09-24 17:45:00,Xin gọi trước khi đến 15 phút.,90,650000,\N,\N,\N,7,2026-09-12 10:15:00,2026-09-12 10:15:00
525,LNR-20260821-00525,39,12,COMPLETED,ADMIN,Lý Diệu Vy,customer39@lunara-spa.demo,0980263385,2026-08-21 13:00:00,2026-08-21 14:30:00,"Da hơi nhạy cảm, xin dùng sản phẩm dịu.",90,850000,2026-08-21 12:44:00,2026-08-21 13:07:00,2026-08-21 14:33:00,8,2026-08-15 10:15:00,2026-08-21 14:33:00
526,LNR-20260605-00526,141,23,COMPLETED,ADMIN,Phạm Nhật Nam,customer141@lunara-spa.demo,0784980305,2026-06-05 16:45:00,2026-06-05 18:00:00,Muốn kỹ thuật viên nữ hỗ trợ.,75,480000,2026-06-05 16:28:00,2026-06-05 16:48:00,2026-06-05 18:00:00,8,2026-05-30 13:30:00,2026-06-05 18:00:00
527,LNR-20260901-00527,141,16,COMPLETED,ADMIN,Phạm Nhật Nam,customer141@lunara-spa.demo,0784980305,2026-09-01 15:30:00,2026-09-01 16:30:00,Xin giữ đồ trang sức ở quầy lễ tân.,60,520000,2026-09-01 15:21:00,2026-09-01 15:31:00,2026-09-01 16:26:00,6,2026-08-21 09:45:00,2026-09-01 16:26:00
528,LNR-20260627-00528,69,19,COMPLETED,SYSTEM,Nguyễn Ngọc Anh,customer69@lunara-spa.demo,0990541637,2026-06-27 13:30:00,2026-06-27 15:00:00,Xin nhắc uống nước sau liệu trình.,90,630000,2026-06-27 13:18:00,2026-06-27 13:31:00,2026-06-27 14:59:00,6,2026-06-20 13:30:00,2026-06-27 14:59:00
529,LNR-20260606-00529,153,13,COMPLETED,SYSTEM,Ngô Chí Thịnh,customer153@lunara-spa.demo,0812886363,2026-06-06 17:30:00,2026-06-06 18:30:00,Xin gọi trước khi đến 15 phút.,60,420000,2026-06-06 17:21:00,2026-06-06 17:38:00,2026-06-06 18:36:00,8,2026-05-17 15:45:00,2026-06-06 18:36:00
530,LNR-20261015-00530,83,21,PENDING_PAYMENT,CUSTOMER,Hoàng Tuyết Nhung,customer83@lunara-spa.demo,0589777304,2026-10-15 13:30:00,2026-10-15 15:15:00,"Da hơi nhạy cảm, xin dùng sản phẩm dịu.",105,700000,\N,\N,\N,83,2026-09-14 17:00:00,2026-09-14 17:00:00
531,LNR-20261012-00531,52,17,PENDING_PAYMENT,SYSTEM,Tô Phương Nhung,customer52@lunara-spa.demo,0743027841,2026-10-12 11:45:00,2026-10-12 14:00:00,Ưu tiên phòng yên tĩnh.,135,930000,\N,\N,\N,6,2026-09-15 10:00:00,2026-09-15 10:00:00
532,LNR-20261001-00532,35,21,PENDING_PAYMENT,CUSTOMER,Phạm Trung Bảo,customer35@lunara-spa.demo,0582642884,2026-10-01 15:15:00,2026-10-01 18:15:00,"Đặt nhân dịp sinh nhật, xin chuẩn bị trà thảo mộc.",180,1370000,\N,\N,\N,35,2026-09-15 08:00:00,2026-09-15 08:00:00
533,LNR-20260915-00533,88,18,IN_SERVICE,ADMIN,Lý Hữu Huy,customer88@lunara-spa.demo,0599568539,2026-09-15 09:45:00,2026-09-15 11:45:00,Không sử dụng phòng xông hơi trước dịch vụ.,120,810000,2026-09-15 09:27:00,2026-09-15 09:50:00,\N,8,2026-08-31 03:15:00,2026-09-15 09:50:00
534,LNR-20260731-00534,104,21,COMPLETED,CUSTOMER,Huỳnh Thanh Quỳnh,customer104@lunara-spa.demo,0829914292,2026-07-31 12:00:00,2026-07-31 13:00:00,\N,60,420000,2026-07-31 11:46:00,2026-07-31 12:00:00,2026-07-31 12:54:00,104,2026-07-27 11:15:00,2026-07-31 12:54:00
535,LNR-20261005-00535,162,13,PENDING_PAYMENT,SYSTEM,Hoàng Việt Phúc,customer162@lunara-spa.demo,0847368782,2026-10-05 13:15:00,2026-10-05 14:00:00,"Đến cùng bạn, xin xếp phòng gần nhau.",45,280000,\N,\N,\N,8,2026-09-15 08:00:00,2026-09-15 08:00:00
536,LNR-20260620-00536,121,20,COMPLETED,SYSTEM,Phạm Phương Lan,customer121@lunara-spa.demo,0528469894,2026-06-20 14:00:00,2026-06-20 16:45:00,Không dùng tinh dầu có mùi mạnh.,165,1150000,2026-06-20 13:49:00,2026-06-20 14:03:00,2026-06-20 16:43:00,9,2026-06-05 08:45:00,2026-06-20 16:43:00
537,LNR-20260821-00537,80,18,COMPLETED,SYSTEM,Hoàng Khánh Mai,customer80@lunara-spa.demo,0934210811,2026-08-21 16:30:00,2026-08-21 18:00:00,Cần hóa đơn cho công ty.,90,650000,2026-08-21 16:17:00,2026-08-21 16:31:00,2026-08-21 17:59:00,8,2026-08-09 11:30:00,2026-08-21 17:59:00
538,LNR-20260825-00538,171,12,COMPLETED,SYSTEM,Võ Minh Vy,customer171@lunara-spa.demo,0529523270,2026-08-25 16:30:00,2026-08-25 18:00:00,"Đã từng bị đau cổ vai gáy, xin massage nhẹ.",90,650000,2026-08-25 16:14:00,2026-08-25 16:35:00,2026-08-25 18:04:00,9,2026-08-18 11:45:00,2026-08-25 18:04:00
539,LNR-20260610-00539,57,17,COMPLETED,SYSTEM,Vũ Trung Thịnh,customer57@lunara-spa.demo,0599338834,2026-06-10 16:00:00,2026-06-10 17:30:00,\N,90,470000,2026-06-10 15:46:00,2026-06-10 16:03:00,2026-06-10 17:31:00,6,2026-05-24 15:00:00,2026-06-10 17:31:00
540,LNR-20260803-00540,94,24,COMPLETED,SYSTEM,Trần Phương Quỳnh,customer94@lunara-spa.demo,0736479879,2026-08-03 15:00:00,2026-08-03 16:15:00,"Lần trước dùng đá nóng thấy hợp, xin giữ nhiệt độ vừa.",75,480000,2026-08-03 14:48:00,2026-08-03 15:03:00,2026-08-03 16:12:00,6,2026-08-01 11:15:00,2026-08-03 16:12:00
541,LNR-20260828-00541,57,15,COMPLETED,ADMIN,Vũ Trung Thịnh,customer57@lunara-spa.demo,0599338834,2026-08-28 16:30:00,2026-08-28 17:45:00,Cần hóa đơn cho công ty.,75,580000,2026-08-28 16:17:00,2026-08-28 16:35:00,2026-08-28 17:50:00,6,2026-08-21 14:15:00,2026-08-28 17:50:00
542,LNR-20261023-00542,113,13,CONFIRMED,SYSTEM,Phan Đình Vinh,customer113@lunara-spa.demo,0945907423,2026-10-23 12:45:00,2026-10-23 13:45:00,"Đến cùng bạn, xin xếp phòng gần nhau.",60,420000,\N,\N,\N,7,2026-09-14 17:00:00,2026-09-14 20:18:00
543,LNR-20260803-00543,123,12,COMPLETED,ADMIN,Hồ Đức Sơn,customer123@lunara-spa.demo,0541865914,2026-08-03 10:45:00,2026-08-03 12:15:00,\N,90,650000,2026-08-03 10:31:00,2026-08-03 10:49:00,2026-08-03 12:16:00,7,2026-07-18 09:00:00,2026-08-03 12:16:00
544,LNR-20260611-00544,115,17,COMPLETED,CUSTOMER,Lê Minh An,customer115@lunara-spa.demo,0529427623,2026-06-11 12:15:00,2026-06-11 13:30:00,Không dùng tinh dầu có mùi mạnh.,75,410000,2026-06-11 12:04:00,2026-06-11 12:18:00,2026-06-11 13:28:00,115,2026-05-30 08:00:00,2026-06-11 13:28:00
545,LNR-20260820-00545,48,23,COMPLETED,ADMIN,Lý Trung Khánh,customer48@lunara-spa.demo,0885584582,2026-08-20 15:30:00,2026-08-20 17:00:00,Xin gọi trước khi đến 15 phút.,90,630000,2026-08-20 15:20:00,2026-08-20 15:36:00,2026-08-20 17:03:00,9,2026-08-05 13:30:00,2026-08-20 17:03:00
546,LNR-20261003-00546,158,16,CONFIRMED,ADMIN,Nguyễn Ngọc Lan,customer158@lunara-spa.demo,0759655885,2026-10-03 09:00:00,2026-10-03 11:00:00,"Lần trước dùng đá nóng thấy hợp, xin giữ nhiệt độ vừa.",120,820000,\N,\N,\N,6,2026-09-08 04:45:00,2026-09-08 04:45:00
547,LNR-20260826-00547,163,23,COMPLETED,CUSTOMER,Hồ Nhật Kiệt,customer163@lunara-spa.demo,0533128619,2026-08-26 14:00:00,2026-08-26 15:00:00,"Đã từng bị đau cổ vai gáy, xin massage nhẹ.",60,330000,2026-08-26 13:51:00,2026-08-26 14:07:00,2026-08-26 15:07:00,163,2026-08-08 13:00:00,2026-08-26 15:07:00
548,LNR-20260915-00548,105,21,CHECKED_IN,CUSTOMER,Trịnh Kim Anh,customer105@lunara-spa.demo,0791509983,2026-09-15 10:00:00,2026-09-15 11:00:00,Không sử dụng phòng xông hơi trước dịch vụ.,60,520000,2026-09-15 09:40:00,\N,\N,105,2026-09-05 07:00:00,2026-09-15 09:40:00
549,LNR-20260903-00549,158,23,COMPLETED,SYSTEM,Nguyễn Ngọc Lan,customer158@lunara-spa.demo,0759655885,2026-09-03 10:45:00,2026-09-03 12:15:00,"Da hơi nhạy cảm, xin dùng sản phẩm dịu.",90,470000,2026-09-03 10:30:00,2026-09-03 10:46:00,2026-09-03 12:12:00,9,2026-08-28 08:30:00,2026-09-03 12:12:00
550,LNR-20261003-00550,111,22,PENDING_PAYMENT,SYSTEM,Ngô Thanh Hiếu,customer111@lunara-spa.demo,0873663298,2026-10-03 12:30:00,2026-10-03 13:30:00,"Đặt nhân dịp sinh nhật, xin chuẩn bị trà thảo mộc.",60,450000,\N,\N,\N,8,2026-09-14 11:00:00,2026-09-14 11:00:00
551,LNR-20260827-00551,127,12,COMPLETED,SYSTEM,Vũ Hoài Nhung,customer127@lunara-spa.demo,0970757376,2026-08-27 13:00:00,2026-08-27 14:30:00,Ưu tiên phòng yên tĩnh.,90,850000,2026-08-27 12:53:00,2026-08-27 13:03:00,2026-08-27 14:29:00,6,2026-08-24 09:15:00,2026-08-27 14:29:00
552,LNR-20260908-00552,33,24,COMPLETED,CUSTOMER,Lý Kim My,customer33@lunara-spa.demo,0577587660,2026-09-08 16:15:00,2026-09-08 17:45:00,Xin giữ đồ trang sức ở quầy lễ tân.,90,670000,2026-09-08 16:01:00,2026-09-08 16:19:00,2026-09-08 17:44:00,33,2026-08-24 16:15:00,2026-09-08 17:44:00
553,LNR-20261002-00553,122,17,PENDING_PAYMENT,CUSTOMER,Mai Thu Yến,customer122@lunara-spa.demo,0928357423,2026-10-02 14:45:00,2026-10-02 15:30:00,Xin nhắc uống nước sau liệu trình.,45,280000,\N,\N,\N,122,2026-09-14 20:00:00,2026-09-14 20:00:00
554,LNR-20261019-00554,53,15,PENDING_PAYMENT,CUSTOMER,Võ Hữu Cường,customer53@lunara-spa.demo,0924275006,2026-10-19 17:00:00,2026-10-19 18:15:00,Muốn kỹ thuật viên nữ hỗ trợ.,75,580000,\N,\N,\N,53,2026-09-14 13:00:00,2026-09-14 13:00:00
555,LNR-20260801-00555,115,18,COMPLETED,SYSTEM,Lê Minh An,customer115@lunara-spa.demo,0529427623,2026-08-01 14:00:00,2026-08-01 15:30:00,\N,90,720000,2026-08-01 13:41:00,2026-08-01 14:08:00,2026-08-01 15:37:00,6,2026-07-20 08:30:00,2026-08-01 15:37:00
556,LNR-20260609-00556,166,15,COMPLETED,CUSTOMER,Đỗ Bảo Huy,customer166@lunara-spa.demo,0932484583,2026-06-09 13:30:00,2026-06-09 15:00:00,Muốn kỹ thuật viên nữ hỗ trợ.,90,630000,2026-06-09 13:21:00,2026-06-09 13:37:00,2026-06-09 15:07:00,166,2026-05-22 11:15:00,2026-06-09 15:07:00
557,LNR-20260718-00557,66,14,COMPLETED,ADMIN,Đinh Hồng Phương,customer66@lunara-spa.demo,0810535601,2026-07-18 10:30:00,2026-07-18 12:00:00,Không sử dụng phòng xông hơi trước dịch vụ.,90,470000,2026-07-18 10:22:00,2026-07-18 10:37:00,2026-07-18 12:06:00,7,2026-07-12 04:30:00,2026-07-18 12:06:00
558,LNR-20260828-00558,171,10,COMPLETED,ADMIN,Võ Minh Vy,customer171@lunara-spa.demo,0529523270,2026-08-28 11:00:00,2026-08-28 12:15:00,"Đặt nhân dịp sinh nhật, xin chuẩn bị trà thảo mộc.",75,580000,2026-08-28 10:47:00,2026-08-28 11:08:00,2026-08-28 12:23:00,7,2026-08-12 05:45:00,2026-08-28 12:23:00
559,LNR-20260819-00559,104,11,COMPLETED,SYSTEM,Huỳnh Thanh Quỳnh,customer104@lunara-spa.demo,0829914292,2026-08-19 11:00:00,2026-08-19 12:15:00,Ưu tiên phòng yên tĩnh.,75,410000,2026-08-19 10:47:00,2026-08-19 11:01:00,2026-08-19 12:16:00,7,2026-08-14 06:15:00,2026-08-19 12:16:00
560,LNR-20260729-00560,50,20,COMPLETED,SYSTEM,Trần Phương Linh,customer50@lunara-spa.demo,0563443969,2026-07-29 13:30:00,2026-07-29 14:45:00,Xin gọi trước khi đến 15 phút.,75,480000,2026-07-29 13:10:00,2026-07-29 13:33:00,2026-07-29 14:46:00,9,2026-07-13 12:45:00,2026-07-29 14:46:00
561,LNR-20260926-00561,114,18,CONFIRMED,CUSTOMER,Phan Thanh Tuấn,customer114@lunara-spa.demo,0855195874,2026-09-26 15:45:00,2026-09-26 16:30:00,\N,45,280000,\N,\N,\N,114,2026-09-15 13:00:00,2026-09-15 13:42:00
562,LNR-20260930-00562,60,17,PENDING_PAYMENT,SYSTEM,Lý Xuân Vinh,customer60@lunara-spa.demo,0976106035,2026-09-30 12:00:00,2026-09-30 12:45:00,Cần hóa đơn cho công ty.,45,250000,\N,\N,\N,8,2026-09-14 16:00:00,2026-09-14 16:00:00
563,LNR-20260925-00563,157,15,PENDING_PAYMENT,CUSTOMER,Huỳnh Bảo Bảo,customer157@lunara-spa.demo,0555086616,2026-09-25 13:30:00,2026-09-25 14:45:00,"Lần trước dùng đá nóng thấy hợp, xin giữ nhiệt độ vừa.",75,580000,\N,\N,\N,157,2026-09-15 00:00:00,2026-09-15 00:00:00
564,LNR-20260716-00564,158,14,COMPLETED,CUSTOMER,Nguyễn Ngọc Lan,customer158@lunara-spa.demo,0759655885,2026-07-16 16:00:00,2026-07-16 17:30:00,"Đã từng bị đau cổ vai gáy, xin massage nhẹ.",90,470000,2026-07-16 15:48:00,2026-07-16 16:01:00,2026-07-16 17:29:00,158,2026-07-10 10:15:00,2026-07-16 17:29:00
565,LNR-20261024-00565,171,17,PENDING_PAYMENT,SYSTEM,Võ Minh Vy,customer171@lunara-spa.demo,0529523270,2026-10-24 13:45:00,2026-10-24 14:30:00,Không dùng tinh dầu có mùi mạnh.,45,250000,\N,\N,\N,7,2026-09-15 07:00:00,2026-09-15 07:00:00
566,LNR-20260807-00566,56,24,COMPLETED,SYSTEM,Tô Diệu Lan,customer56@lunara-spa.demo,0599346311,2026-08-07 12:30:00,2026-08-07 14:00:00,\N,90,470000,2026-08-07 12:12:00,2026-08-07 12:37:00,2026-08-07 14:02:00,7,2026-07-31 07:15:00,2026-08-07 14:02:00
567,LNR-20261008-00567,39,14,PENDING_PAYMENT,SYSTEM,Lý Diệu Vy,customer39@lunara-spa.demo,0980263385,2026-10-08 10:30:00,2026-10-08 12:00:00,"Da hơi nhạy cảm, xin dùng sản phẩm dịu.",90,650000,\N,\N,\N,8,2026-09-14 11:00:00,2026-09-14 11:00:00
568,LNR-20260924-00568,131,21,CONFIRMED,ADMIN,Nguyễn Trúc Yến,customer131@lunara-spa.demo,0540378047,2026-09-24 10:45:00,2026-09-24 11:45:00,"Đến cùng bạn, xin xếp phòng gần nhau.",60,420000,\N,\N,\N,6,2026-08-31 08:00:00,2026-08-31 09:18:00
569,LNR-20261013-00569,37,12,CONFIRMED,CUSTOMER,Trịnh Minh Hiếu,customer37@lunara-spa.demo,0596294669,2026-10-13 12:30:00,2026-10-13 13:45:00,Xin giữ đồ trang sức ở quầy lễ tân.,75,480000,\N,\N,\N,37,2026-09-15 04:00:00,2026-09-15 11:53:00
570,LNR-20260813-00570,118,11,COMPLETED,ADMIN,Bùi Bá Nam,customer118@lunara-spa.demo,0769834343,2026-08-13 11:15:00,2026-08-13 12:00:00,Xin nhắc uống nước sau liệu trình.,45,250000,2026-08-13 11:06:00,2026-08-13 11:16:00,2026-08-13 11:55:00,6,2026-08-06 08:15:00,2026-08-13 11:55:00
571,LNR-20261015-00571,90,14,PENDING_PAYMENT,CUSTOMER,Mai Tuyết Lan,customer90@lunara-spa.demo,0821529706,2026-10-15 12:45:00,2026-10-15 13:45:00,Không dùng tinh dầu có mùi mạnh.,60,350000,\N,\N,\N,90,2026-09-14 15:00:00,2026-09-14 15:00:00
572,LNR-20260924-00572,132,17,PENDING_PAYMENT,CUSTOMER,Dương Hải Huy,customer132@lunara-spa.demo,0894091783,2026-09-24 12:45:00,2026-09-24 14:45:00,"Đến cùng bạn, xin xếp phòng gần nhau.",120,590000,\N,\N,\N,132,2026-09-15 11:00:00,2026-09-15 11:00:00
573,LNR-20260918-00573,82,11,CONFIRMED,SYSTEM,Võ Minh Dũng,customer82@lunara-spa.demo,0822702919,2026-09-18 14:45:00,2026-09-18 16:15:00,\N,90,470000,\N,\N,\N,6,2026-09-11 12:30:00,2026-09-12 09:24:00
574,LNR-20260918-00574,100,11,PENDING_PAYMENT,ADMIN,Đỗ Quỳnh Phương,customer100@lunara-spa.demo,0835421220,2026-09-18 16:45:00,2026-09-18 18:00:00,Xin giữ đồ trang sức ở quầy lễ tân.,75,480000,\N,\N,\N,7,2026-09-07 11:15:00,2026-09-07 11:15:00
575,LNR-20260707-00575,89,14,COMPLETED,ADMIN,Hồ Quang Vinh,customer89@lunara-spa.demo,0856037577,2026-07-07 10:00:00,2026-07-07 12:45:00,Không sử dụng phòng xông hơi trước dịch vụ.,165,1080000,2026-07-07 09:46:00,2026-07-07 10:04:00,2026-07-07 12:49:00,6,2026-06-29 03:15:00,2026-07-07 12:49:00
576,LNR-20260704-00576,171,10,COMPLETED,CUSTOMER,Võ Minh Vy,customer171@lunara-spa.demo,0529523270,2026-07-04 12:30:00,2026-07-04 15:15:00,"Lần trước dùng đá nóng thấy hợp, xin giữ nhiệt độ vừa.",165,1050000,2026-07-04 12:20:00,2026-07-04 12:32:00,2026-07-04 15:15:00,171,2026-06-16 09:45:00,2026-07-04 15:15:00
577,LNR-20260703-00577,123,18,COMPLETED,CUSTOMER,Hồ Đức Sơn,customer123@lunara-spa.demo,0541865914,2026-07-03 10:30:00,2026-07-03 12:00:00,\N,90,630000,2026-07-03 10:12:00,2026-07-03 10:34:00,2026-07-03 12:03:00,123,2026-06-16 06:45:00,2026-07-03 12:03:00
578,LNR-20260921-00578,38,17,CONFIRMED,ADMIN,Đinh Kim Trâm,customer38@lunara-spa.demo,0582394740,2026-09-21 11:30:00,2026-09-21 13:00:00,"Da hơi nhạy cảm, xin dùng sản phẩm dịu.",90,650000,\N,\N,\N,9,2026-09-11 06:15:00,2026-09-11 08:08:00
579,LNR-20260921-00579,99,20,PENDING_PAYMENT,ADMIN,Vũ Quỳnh Ngân,customer99@lunara-spa.demo,0566531259,2026-09-21 16:30:00,2026-09-21 17:45:00,Cần hóa đơn cho công ty.,75,480000,\N,\N,\N,8,2026-09-14 11:45:00,2026-09-14 11:45:00
580,LNR-20260929-00580,41,15,PENDING_PAYMENT,SYSTEM,Lý Hồng Linh,customer41@lunara-spa.demo,0813104671,2026-09-29 15:30:00,2026-09-29 18:15:00,Ưu tiên phòng yên tĩnh.,165,1130000,\N,\N,\N,8,2026-09-15 05:00:00,2026-09-15 05:00:00
581,LNR-20260819-00581,149,21,COMPLETED,CUSTOMER,Vũ Gia Phương,customer149@lunara-spa.demo,0985570503,2026-08-19 16:00:00,2026-08-19 17:00:00,Xin gọi trước khi đến 15 phút.,60,420000,2026-08-19 15:49:00,2026-08-19 16:06:00,2026-08-19 17:04:00,149,2026-08-03 09:15:00,2026-08-19 17:04:00
582,LNR-20260620-00582,63,24,COMPLETED,CUSTOMER,Dương Yến Hạnh,customer63@lunara-spa.demo,0788021544,2026-06-20 13:45:00,2026-06-20 15:15:00,Muốn kỹ thuật viên nữ hỗ trợ.,90,850000,2026-06-20 13:30:00,2026-06-20 13:53:00,2026-06-20 15:20:00,63,2026-06-17 12:15:00,2026-06-20 15:20:00
583,LNR-20260905-00583,50,13,COMPLETED,SYSTEM,Trần Phương Linh,customer50@lunara-spa.demo,0563443969,2026-09-05 15:45:00,2026-09-05 17:15:00,"Đặt nhân dịp sinh nhật, xin chuẩn bị trà thảo mộc.",90,630000,2026-09-05 15:39:00,2026-09-05 15:49:00,2026-09-05 17:16:00,7,2026-08-31 11:00:00,2026-09-05 17:16:00
584,LNR-20260619-00584,60,21,COMPLETED,CUSTOMER,Lý Xuân Vinh,customer60@lunara-spa.demo,0976106035,2026-06-19 14:30:00,2026-06-19 17:30:00,Xin nhắc uống nước sau liệu trình.,180,1350000,2026-06-19 14:12:00,2026-06-19 14:31:00,2026-06-19 17:30:00,60,2026-06-09 14:30:00,2026-06-19 17:30:00
585,LNR-20261031-00585,74,13,PENDING_PAYMENT,ADMIN,Phan Bảo Nhung,customer74@lunara-spa.demo,0774261145,2026-10-31 10:30:00,2026-10-31 11:30:00,"Đã từng bị đau cổ vai gáy, xin massage nhẹ.",60,420000,\N,\N,\N,7,2026-09-15 02:00:00,2026-09-15 02:00:00
586,LNR-20260924-00586,168,14,PENDING_PAYMENT,ADMIN,Lê Quang Hiếu,customer168@lunara-spa.demo,0741792577,2026-09-24 14:15:00,2026-09-24 15:45:00,\N,90,670000,\N,\N,\N,6,2026-09-15 02:00:00,2026-09-15 02:00:00
587,LNR-20260815-00587,148,12,COMPLETED,SYSTEM,Nguyễn Gia Vy,customer148@lunara-spa.demo,0995057628,2026-08-15 11:00:00,2026-08-15 12:30:00,Xin giữ đồ trang sức ở quầy lễ tân.,90,650000,2026-08-15 10:49:00,2026-08-15 11:02:00,2026-08-15 12:28:00,9,2026-08-12 05:45:00,2026-08-15 12:28:00
588,LNR-20260603-00588,140,22,COMPLETED,ADMIN,Mai Hồng Nhung,customer140@lunara-spa.demo,0980499687,2026-06-03 11:00:00,2026-06-03 13:00:00,Cần hóa đơn cho công ty.,120,590000,2026-06-03 10:44:00,2026-06-03 11:07:00,2026-06-03 13:07:00,9,2026-06-01 09:15:00,2026-06-03 13:07:00
589,LNR-20261010-00589,124,22,PENDING_PAYMENT,SYSTEM,Trần Đình Thịnh,customer124@lunara-spa.demo,0598522532,2026-10-10 09:15:00,2026-10-10 11:15:00,Muốn kỹ thuật viên nữ hỗ trợ.,120,920000,\N,\N,\N,9,2026-09-15 10:00:00,2026-09-15 10:00:00
590,LNR-20261030-00590,45,19,CONFIRMED,CUSTOMER,Vũ Ngọc Nhi,customer45@lunara-spa.demo,0810307801,2026-10-30 16:15:00,2026-10-30 17:15:00,Không sử dụng phòng xông hơi trước dịch vụ.,60,450000,\N,\N,\N,45,2026-09-14 11:00:00,2026-09-14 18:25:00
591,LNR-20260604-00591,167,21,COMPLETED,ADMIN,Mai Nhật Đạt,customer167@lunara-spa.demo,0751764195,2026-06-04 13:30:00,2026-06-04 14:45:00,Ưu tiên phòng yên tĩnh.,75,580000,2026-06-04 13:19:00,2026-06-04 13:37:00,2026-06-04 14:48:00,8,2026-05-31 12:45:00,2026-06-04 14:48:00
592,LNR-20260918-00592,155,11,PENDING_PAYMENT,SYSTEM,Lê Văn Nam,customer155@lunara-spa.demo,0523266708,2026-09-18 13:15:00,2026-09-18 14:15:00,Xin gọi trước khi đến 15 phút.,60,330000,\N,\N,\N,7,2026-09-11 06:30:00,2026-09-11 06:30:00
593,LNR-20260929-00593,99,16,CONFIRMED,ADMIN,Vũ Quỳnh Ngân,customer99@lunara-spa.demo,0566531259,2026-09-29 15:00:00,2026-09-29 15:45:00,\N,45,280000,\N,\N,\N,6,2026-09-14 11:00:00,2026-09-14 14:36:00
594,LNR-20260915-00594,104,18,IN_SERVICE,SYSTEM,Huỳnh Thanh Quỳnh,customer104@lunara-spa.demo,0829914292,2026-09-15 12:15:00,2026-09-15 13:30:00,"Đến cùng bạn, xin xếp phòng gần nhau.",75,580000,2026-09-15 12:05:00,2026-09-15 12:24:00,\N,8,2026-09-07 09:00:00,2026-09-15 12:24:00
595,LNR-20260922-00595,173,14,CONFIRMED,CUSTOMER,Đỗ Quỳnh Chi,customer173@lunara-spa.demo,0954485301,2026-09-22 11:30:00,2026-09-22 13:00:00,"Da hơi nhạy cảm, xin dùng sản phẩm dịu.",90,470000,\N,\N,\N,173,2026-09-03 05:30:00,2026-09-03 05:30:00
596,LNR-20260731-00596,138,16,COMPLETED,ADMIN,Trần Trúc Hạnh,customer138@lunara-spa.demo,0976762617,2026-07-31 15:15:00,2026-07-31 17:15:00,"Đặt nhân dịp sinh nhật, xin chuẩn bị trà thảo mộc.",120,820000,2026-07-31 15:02:00,2026-07-31 15:22:00,2026-07-31 17:17:00,9,2026-07-13 13:15:00,2026-07-31 17:17:00
597,LNR-20260623-00597,169,12,COMPLETED,CUSTOMER,Ngô Hồng Vy,customer169@lunara-spa.demo,0869247921,2026-06-23 13:15:00,2026-06-23 14:45:00,"Lần trước dùng đá nóng thấy hợp, xin giữ nhiệt độ vừa.",90,850000,2026-06-23 13:09:00,2026-06-23 13:20:00,2026-06-23 14:49:00,169,2026-06-13 07:30:00,2026-06-23 14:49:00
598,LNR-20260915-00598,157,22,CHECKED_IN,CUSTOMER,Huỳnh Bảo Bảo,customer157@lunara-spa.demo,0555086616,2026-09-15 09:30:00,2026-09-15 11:30:00,Không dùng tinh dầu có mùi mạnh.,120,920000,2026-09-15 09:22:00,\N,\N,157,2026-09-02 06:00:00,2026-09-15 09:22:00
599,LNR-20261024-00599,31,17,PENDING_PAYMENT,SYSTEM,Phạm Quang Hải,customer31@lunara-spa.demo,0874670743,2026-10-24 16:30:00,2026-10-24 17:30:00,Xin nhắc uống nước sau liệu trình.,60,330000,\N,\N,\N,7,2026-09-14 20:00:00,2026-09-14 20:00:00
600,LNR-20261007-00600,172,14,PENDING_PAYMENT,CUSTOMER,Tô Thành Tuấn,customer172@lunara-spa.demo,0551436549,2026-10-07 13:00:00,2026-10-07 15:00:00,"Đã từng bị đau cổ vai gáy, xin massage nhẹ.",120,820000,\N,\N,\N,172,2026-09-15 07:00:00,2026-09-15 07:00:00
