id,booking_code,customer_account_id,staff_account_id,status,assignment_source,customer_name_snapshot,customer_email_snapshot,customer_phone_snapshot,booking_start,booking_end,customer_note,total_duration_minutes,total_amount,checked_in_at,service_started_at,completed_at,created_by_account_id,created_at,updated_at
1,LNR-20260905-00001,134,11,COMPLETED,ADMIN,Bùi Thị Lan,customer134@lunara-spa.demo,0910003778,2026-09-05 09:00:00,2026-09-05 09:45:00,Xin gọi trước 15 phút,45,250000,2026-09-05 08:48:00,2026-09-05 09:00:00,2026-09-05 09:45:00,5,2026-09-02 09:00:00,2026-09-05 09:45:00
2,LNR-20260730-00002,157,11,COMPLETED,ADMIN,Nguyễn Thu Minh,customer157@lunara-spa.demo,0910003801,2026-07-30 13:30:00,2026-07-30 14:30:00,Ưu tiên phòng yên tĩnh,60,520000,2026-07-30 13:20:00,2026-07-30 13:34:00,2026-07-30 14:26:00,9,2026-07-13 13:30:00,2026-07-30 14:26:00
3,LNR-20260629-00003,83,21,COMPLETED,SYSTEM,Phan Thu Lan,customer83@lunara-spa.demo,0910003727,2026-06-29 11:00:00,2026-06-29 12:15:00,\N,75,580000,2026-06-29 10:54:00,2026-06-29 11:05:00,2026-06-29 12:11:00,83,2026-06-23 10:00:00,2026-06-29 12:11:00
4,LNR-20260617-00004,139,20,COMPLETED,SYSTEM,Bùi Hồng Ngọc,customer139@lunara-spa.demo,0910003783,2026-06-17 11:00:00,2026-06-17 12:00:00,Da hơi nhạy cảm,60,330000,2026-06-17 10:57:00,2026-06-17 11:01:00,2026-06-17 11:55:00,139,2026-06-05 08:00:00,2026-06-17 11:55:00
5,LNR-20260901-00005,137,13,COMPLETED,SYSTEM,Huỳnh Hoài Nam,customer137@lunara-spa.demo,0910003781,2026-09-01 15:30:00,2026-09-01 16:45:00,Ưu tiên phòng yên tĩnh,75,580000,2026-09-01 15:19:00,2026-09-01 15:35:00,2026-09-01 16:42:00,137,2026-08-14 12:30:00,2026-09-01 16:42:00
6,LNR-20260625-00006,61,20,COMPLETED,SYSTEM,Võ Văn Bình,customer61@lunara-spa.demo,0910003705,2026-06-25 09:00:00,2026-06-25 10:00:00,\N,60,330000,2026-06-25 08:56:00,2026-06-25 09:04:00,2026-06-25 09:56:00,61,2026-06-19 04:00:00,2026-06-25 09:56:00
7,LNR-20260826-00007,53,21,COMPLETED,ADMIN,Huỳnh Thu Linh,customer53@lunara-spa.demo,0910003697,2026-08-26 13:30:00,2026-08-26 14:15:00,Xin gọi trước 15 phút,45,250000,2026-08-26 13:23:00,2026-08-26 13:32:00,2026-08-26 14:15:00,4,2026-08-12 09:30:00,2026-08-26 14:15:00
8,LNR-20260819-00008,69,19,COMPLETED,CUSTOMER,Lê Minh Vy,customer69@lunara-spa.demo,0910003713,2026-08-19 15:30:00,2026-08-19 16:45:00,Ưu tiên phòng yên tĩnh,75,410000,2026-08-19 15:23:00,2026-08-19 15:34:00,2026-08-19 16:45:00,69,2026-08-07 09:30:00,2026-08-19 16:45:00
9,LNR-20260819-00009,68,14,COMPLETED,CUSTOMER,Phan Gia Huy,customer68@lunara-spa.demo,0910003712,2026-08-19 11:00:00,2026-08-19 12:15:00,Ưu tiên phòng yên tĩnh,75,480000,2026-08-19 10:57:00,2026-08-19 11:03:00,2026-08-19 12:14:00,68,2026-08-02 05:00:00,2026-08-19 12:14:00
10,LNR-20260818-00010,83,21,COMPLETED,CUSTOMER,Phan Thu Lan,customer83@lunara-spa.demo,0910003727,2026-08-18 13:30:00,2026-08-18 14:30:00,\N,60,420000,2026-08-18 13:22:00,2026-08-18 13:32:00,2026-08-18 14:28:00,83,2026-08-05 08:30:00,2026-08-18 14:28:00
11,LNR-20260905-00011,128,20,COMPLETED,CUSTOMER,Phạm Minh Khánh,customer128@lunara-spa.demo,0910003772,2026-09-05 11:00:00,2026-09-05 12:30:00,Xin gọi trước 15 phút,90,650000,2026-09-05 10:49:00,2026-09-05 11:03:00,2026-09-05 12:26:00,128,2026-08-30 11:00:00,2026-09-05 12:26:00
12,LNR-20260620-00012,126,18,COMPLETED,CUSTOMER,Nguyễn Thu Khánh,customer126@lunara-spa.demo,0910003770,2026-06-20 09:00:00,2026-06-20 09:45:00,Xin gọi trước 15 phút,45,250000,2026-06-20 08:56:00,2026-06-20 09:01:00,2026-06-20 09:45:00,126,2026-06-09 08:00:00,2026-06-20 09:45:00
13,LNR-20260907-00013,54,15,COMPLETED,SYSTEM,Đặng Thanh Phương,customer54@lunara-spa.demo,0910003698,2026-09-07 15:30:00,2026-09-07 16:30:00,\N,60,330000,2026-09-07 15:18:00,2026-09-07 15:34:00,2026-09-07 16:26:00,54,2026-08-25 13:30:00,2026-09-07 16:26:00
14,LNR-20260831-00014,138,24,COMPLETED,CUSTOMER,Bùi Hoài Hạnh,customer138@lunara-spa.demo,0910003782,2026-08-31 11:00:00,2026-08-31 12:00:00,\N,60,520000,2026-08-31 10:48:00,2026-08-31 11:05:00,2026-08-31 12:00:00,138,2026-08-24 07:00:00,2026-08-31 12:00:00
15,LNR-20260827-00015,75,16,COMPLETED,SYSTEM,Hoàng Hồng Tuấn,customer75@lunara-spa.demo,0910003719,2026-08-27 15:30:00,2026-08-27 16:45:00,Da hơi nhạy cảm,75,480000,2026-08-27 15:18:00,2026-08-27 15:31:00,2026-08-27 16:45:00,75,2026-08-09 11:30:00,2026-08-27 16:45:00
16,LNR-20260721-00016,153,20,COMPLETED,ADMIN,Nguyễn Hoài Vy,customer153@lunara-spa.demo,0910003797,2026-07-21 13:30:00,2026-07-21 14:15:00,\N,45,250000,2026-07-21 13:27:00,2026-07-21 13:31:00,2026-07-21 14:15:00,4,2026-07-08 08:30:00,2026-07-21 14:15:00
17,LNR-20260710-00017,59,18,COMPLETED,CUSTOMER,Đặng Ngọc Quỳnh,customer59@lunara-spa.demo,0910003703,2026-07-10 11:00:00,2026-07-10 13:00:00,Da hơi nhạy cảm,120,590000,2026-07-10 10:50:00,2026-07-10 11:00:00,2026-07-10 12:57:00,59,2026-07-02 08:00:00,2026-07-10 12:57:00
18,LNR-20260622-00018,59,23,COMPLETED,ADMIN,Đặng Ngọc Quỳnh,customer59@lunara-spa.demo,0910003703,2026-06-22 15:30:00,2026-06-22 17:30:00,\N,120,970000,2026-06-22 15:22:00,2026-06-22 15:35:00,2026-06-22 17:28:00,4,2026-06-10 14:30:00,2026-06-22 17:28:00
19,LNR-20260707-00019,137,19,COMPLETED,ADMIN,Huỳnh Hoài Nam,customer137@lunara-spa.demo,0910003781,2026-07-07 15:30:00,2026-07-07 17:00:00,\N,90,670000,2026-07-07 15:22:00,2026-07-07 15:33:00,2026-07-07 17:00:00,3,2026-06-29 10:30:00,2026-07-07 17:00:00
20,LNR-20260728-00020,148,15,COMPLETED,ADMIN,Bùi Gia Vy,customer148@lunara-spa.demo,0910003792,2026-07-28 15:30:00,2026-07-28 16:45:00,Ưu tiên phòng yên tĩnh,75,580000,2026-07-28 15:25:00,2026-07-28 15:32:00,2026-07-28 16:41:00,7,2026-07-24 11:30:00,2026-07-28 16:41:00
21,LNR-20260812-00021,85,16,COMPLETED,SYSTEM,Phan Văn Yến,customer85@lunara-spa.demo,0910003729,2026-08-12 13:30:00,2026-08-12 15:00:00,Da hơi nhạy cảm,90,850000,2026-08-12 13:23:00,2026-08-12 13:32:00,2026-08-12 14:56:00,85,2026-07-25 12:30:00,2026-08-12 14:56:00
22,LNR-20260815-00022,43,19,COMPLETED,SYSTEM,Vũ Minh Vy,customer43@lunara-spa.demo,0910003687,2026-08-15 11:00:00,2026-08-15 11:45:00,Xin gọi trước 15 phút,45,280000,2026-08-15 10:56:00,2026-08-15 11:01:00,2026-08-15 11:44:00,43,2026-08-14 07:00:00,2026-08-15 11:44:00
23,LNR-20260629-00023,48,23,COMPLETED,ADMIN,Bùi Thị Ngọc,customer48@lunara-spa.demo,0910003692,2026-06-29 13:30:00,2026-06-29 14:45:00,\N,75,410000,2026-06-29 13:26:00,2026-06-29 13:30:00,2026-06-29 14:40:00,4,2026-06-28 09:30:00,2026-06-29 14:40:00
24,LNR-20260715-00024,147,24,COMPLETED,CUSTOMER,Bùi Hoài Vy,customer147@lunara-spa.demo,0910003791,2026-07-15 11:00:00,2026-07-15 11:45:00,\N,45,280000,2026-07-15 10:52:00,2026-07-15 11:04:00,2026-07-15 11:44:00,147,2026-07-01 07:00:00,2026-07-15 11:44:00
25,LNR-20260622-00025,169,23,COMPLETED,ADMIN,Phan Hồng Ngọc,customer169@lunara-spa.demo,0910003813,2026-06-22 09:00:00,2026-06-22 09:45:00,\N,45,280000,2026-06-22 08:55:00,2026-06-22 09:01:00,2026-06-22 09:41:00,8,2026-06-21 05:00:00,2026-06-22 09:41:00
26,LNR-20260611-00026,172,17,COMPLETED,ADMIN,Đỗ Hoài Tuấn,customer172@lunara-spa.demo,0910003816,2026-06-11 13:30:00,2026-06-11 14:30:00,Da hơi nhạy cảm,60,450000,2026-06-11 13:20:00,2026-06-11 13:30:00,2026-06-11 14:25:00,4,2026-05-28 07:30:00,2026-06-11 14:25:00
27,LNR-20260723-00027,104,23,COMPLETED,SYSTEM,Võ Quang Quân,customer104@lunara-spa.demo,0910003748,2026-07-23 09:00:00,2026-07-23 10:30:00,Xin gọi trước 15 phút,90,630000,2026-07-23 08:55:00,2026-07-23 09:02:00,2026-07-23 10:27:00,104,2026-07-13 08:00:00,2026-07-23 10:27:00
28,LNR-20260704-00028,127,23,COMPLETED,SYSTEM,Bùi Quang Trâm,customer127@lunara-spa.demo,0910003771,2026-07-04 13:30:00,2026-07-04 15:00:00,\N,90,850000,2026-07-04 13:25:00,2026-07-04 13:35:00,2026-07-04 14:55:00,127,2026-06-27 09:30:00,2026-07-04 14:55:00
29,LNR-20260610-00029,85,20,COMPLETED,CUSTOMER,Phan Văn Yến,customer85@lunara-spa.demo,0910003729,2026-06-10 09:00:00,2026-06-10 10:30:00,Xin gọi trước 15 phút,90,650000,2026-06-10 08:53:00,2026-06-10 09:04:00,2026-06-10 10:28:00,85,2026-06-07 03:00:00,2026-06-10 10:28:00
30,LNR-20260831-00030,132,23,COMPLETED,CUSTOMER,Phạm Thanh Quân,customer132@lunara-spa.demo,0910003776,2026-08-31 15:30:00,2026-08-31 17:00:00,Xin gọi trước 15 phút,90,850000,2026-08-31 15:26:00,2026-08-31 15:33:00,2026-08-31 16:56:00,132,2026-08-20 10:30:00,2026-08-31 16:56:00
31,LNR-20260615-00031,145,24,COMPLETED,ADMIN,Võ Hồng Mai,customer145@lunara-spa.demo,0910003789,2026-06-15 11:00:00,2026-06-15 13:00:00,Xin gọi trước 15 phút,120,920000,2026-06-15 10:49:00,2026-06-15 11:02:00,2026-06-15 13:00:00,9,2026-06-12 10:00:00,2026-06-15 13:00:00
32,LNR-20260905-00032,117,21,COMPLETED,ADMIN,Đặng Văn Sơn,customer117@lunara-spa.demo,0910003761,2026-09-05 09:00:00,2026-09-05 10:15:00,Xin gọi trước 15 phút,75,410000,2026-09-05 08:48:00,2026-09-05 09:01:00,2026-09-05 10:10:00,6,2026-09-02 07:00:00,2026-09-05 10:10:00
33,LNR-20260608-00033,148,15,COMPLETED,ADMIN,Bùi Gia Vy,customer148@lunara-spa.demo,0910003792,2026-06-08 09:00:00,2026-06-08 10:30:00,\N,90,670000,2026-06-08 08:55:00,2026-06-08 09:05:00,2026-06-08 10:25:00,9,2026-06-07 08:00:00,2026-06-08 10:25:00
34,LNR-20260727-00034,156,24,COMPLETED,SYSTEM,Trần Văn Quỳnh,customer156@lunara-spa.demo,0910003800,2026-07-27 11:00:00,2026-07-27 12:30:00,Ưu tiên phòng yên tĩnh,90,470000,2026-07-27 10:56:00,2026-07-27 11:01:00,2026-07-27 12:25:00,156,2026-07-19 09:00:00,2026-07-27 12:25:00
35,LNR-20260806-00035,87,22,COMPLETED,ADMIN,Võ Thị Trang,customer87@lunara-spa.demo,0910003731,2026-08-06 15:30:00,2026-08-06 16:45:00,Ưu tiên phòng yên tĩnh,75,580000,2026-08-06 15:23:00,2026-08-06 15:33:00,2026-08-06 16:44:00,8,2026-07-30 12:30:00,2026-08-06 16:44:00
36,LNR-20260723-00036,139,17,COMPLETED,SYSTEM,Bùi Hồng Ngọc,customer139@lunara-spa.demo,0910003783,2026-07-23 11:00:00,2026-07-23 11:45:00,Xin gọi trước 15 phút,45,250000,2026-07-23 10:48:00,2026-07-23 11:04:00,2026-07-23 11:41:00,139,2026-07-16 11:00:00,2026-07-23 11:41:00
37,LNR-20260618-00037,131,11,COMPLETED,SYSTEM,Phan Khánh Bình,customer131@lunara-spa.demo,0910003775,2026-06-18 09:00:00,2026-06-18 10:30:00,\N,90,720000,2026-06-18 08:57:00,2026-06-18 09:03:00,2026-06-18 10:29:00,131,2026-06-13 07:00:00,2026-06-18 10:29:00
38,LNR-20260613-00038,108,23,COMPLETED,CUSTOMER,Nguyễn Thu Huy,customer108@lunara-spa.demo,0910003752,2026-06-13 11:00:00,2026-06-13 12:30:00,Xin gọi trước 15 phút,90,850000,2026-06-13 10:55:00,2026-06-13 11:05:00,2026-06-13 12:25:00,108,2026-05-31 10:00:00,2026-06-13 12:25:00
39,LNR-20260617-00039,128,24,COMPLETED,SYSTEM,Phạm Minh Khánh,customer128@lunara-spa.demo,0910003772,2026-06-17 15:30:00,2026-06-17 17:15:00,\N,105,630000,2026-06-17 15:18:00,2026-06-17 15:32:00,2026-06-17 17:13:00,128,2026-05-30 11:30:00,2026-06-17 17:13:00
40,LNR-20260612-00040,150,10,COMPLETED,SYSTEM,Đặng Gia Anh,customer150@lunara-spa.demo,0910003794,2026-06-12 09:00:00,2026-06-12 10:30:00,Ưu tiên phòng yên tĩnh,90,850000,2026-06-12 08:51:00,2026-06-12 09:01:00,2026-06-12 10:28:00,150,2026-06-09 04:00:00,2026-06-12 10:28:00
41,LNR-20260730-00041,146,19,COMPLETED,SYSTEM,Vũ Hoài Hiền,customer146@lunara-spa.demo,0910003790,2026-07-30 15:30:00,2026-07-30 17:15:00,\N,105,800000,2026-07-30 15:18:00,2026-07-30 15:32:00,2026-07-30 17:15:00,146,2026-07-26 15:30:00,2026-07-30 17:15:00
42,LNR-20260626-00042,50,18,COMPLETED,CUSTOMER,Trần Hồng Vy,customer50@lunara-spa.demo,0910003694,2026-06-26 09:00:00,2026-06-26 10:00:00,\N,60,420000,2026-06-26 08:49:00,2026-06-26 09:02:00,2026-06-26 09:58:00,50,2026-06-25 08:00:00,2026-06-26 09:58:00
43,LNR-20260807-00043,96,22,COMPLETED,SYSTEM,Võ Hoài Hà,customer96@lunara-spa.demo,0910003740,2026-08-07 11:00:00,2026-08-07 11:45:00,Da hơi nhạy cảm,45,250000,2026-08-07 10:55:00,2026-08-07 11:02:00,2026-08-07 11:44:00,96,2026-08-03 06:00:00,2026-08-07 11:44:00
44,LNR-20260629-00044,45,15,COMPLETED,ADMIN,Lê Minh Chi,customer45@lunara-spa.demo,0910003689,2026-06-29 09:00:00,2026-06-29 10:15:00,\N,75,580000,2026-06-29 08:55:00,2026-06-29 09:02:00,2026-06-29 10:11:00,2,2026-06-16 03:00:00,2026-06-29 10:11:00
45,LNR-20260813-00045,149,14,COMPLETED,CUSTOMER,Phạm Gia Bình,customer149@lunara-spa.demo,0910003793,2026-08-13 13:30:00,2026-08-13 14:30:00,\N,60,420000,2026-08-13 13:23:00,2026-08-13 13:35:00,2026-08-13 14:27:00,149,2026-08-02 08:30:00,2026-08-13 14:27:00
46,LNR-20260724-00046,130,12,COMPLETED,SYSTEM,Phạm Gia Bình,customer130@lunara-spa.demo,0910003774,2026-07-24 15:30:00,2026-07-24 17:00:00,\N,90,670000,2026-07-24 15:20:00,2026-07-24 15:32:00,2026-07-24 17:00:00,130,2026-07-16 15:30:00,2026-07-24 17:00:00
47,LNR-20260904-00047,166,14,COMPLETED,SYSTEM,Đỗ Thị Trang,customer166@lunara-spa.demo,0910003810,2026-09-04 13:30:00,2026-09-04 14:15:00,\N,45,250000,2026-09-04 13:25:00,2026-09-04 13:34:00,2026-09-04 14:14:00,166,2026-08-24 10:30:00,2026-09-04 14:14:00
48,LNR-20260807-00048,91,19,COMPLETED,SYSTEM,Lê Khánh Nga,customer91@lunara-spa.demo,0910003735,2026-08-07 15:30:00,2026-08-07 16:30:00,Da hơi nhạy cảm,60,420000,2026-08-07 15:18:00,2026-08-07 15:34:00,2026-08-07 16:25:00,91,2026-08-03 14:30:00,2026-08-07 16:25:00
49,LNR-20260617-00049,46,16,COMPLETED,SYSTEM,Bùi Hồng Nhung,customer46@lunara-spa.demo,0910003690,2026-06-17 13:30:00,2026-06-17 14:30:00,Xin gọi trước 15 phút,60,520000,2026-06-17 13:21:00,2026-06-17 13:31:00,2026-06-17 14:28:00,46,2026-06-04 10:30:00,2026-06-17 14:28:00
50,LNR-20260707-00050,103,13,COMPLETED,CUSTOMER,Phạm Gia Quỳnh,customer103@lunara-spa.demo,0910003747,2026-07-07 09:00:00,2026-07-07 11:00:00,Da hơi nhạy cảm,120,870000,2026-07-07 08:51:00,2026-07-07 09:02:00,2026-07-07 10:55:00,103,2026-06-19 09:00:00,2026-07-07 10:55:00
51,LNR-20260812-00051,31,21,COMPLETED,CUSTOMER,Nguyễn Ngọc Huy,customer31@lunara-spa.demo,0910003675,2026-08-12 09:00:00,2026-08-12 11:00:00,\N,120,590000,2026-08-12 08:49:00,2026-08-12 09:01:00,2026-08-12 10:57:00,31,2026-08-01 05:00:00,2026-08-12 10:57:00
52,LNR-20260605-00052,113,13,COMPLETED,CUSTOMER,Bùi Hồng Uyên,customer113@lunara-spa.demo,0910003757,2026-06-05 09:00:00,2026-06-05 10:00:00,Da hơi nhạy cảm,60,520000,2026-06-05 08:54:00,2026-06-05 09:00:00,2026-06-05 09:57:00,113,2026-05-23 03:00:00,2026-06-05 09:57:00
53,LNR-20260716-00053,107,11,COMPLETED,CUSTOMER,Võ Đức Huy,customer107@lunara-spa.demo,0910003751,2026-07-16 13:30:00,2026-07-16 14:30:00,\N,60,420000,2026-07-16 13:22:00,2026-07-16 13:34:00,2026-07-16 14:26:00,107,2026-07-13 07:30:00,2026-07-16 14:26:00
54,LNR-20260727-00054,161,17,COMPLETED,CUSTOMER,Trần Ngọc Khánh,customer161@lunara-spa.demo,0910003805,2026-07-27 11:00:00,2026-07-27 12:30:00,\N,90,650000,2026-07-27 10:53:00,2026-07-27 11:01:00,2026-07-27 12:30:00,161,2026-07-26 10:00:00,2026-07-27 12:30:00
55,LNR-20260822-00055,78,14,COMPLETED,SYSTEM,Đỗ Thị Mai,customer78@lunara-spa.demo,0910003722,2026-08-22 11:00:00,2026-08-22 12:30:00,\N,90,670000,2026-08-22 10:54:00,2026-08-22 11:03:00,2026-08-22 12:28:00,78,2026-08-11 10:00:00,2026-08-22 12:28:00
56,LNR-20260708-00056,63,12,COMPLETED,ADMIN,Phạm Thanh Linh,customer63@lunara-spa.demo,0910003707,2026-07-08 13:30:00,2026-07-08 15:15:00,Ưu tiên phòng yên tĩnh,105,700000,2026-07-08 13:21:00,2026-07-08 13:34:00,2026-07-08 15:14:00,6,2026-06-29 13:30:00,2026-07-08 15:14:00
57,LNR-20260801-00057,122,13,COMPLETED,CUSTOMER,Vũ Hồng Trâm,customer122@lunara-spa.demo,0910003766,2026-08-01 11:00:00,2026-08-01 12:00:00,\N,60,520000,2026-08-01 10:53:00,2026-08-01 11:02:00,2026-08-01 11:58:00,122,2026-07-27 07:00:00,2026-08-01 11:58:00
58,LNR-20260725-00058,152,17,COMPLETED,ADMIN,Vũ Khánh Ngân,customer152@lunara-spa.demo,0910003796,2026-07-25 09:00:00,2026-07-25 10:15:00,\N,75,480000,2026-07-25 08:52:00,2026-07-25 09:01:00,2026-07-25 10:12:00,7,2026-07-18 07:00:00,2026-07-25 10:12:00
59,LNR-20260718-00059,86,19,COMPLETED,CUSTOMER,Phan Thị Huy,customer86@lunara-spa.demo,0910003730,2026-07-18 11:00:00,2026-07-18 12:30:00,Da hơi nhạy cảm,90,650000,2026-07-18 10:49:00,2026-07-18 11:04:00,2026-07-18 12:27:00,86,2026-07-10 08:00:00,2026-07-18 12:27:00
60,LNR-20260709-00060,51,16,COMPLETED,SYSTEM,Nguyễn Khánh Khánh,customer51@lunara-spa.demo,0910003695,2026-07-09 11:00:00,2026-07-09 12:00:00,\N,60,520000,2026-07-09 10:53:00,2026-07-09 11:05:00,2026-07-09 11:56:00,51,2026-06-28 08:00:00,2026-07-09 11:56:00
61,LNR-20260704-00061,153,18,COMPLETED,SYSTEM,Nguyễn Hoài Vy,customer153@lunara-spa.demo,0910003797,2026-07-04 11:00:00,2026-07-04 12:30:00,\N,90,470000,2026-07-04 10:57:00,2026-07-04 11:02:00,2026-07-04 12:26:00,153,2026-07-02 09:00:00,2026-07-04 12:26:00
62,LNR-20260619-00062,52,18,COMPLETED,SYSTEM,Đặng Đức Khánh,customer52@lunara-spa.demo,0910003696,2026-06-19 15:30:00,2026-06-19 16:30:00,Ưu tiên phòng yên tĩnh,60,520000,2026-06-19 15:25:00,2026-06-19 15:31:00,2026-06-19 16:29:00,52,2026-06-09 13:30:00,2026-06-19 16:29:00
63,LNR-20260619-00063,47,14,COMPLETED,CUSTOMER,Vũ Hoài Hoàng,customer47@lunara-spa.demo,0910003691,2026-06-19 11:00:00,2026-06-19 13:00:00,Ưu tiên phòng yên tĩnh,120,870000,2026-06-19 10:50:00,2026-06-19 11:01:00,2026-06-19 13:00:00,47,2026-06-11 05:00:00,2026-06-19 13:00:00
64,LNR-20260606-00064,173,19,COMPLETED,CUSTOMER,Đỗ Gia Khánh,customer173@lunara-spa.demo,0910003817,2026-06-06 11:00:00,2026-06-06 11:45:00,Xin gọi trước 15 phút,45,280000,2026-06-06 10:49:00,2026-06-06 11:03:00,2026-06-06 11:41:00,173,2026-05-28 07:00:00,2026-06-06 11:41:00
65,LNR-20260815-00065,110,18,COMPLETED,CUSTOMER,Phạm Quang Ngọc,customer110@lunara-spa.demo,0910003754,2026-08-15 11:00:00,2026-08-15 12:00:00,Ưu tiên phòng yên tĩnh,60,420000,2026-08-15 10:57:00,2026-08-15 11:01:00,2026-08-15 11:55:00,110,2026-08-07 07:00:00,2026-08-15 11:55:00
66,LNR-20260729-00066,127,17,COMPLETED,CUSTOMER,Bùi Quang Trâm,customer127@lunara-spa.demo,0910003771,2026-07-29 11:00:00,2026-07-29 12:00:00,Ưu tiên phòng yên tĩnh,60,420000,2026-07-29 10:54:00,2026-07-29 11:00:00,2026-07-29 11:55:00,127,2026-07-12 09:00:00,2026-07-29 11:55:00
67,LNR-20260707-00067,38,13,COMPLETED,SYSTEM,Đỗ Thanh Bình,customer38@lunara-spa.demo,0910003682,2026-07-07 15:30:00,2026-07-07 16:30:00,Xin gọi trước 15 phút,60,520000,2026-07-07 15:24:00,2026-07-07 15:30:00,2026-07-07 16:26:00,38,2026-06-28 15:30:00,2026-07-07 16:26:00
68,LNR-20260812-00068,135,12,COMPLETED,SYSTEM,Trần Khánh Nam,customer135@lunara-spa.demo,0910003779,2026-08-12 15:30:00,2026-08-12 17:30:00,Ưu tiên phòng yên tĩnh,120,920000,2026-08-12 15:22:00,2026-08-12 15:34:00,2026-08-12 17:30:00,135,2026-07-28 15:30:00,2026-08-12 17:30:00
69,LNR-20260713-00069,89,17,COMPLETED,SYSTEM,Phan Văn Bình,customer89@lunara-spa.demo,0910003733,2026-07-13 15:30:00,2026-07-13 17:00:00,\N,90,650000,2026-07-13 15:23:00,2026-07-13 15:35:00,2026-07-13 16:55:00,89,2026-07-10 15:30:00,2026-07-13 16:55:00
70,LNR-20260605-00070,142,12,COMPLETED,CUSTOMER,Nguyễn Thị Yến,customer142@lunara-spa.demo,0910003786,2026-06-05 09:00:00,2026-06-05 10:30:00,Ưu tiên phòng yên tĩnh,90,470000,2026-06-05 08:56:00,2026-06-05 09:05:00,2026-06-05 10:28:00,142,2026-05-30 03:00:00,2026-06-05 10:28:00
71,LNR-20260709-00071,71,11,COMPLETED,ADMIN,Phạm Đức Hà,customer71@lunara-spa.demo,0910003715,2026-07-09 13:30:00,2026-07-09 14:45:00,\N,75,580000,2026-07-09 13:23:00,2026-07-09 13:34:00,2026-07-09 14:41:00,5,2026-06-29 09:30:00,2026-07-09 14:41:00
72,LNR-20260701-00072,167,19,COMPLETED,ADMIN,Lê Hoài Quỳnh,customer167@lunara-spa.demo,0910003811,2026-07-01 09:00:00,2026-07-01 10:30:00,\N,90,670000,2026-07-01 08:50:00,2026-07-01 09:05:00,2026-07-01 10:28:00,6,2026-06-20 03:00:00,2026-07-01 10:28:00
73,LNR-20260819-00073,129,12,COMPLETED,SYSTEM,Huỳnh Văn Trâm,customer129@lunara-spa.demo,0910003773,2026-08-19 09:00:00,2026-08-19 10:00:00,Ưu tiên phòng yên tĩnh,60,350000,2026-08-19 08:52:00,2026-08-19 09:00:00,2026-08-19 10:00:00,129,2026-08-18 04:00:00,2026-08-19 10:00:00
74,LNR-20260612-00074,147,22,COMPLETED,CUSTOMER,Bùi Hoài Vy,customer147@lunara-spa.demo,0910003791,2026-06-12 15:30:00,2026-06-12 16:30:00,Ưu tiên phòng yên tĩnh,60,350000,2026-06-12 15:19:00,2026-06-12 15:35:00,2026-06-12 16:30:00,147,2026-06-03 12:30:00,2026-06-12 16:30:00
75,LNR-20260619-00075,34,16,COMPLETED,CUSTOMER,Võ Thị Nhung,customer34@lunara-spa.demo,0910003678,2026-06-19 13:30:00,2026-06-19 14:30:00,\N,60,330000,2026-06-19 13:24:00,2026-06-19 13:33:00,2026-06-19 14:27:00,34,2026-06-03 11:30:00,2026-06-19 14:27:00
76,LNR-20260908-00076,68,24,COMPLETED,SYSTEM,Phan Gia Huy,customer68@lunara-spa.demo,0910003712,2026-09-08 15:30:00,2026-09-08 16:30:00,Ưu tiên phòng yên tĩnh,60,330000,2026-09-08 15:21:00,2026-09-08 15:33:00,2026-09-08 16:29:00,68,2026-08-21 13:30:00,2026-09-08 16:29:00
77,LNR-20260613-00077,31,13,COMPLETED,CUSTOMER,Nguyễn Ngọc Huy,customer31@lunara-spa.demo,0910003675,2026-06-13 13:30:00,2026-06-13 15:30:00,Da hơi nhạy cảm,120,810000,2026-06-13 13:27:00,2026-06-13 13:30:00,2026-06-13 15:28:00,31,2026-06-12 13:30:00,2026-06-13 15:28:00
78,LNR-20260901-00078,96,14,COMPLETED,CUSTOMER,Võ Hoài Hà,customer96@lunara-spa.demo,0910003740,2026-09-01 09:00:00,2026-09-01 10:00:00,Da hơi nhạy cảm,60,520000,2026-09-01 08:50:00,2026-09-01 09:04:00,2026-09-01 09:56:00,96,2026-08-27 07:00:00,2026-09-01 09:56:00
79,LNR-20260714-00079,149,22,COMPLETED,CUSTOMER,Phạm Gia Bình,customer149@lunara-spa.demo,0910003793,2026-07-14 09:00:00,2026-07-14 10:15:00,\N,75,580000,2026-07-14 08:54:00,2026-07-14 09:03:00,2026-07-14 10:13:00,149,2026-07-05 06:00:00,2026-07-14 10:13:00
80,LNR-20260826-00080,161,18,COMPLETED,SYSTEM,Trần Ngọc Khánh,customer161@lunara-spa.demo,0910003805,2026-08-26 09:00:00,2026-08-26 09:45:00,\N,45,250000,2026-08-26 08:49:00,2026-08-26 09:02:00,2026-08-26 09:44:00,161,2026-08-08 06:00:00,2026-08-26 09:44:00
81,LNR-20260717-00081,62,18,COMPLETED,CUSTOMER,Đỗ Gia Mai,customer62@lunara-spa.demo,0910003706,2026-07-17 13:30:00,2026-07-17 14:30:00,\N,60,420000,2026-07-17 13:20:00,2026-07-17 13:32:00,2026-07-17 14:27:00,62,2026-07-15 13:30:00,2026-07-17 14:27:00
82,LNR-20260604-00082,43,24,COMPLETED,ADMIN,Vũ Minh Vy,customer43@lunara-spa.demo,0910003687,2026-06-04 13:30:00,2026-06-04 14:30:00,Xin gọi trước 15 phút,60,420000,2026-06-04 13:21:00,2026-06-04 13:32:00,2026-06-04 14:29:00,6,2026-05-31 12:30:00,2026-06-04 14:29:00
83,LNR-20260806-00083,142,15,COMPLETED,ADMIN,Nguyễn Thị Yến,customer142@lunara-spa.demo,0910003786,2026-08-06 09:00:00,2026-08-06 10:30:00,\N,90,850000,2026-08-06 08:56:00,2026-08-06 09:03:00,2026-08-06 10:29:00,6,2026-07-22 04:00:00,2026-08-06 10:29:00
84,LNR-20260623-00084,117,15,COMPLETED,CUSTOMER,Đặng Văn Sơn,customer117@lunara-spa.demo,0910003761,2026-06-23 13:30:00,2026-06-23 14:30:00,\N,60,330000,2026-06-23 13:22:00,2026-06-23 13:32:00,2026-06-23 14:28:00,117,2026-06-20 09:30:00,2026-06-23 14:28:00
85,LNR-20260622-00085,151,13,COMPLETED,ADMIN,Bùi Gia Trâm,customer151@lunara-spa.demo,0910003795,2026-06-22 15:30:00,2026-06-22 16:45:00,\N,75,580000,2026-06-22 15:18:00,2026-06-22 15:34:00,2026-06-22 16:43:00,3,2026-06-18 11:30:00,2026-06-22 16:43:00
86,LNR-20260819-00086,46,15,COMPLETED,SYSTEM,Bùi Hồng Nhung,customer46@lunara-spa.demo,0910003690,2026-08-19 11:00:00,2026-08-19 12:00:00,\N,60,520000,2026-08-19 10:50:00,2026-08-19 11:05:00,2026-08-19 11:59:00,46,2026-08-09 06:00:00,2026-08-19 11:59:00
87,LNR-20260831-00087,48,24,COMPLETED,CUSTOMER,Bùi Thị Ngọc,customer48@lunara-spa.demo,0910003692,2026-08-31 15:30:00,2026-08-31 16:30:00,Ưu tiên phòng yên tĩnh,60,520000,2026-08-31 15:19:00,2026-08-31 15:31:00,2026-08-31 16:26:00,48,2026-08-23 12:30:00,2026-08-31 16:26:00
88,LNR-20260610-00088,141,13,COMPLETED,ADMIN,Đặng Gia Dũng,customer141@lunara-spa.demo,0910003785,2026-06-10 13:30:00,2026-06-10 14:45:00,Da hơi nhạy cảm,75,580000,2026-06-10 13:27:00,2026-06-10 13:31:00,2026-06-10 14:42:00,8,2026-05-31 12:30:00,2026-06-10 14:42:00
89,LNR-20260905-00089,118,13,COMPLETED,ADMIN,Phạm Đức Lan,customer118@lunara-spa.demo,0910003762,2026-09-05 11:00:00,2026-09-05 12:30:00,Xin gọi trước 15 phút,90,650000,2026-09-05 10:50:00,2026-09-05 11:00:00,2026-09-05 12:26:00,2,2026-08-26 08:00:00,2026-09-05 12:26:00
90,LNR-20260622-00090,96,10,COMPLETED,SYSTEM,Võ Hoài Hà,customer96@lunara-spa.demo,0910003740,2026-06-22 11:00:00,2026-06-22 12:00:00,\N,60,420000,2026-06-22 10:51:00,2026-06-22 11:01:00,2026-06-22 11:59:00,96,2026-06-14 07:00:00,2026-06-22 11:59:00
91,LNR-20260624-00091,37,23,COMPLETED,CUSTOMER,Bùi Đức Tuấn,customer37@lunara-spa.demo,0910003681,2026-06-24 15:30:00,2026-06-24 17:00:00,Ưu tiên phòng yên tĩnh,90,670000,2026-06-24 15:27:00,2026-06-24 15:33:00,2026-06-24 16:59:00,37,2026-06-11 14:30:00,2026-06-24 16:59:00
92,LNR-20260717-00092,32,10,COMPLETED,CUSTOMER,Huỳnh Văn Quỳnh,customer32@lunara-spa.demo,0910003676,2026-07-17 09:00:00,2026-07-17 10:00:00,\N,60,330000,2026-07-17 08:53:00,2026-07-17 09:00:00,2026-07-17 09:55:00,32,2026-07-12 07:00:00,2026-07-17 09:55:00
93,LNR-20260715-00093,62,18,COMPLETED,SYSTEM,Đỗ Gia Mai,customer62@lunara-spa.demo,0910003706,2026-07-15 15:30:00,2026-07-15 16:45:00,Da hơi nhạy cảm,75,410000,2026-07-15 15:23:00,2026-07-15 15:32:00,2026-07-15 16:43:00,62,2026-07-11 11:30:00,2026-07-15 16:43:00
94,LNR-20260729-00094,93,13,COMPLETED,SYSTEM,Trần Thanh Nhung,customer93@lunara-spa.demo,0910003737,2026-07-29 15:30:00,2026-07-29 16:30:00,Da hơi nhạy cảm,60,350000,2026-07-29 15:21:00,2026-07-29 15:31:00,2026-07-29 16:25:00,93,2026-07-20 11:30:00,2026-07-29 16:25:00
95,LNR-20260606-00095,37,17,COMPLETED,SYSTEM,Bùi Đức Tuấn,customer37@lunara-spa.demo,0910003681,2026-06-06 15:30:00,2026-06-06 16:30:00,Ưu tiên phòng yên tĩnh,60,420000,2026-06-06 15:26:00,2026-06-06 15:31:00,2026-06-06 16:28:00,37,2026-05-29 12:30:00,2026-06-06 16:28:00
96,LNR-20260630-00096,146,20,COMPLETED,ADMIN,Vũ Hoài Hiền,customer146@lunara-spa.demo,0910003790,2026-06-30 13:30:00,2026-06-30 15:00:00,Xin gọi trước 15 phút,90,720000,2026-06-30 13:26:00,2026-06-30 13:35:00,2026-06-30 14:55:00,6,2026-06-18 07:30:00,2026-06-30 14:55:00
97,LNR-20260907-00097,160,20,COMPLETED,SYSTEM,Võ Hoài Sơn,customer160@lunara-spa.demo,0910003804,2026-09-07 15:30:00,2026-09-07 16:30:00,\N,60,350000,2026-09-07 15:27:00,2026-09-07 15:32:00,2026-09-07 16:26:00,160,2026-08-27 09:30:00,2026-09-07 16:26:00
98,LNR-20260703-00098,139,16,COMPLETED,SYSTEM,Bùi Hồng Ngọc,customer139@lunara-spa.demo,0910003783,2026-07-03 09:00:00,2026-07-03 10:30:00,Ưu tiên phòng yên tĩnh,90,670000,2026-07-03 08:57:00,2026-07-03 09:01:00,2026-07-03 10:27:00,139,2026-06-18 06:00:00,2026-07-03 10:27:00
99,LNR-20260814-00099,99,17,COMPLETED,ADMIN,Lê Hồng Quân,customer99@lunara-spa.demo,0910003743,2026-08-14 15:30:00,2026-08-14 17:00:00,Da hơi nhạy cảm,90,850000,2026-08-14 15:20:00,2026-08-14 15:31:00,2026-08-14 16:57:00,9,2026-08-11 09:30:00,2026-08-14 16:57:00
100,LNR-20260817-00100,91,17,COMPLETED,SYSTEM,Lê Khánh Nga,customer91@lunara-spa.demo,0910003735,2026-08-17 15:30:00,2026-08-17 17:30:00,Xin gọi trước 15 phút,120,810000,2026-08-17 15:27:00,2026-08-17 15:32:00,2026-08-17 17:29:00,91,2026-08-08 13:30:00,2026-08-17 17:29:00
101,LNR-20260731-00101,155,10,COMPLETED,SYSTEM,Hoàng Đức Vy,customer155@lunara-spa.demo,0910003799,2026-07-31 13:30:00,2026-07-31 14:30:00,Xin gọi trước 15 phút,60,520000,2026-07-31 13:23:00,2026-07-31 13:34:00,2026-07-31 14:25:00,155,2026-07-15 13:30:00,2026-07-31 14:25:00
102,LNR-20260730-00102,138,12,COMPLETED,CUSTOMER,Bùi Hoài Hạnh,customer138@lunara-spa.demo,0910003782,2026-07-30 13:30:00,2026-07-30 15:30:00,\N,120,730000,2026-07-30 13:25:00,2026-07-30 13:34:00,2026-07-30 15:28:00,138,2026-07-19 13:30:00,2026-07-30 15:28:00
103,LNR-20260615-00103,138,21,COMPLETED,ADMIN,Bùi Hoài Hạnh,customer138@lunara-spa.demo,0910003782,2026-06-15 09:00:00,2026-06-15 09:45:00,Da hơi nhạy cảm,45,280000,2026-06-15 08:56:00,2026-06-15 09:00:00,2026-06-15 09:44:00,4,2026-05-29 04:00:00,2026-06-15 09:44:00
104,LNR-20260911-00104,50,10,COMPLETED,SYSTEM,Trần Hồng Vy,customer50@lunara-spa.demo,0910003694,2026-09-11 13:30:00,2026-09-11 15:00:00,\N,90,720000,2026-09-11 13:19:00,2026-09-11 13:33:00,2026-09-11 15:00:00,50,2026-09-06 10:30:00,2026-09-11 15:00:00
105,LNR-20260717-00105,103,10,COMPLETED,ADMIN,Phạm Gia Quỳnh,customer103@lunara-spa.demo,0910003747,2026-07-17 15:30:00,2026-07-17 16:30:00,\N,60,420000,2026-07-17 15:23:00,2026-07-17 15:33:00,2026-07-17 16:28:00,3,2026-07-05 10:30:00,2026-07-17 16:28:00
106,LNR-20260618-00106,65,12,COMPLETED,SYSTEM,Đặng Thanh Mai,customer65@lunara-spa.demo,0910003709,2026-06-18 11:00:00,2026-06-18 12:00:00,\N,60,520000,2026-06-18 10:57:00,2026-06-18 11:05:00,2026-06-18 11:58:00,65,2026-06-15 08:00:00,2026-06-18 11:58:00
107,LNR-20260828-00107,57,22,COMPLETED,SYSTEM,Trần Khánh Nam,customer57@lunara-spa.demo,0910003701,2026-08-28 11:00:00,2026-08-28 12:15:00,\N,75,480000,2026-08-28 10:49:00,2026-08-28 11:05:00,2026-08-28 12:15:00,57,2026-08-14 10:00:00,2026-08-28 12:15:00
108,LNR-20260624-00108,136,20,COMPLETED,ADMIN,Bùi Đức Ngân,customer136@lunara-spa.demo,0910003780,2026-06-24 13:30:00,2026-06-24 14:15:00,\N,45,280000,2026-06-24 13:26:00,2026-06-24 13:30:00,2026-06-24 14:10:00,9,2026-06-14 11:30:00,2026-06-24 14:10:00
109,LNR-20260627-00109,158,18,COMPLETED,ADMIN,Phan Thị Ngọc,customer158@lunara-spa.demo,0910003802,2026-06-27 09:00:00,2026-06-27 11:00:00,Da hơi nhạy cảm,120,750000,2026-06-27 08:57:00,2026-06-27 09:04:00,2026-06-27 11:00:00,2,2026-06-20 05:00:00,2026-06-27 11:00:00
110,LNR-20260801-00110,31,16,COMPLETED,SYSTEM,Nguyễn Ngọc Huy,customer31@lunara-spa.demo,0910003675,2026-08-01 09:00:00,2026-08-01 10:15:00,Xin gọi trước 15 phút,75,480000,2026-08-01 08:50:00,2026-08-01 09:00:00,2026-08-01 10:11:00,31,2026-07-19 04:00:00,2026-08-01 10:11:00
111,LNR-20260715-00111,138,15,COMPLETED,ADMIN,Bùi Hoài Hạnh,customer138@lunara-spa.demo,0910003782,2026-07-15 15:30:00,2026-07-15 16:30:00,\N,60,520000,2026-07-15 15:25:00,2026-07-15 15:34:00,2026-07-15 16:26:00,5,2026-07-11 12:30:00,2026-07-15 16:26:00
112,LNR-20260828-00112,66,16,COMPLETED,SYSTEM,Vũ Ngọc Quân,customer66@lunara-spa.demo,0910003710,2026-08-28 11:00:00,2026-08-28 11:45:00,Da hơi nhạy cảm,45,250000,2026-08-28 10:52:00,2026-08-28 11:03:00,2026-08-28 11:45:00,66,2026-08-11 11:00:00,2026-08-28 11:45:00
113,LNR-20260720-00113,144,21,COMPLETED,CUSTOMER,Đỗ Ngọc Hạnh,customer144@lunara-spa.demo,0910003788,2026-07-20 15:30:00,2026-07-20 16:30:00,\N,60,520000,2026-07-20 15:26:00,2026-07-20 15:35:00,2026-07-20 16:25:00,144,2026-07-17 11:30:00,2026-07-20 16:25:00
114,LNR-20260904-00114,127,24,COMPLETED,SYSTEM,Bùi Quang Trâm,customer127@lunara-spa.demo,0910003771,2026-09-04 13:30:00,2026-09-04 15:30:00,\N,120,820000,2026-09-04 13:24:00,2026-09-04 13:34:00,2026-09-04 15:27:00,127,2026-08-24 11:30:00,2026-09-04 15:27:00
115,LNR-20260821-00115,79,24,COMPLETED,ADMIN,Huỳnh Văn Giang,customer79@lunara-spa.demo,0910003723,2026-08-21 09:00:00,2026-08-21 09:45:00,Da hơi nhạy cảm,45,280000,2026-08-21 08:50:00,2026-08-21 09:00:00,2026-08-21 09:44:00,3,2026-08-09 09:00:00,2026-08-21 09:44:00
116,LNR-20260908-00116,173,22,COMPLETED,ADMIN,Đỗ Gia Khánh,customer173@lunara-spa.demo,0910003817,2026-09-08 09:00:00,2026-09-08 10:00:00,\N,60,350000,2026-09-08 08:55:00,2026-09-08 09:05:00,2026-09-08 09:57:00,7,2026-08-24 06:00:00,2026-09-08 09:57:00
117,LNR-20260713-00117,141,10,COMPLETED,ADMIN,Đặng Gia Dũng,customer141@lunara-spa.demo,0910003785,2026-07-13 11:00:00,2026-07-13 12:00:00,\N,60,390000,2026-07-13 10:51:00,2026-07-13 11:03:00,2026-07-13 12:00:00,9,2026-07-09 10:00:00,2026-07-13 12:00:00
118,LNR-20260902-00118,158,13,COMPLETED,SYSTEM,Phan Thị Ngọc,customer158@lunara-spa.demo,0910003802,2026-09-02 15:30:00,2026-09-02 16:30:00,\N,60,420000,2026-09-02 15:23:00,2026-09-02 15:35:00,2026-09-02 16:27:00,158,2026-08-23 11:30:00,2026-09-02 16:27:00
119,LNR-20260812-00119,118,24,COMPLETED,ADMIN,Phạm Đức Lan,customer118@lunara-spa.demo,0910003762,2026-08-12 13:30:00,2026-08-12 14:45:00,\N,75,580000,2026-08-12 13:23:00,2026-08-12 13:32:00,2026-08-12 14:43:00,7,2026-07-30 08:30:00,2026-08-12 14:43:00
120,LNR-20260627-00120,171,15,COMPLETED,ADMIN,Huỳnh Văn Minh,customer171@lunara-spa.demo,0910003815,2026-06-27 15:30:00,2026-06-27 16:45:00,Xin gọi trước 15 phút,75,580000,2026-06-27 15:23:00,2026-06-27 15:31:00,2026-06-27 16:45:00,2,2026-06-26 13:30:00,2026-06-27 16:45:00
121,LNR-20260901-00121,135,24,COMPLETED,SYSTEM,Trần Khánh Nam,customer135@lunara-spa.demo,0910003779,2026-09-01 15:30:00,2026-09-01 16:45:00,Da hơi nhạy cảm,75,410000,2026-09-01 15:22:00,2026-09-01 15:32:00,2026-09-01 16:43:00,135,2026-08-17 12:30:00,2026-09-01 16:43:00
122,LNR-20260709-00122,135,18,COMPLETED,ADMIN,Trần Khánh Nam,customer135@lunara-spa.demo,0910003779,2026-07-09 13:30:00,2026-07-09 14:30:00,Da hơi nhạy cảm,60,520000,2026-07-09 13:21:00,2026-07-09 13:32:00,2026-07-09 14:30:00,6,2026-07-06 07:30:00,2026-07-09 14:30:00
123,LNR-20260811-00123,149,20,COMPLETED,CUSTOMER,Phạm Gia Bình,customer149@lunara-spa.demo,0910003793,2026-08-11 09:00:00,2026-08-11 11:00:00,\N,120,810000,2026-08-11 08:55:00,2026-08-11 09:05:00,2026-08-11 10:58:00,149,2026-08-06 09:00:00,2026-08-11 10:58:00
124,LNR-20260604-00124,54,23,COMPLETED,CUSTOMER,Đặng Thanh Phương,customer54@lunara-spa.demo,0910003698,2026-06-04 15:30:00,2026-06-04 16:30:00,\N,60,350000,2026-06-04 15:26:00,2026-06-04 15:34:00,2026-06-04 16:30:00,54,2026-05-27 12:30:00,2026-06-04 16:30:00
125,LNR-20260707-00125,168,13,COMPLETED,SYSTEM,Phan Khánh Sơn,customer168@lunara-spa.demo,0910003812,2026-07-07 11:00:00,2026-07-07 12:30:00,Ưu tiên phòng yên tĩnh,90,650000,2026-07-07 10:49:00,2026-07-07 11:02:00,2026-07-07 12:30:00,168,2026-07-01 09:00:00,2026-07-07 12:30:00
126,LNR-20260912-00126,95,10,COMPLETED,SYSTEM,Hoàng Thị Nga,customer95@lunara-spa.demo,0910003739,2026-09-12 11:00:00,2026-09-12 11:45:00,\N,45,280000,2026-09-12 10:52:00,2026-09-12 11:03:00,2026-09-12 11:41:00,95,2026-09-09 07:00:00,2026-09-12 11:41:00
127,LNR-20260812-00127,116,14,COMPLETED,ADMIN,Hoàng Ngọc Quỳnh,customer116@lunara-spa.demo,0910003760,2026-08-12 09:00:00,2026-08-12 10:00:00,Ưu tiên phòng yên tĩnh,60,330000,2026-08-12 08:54:00,2026-08-12 09:03:00,2026-08-12 10:00:00,5,2026-07-28 04:00:00,2026-08-12 10:00:00
128,LNR-20260608-00128,82,17,COMPLETED,SYSTEM,Lê Gia Hoàng,customer82@lunara-spa.demo,0910003726,2026-06-08 11:00:00,2026-06-08 12:00:00,Da hơi nhạy cảm,60,420000,2026-06-08 10:53:00,2026-06-08 11:04:00,2026-06-08 11:59:00,82,2026-06-05 05:00:00,2026-06-08 11:59:00
129,LNR-20260907-00129,91,14,COMPLETED,ADMIN,Lê Khánh Nga,customer91@lunara-spa.demo,0910003735,2026-09-07 11:00:00,2026-09-07 13:00:00,Xin gọi trước 15 phút,120,940000,2026-09-07 10:53:00,2026-09-07 11:04:00,2026-09-07 12:57:00,9,2026-09-02 07:00:00,2026-09-07 12:57:00
130,LNR-20260731-00130,98,12,COMPLETED,SYSTEM,Bùi Văn Khánh,customer98@lunara-spa.demo,0910003742,2026-07-31 11:00:00,2026-07-31 12:00:00,Ưu tiên phòng yên tĩnh,60,450000,2026-07-31 10:50:00,2026-07-31 11:01:00,2026-07-31 11:59:00,98,2026-07-29 06:00:00,2026-07-31 11:59:00
131,LNR-20260813-00131,85,22,COMPLETED,CUSTOMER,Phan Văn Yến,customer85@lunara-spa.demo,0910003729,2026-08-13 13:30:00,2026-08-13 14:15:00,Da hơi nhạy cảm,45,250000,2026-08-13 13:21:00,2026-08-13 13:34:00,2026-08-13 14:10:00,85,2026-08-04 07:30:00,2026-08-13 14:10:00
132,LNR-20260911-00132,153,24,COMPLETED,CUSTOMER,Nguyễn Hoài Vy,customer153@lunara-spa.demo,0910003797,2026-09-11 09:00:00,2026-09-11 10:15:00,Xin gọi trước 15 phút,75,580000,2026-09-11 08:54:00,2026-09-11 09:01:00,2026-09-11 10:14:00,153,2026-08-31 05:00:00,2026-09-11 10:14:00
133,LNR-20260903-00133,31,16,COMPLETED,SYSTEM,Nguyễn Ngọc Huy,customer31@lunara-spa.demo,0910003675,2026-09-03 13:30:00,2026-09-03 14:30:00,Ưu tiên phòng yên tĩnh,60,420000,2026-09-03 13:18:00,2026-09-03 13:35:00,2026-09-03 14:25:00,31,2026-08-27 08:30:00,2026-09-03 14:25:00
134,LNR-20260624-00134,38,22,COMPLETED,CUSTOMER,Đỗ Thanh Bình,customer38@lunara-spa.demo,0910003682,2026-06-24 11:00:00,2026-06-24 12:00:00,\N,60,350000,2026-06-24 10:49:00,2026-06-24 11:05:00,2026-06-24 11:56:00,38,2026-06-15 05:00:00,2026-06-24 11:56:00
135,LNR-20260714-00135,81,11,COMPLETED,CUSTOMER,Phan Thu Vy,customer81@lunara-spa.demo,0910003725,2026-07-14 11:00:00,2026-07-14 12:00:00,Xin gọi trước 15 phút,60,330000,2026-07-14 10:57:00,2026-07-14 11:04:00,2026-07-14 11:55:00,81,2026-07-04 09:00:00,2026-07-14 11:55:00
136,LNR-20260714-00136,107,24,COMPLETED,CUSTOMER,Võ Đức Huy,customer107@lunara-spa.demo,0910003751,2026-07-14 11:00:00,2026-07-14 13:00:00,Da hơi nhạy cảm,120,940000,2026-07-14 10:51:00,2026-07-14 11:05:00,2026-07-14 12:55:00,107,2026-07-08 06:00:00,2026-07-14 12:55:00
137,LNR-20260601-00137,167,23,COMPLETED,ADMIN,Lê Hoài Quỳnh,customer167@lunara-spa.demo,0910003811,2026-06-01 15:30:00,2026-06-01 16:15:00,Ưu tiên phòng yên tĩnh,45,280000,2026-06-01 15:24:00,2026-06-01 15:30:00,2026-06-01 16:14:00,6,2026-05-30 09:30:00,2026-06-01 16:14:00
138,LNR-20260623-00138,56,11,COMPLETED,CUSTOMER,Bùi Minh Hiền,customer56@lunara-spa.demo,0910003700,2026-06-23 13:30:00,2026-06-23 14:30:00,\N,60,420000,2026-06-23 13:26:00,2026-06-23 13:33:00,2026-06-23 14:27:00,56,2026-06-10 09:30:00,2026-06-23 14:27:00
139,LNR-20260622-00139,99,17,COMPLETED,CUSTOMER,Lê Hồng Quân,customer99@lunara-spa.demo,0910003743,2026-06-22 09:00:00,2026-06-22 10:00:00,Da hơi nhạy cảm,60,520000,2026-06-22 08:52:00,2026-06-22 09:00:00,2026-06-22 10:00:00,99,2026-06-17 08:00:00,2026-06-22 10:00:00
140,LNR-20260803-00140,144,15,COMPLETED,CUSTOMER,Đỗ Ngọc Hạnh,customer144@lunara-spa.demo,0910003788,2026-08-03 13:30:00,2026-08-03 14:30:00,Xin gọi trước 15 phút,60,520000,2026-08-03 13:26:00,2026-08-03 13:31:00,2026-08-03 14:25:00,144,2026-07-22 09:30:00,2026-08-03 14:25:00
141,LNR-20260907-00141,156,11,COMPLETED,ADMIN,Trần Văn Quỳnh,customer156@lunara-spa.demo,0910003800,2026-09-07 11:00:00,2026-09-07 12:15:00,Xin gọi trước 15 phút,75,480000,2026-09-07 10:48:00,2026-09-07 11:05:00,2026-09-07 12:12:00,9,2026-08-28 07:00:00,2026-09-07 12:12:00
142,LNR-20260610-00142,37,22,COMPLETED,CUSTOMER,Bùi Đức Tuấn,customer37@lunara-spa.demo,0910003681,2026-06-10 09:00:00,2026-06-10 10:00:00,Xin gọi trước 15 phút,60,350000,2026-06-10 08:48:00,2026-06-10 09:05:00,2026-06-10 09:59:00,37,2026-06-04 05:00:00,2026-06-10 09:59:00
143,LNR-20260716-00143,82,21,COMPLETED,CUSTOMER,Lê Gia Hoàng,customer82@lunara-spa.demo,0910003726,2026-07-16 13:30:00,2026-07-16 14:15:00,Xin gọi trước 15 phút,45,250000,2026-07-16 13:24:00,2026-07-16 13:31:00,2026-07-16 14:13:00,82,2026-07-12 09:30:00,2026-07-16 14:13:00
144,LNR-20260701-00144,38,18,COMPLETED,SYSTEM,Đỗ Thanh Bình,customer38@lunara-spa.demo,0910003682,2026-07-01 11:00:00,2026-07-01 12:30:00,Da hơi nhạy cảm,90,720000,2026-07-01 10:55:00,2026-07-01 11:01:00,2026-07-01 12:27:00,38,2026-06-29 09:00:00,2026-07-01 12:27:00
145,LNR-20260801-00145,85,19,COMPLETED,ADMIN,Phan Văn Yến,customer85@lunara-spa.demo,0910003729,2026-08-01 13:30:00,2026-08-01 14:15:00,\N,45,250000,2026-08-01 13:22:00,2026-08-01 13:30:00,2026-08-01 14:12:00,3,2026-07-18 11:30:00,2026-08-01 14:12:00
146,LNR-20260904-00146,141,19,COMPLETED,SYSTEM,Đặng Gia Dũng,customer141@lunara-spa.demo,0910003785,2026-09-04 15:30:00,2026-09-04 17:15:00,\N,105,700000,2026-09-04 15:25:00,2026-09-04 15:32:00,2026-09-04 17:11:00,141,2026-08-20 12:30:00,2026-09-04 17:11:00
147,LNR-20260708-00147,45,24,COMPLETED,CUSTOMER,Lê Minh Chi,customer45@lunara-spa.demo,0910003689,2026-07-08 15:30:00,2026-07-08 16:30:00,Ưu tiên phòng yên tĩnh,60,350000,2026-07-08 15:21:00,2026-07-08 15:30:00,2026-07-08 16:28:00,45,2026-07-04 13:30:00,2026-07-08 16:28:00
148,LNR-20260824-00148,71,21,COMPLETED,SYSTEM,Phạm Đức Hà,customer71@lunara-spa.demo,0910003715,2026-08-24 11:00:00,2026-08-24 12:00:00,Ưu tiên phòng yên tĩnh,60,420000,2026-08-24 10:56:00,2026-08-24 11:05:00,2026-08-24 11:59:00,71,2026-08-16 08:00:00,2026-08-24 11:59:00
149,LNR-20260711-00149,122,23,COMPLETED,SYSTEM,Vũ Hồng Trâm,customer122@lunara-spa.demo,0910003766,2026-07-11 15:30:00,2026-07-11 16:30:00,Ưu tiên phòng yên tĩnh,60,420000,2026-07-11 15:21:00,2026-07-11 15:33:00,2026-07-11 16:26:00,122,2026-07-10 15:30:00,2026-07-11 16:26:00
150,LNR-20260706-00150,75,13,COMPLETED,ADMIN,Hoàng Hồng Tuấn,customer75@lunara-spa.demo,0910003719,2026-07-06 13:30:00,2026-07-06 14:30:00,Xin gọi trước 15 phút,60,520000,2026-07-06 13:18:00,2026-07-06 13:35:00,2026-07-06 14:30:00,8,2026-06-19 10:30:00,2026-07-06 14:30:00
151,LNR-20260602-00151,124,10,COMPLETED,CUSTOMER,Phạm Hoài Hiền,customer124@lunara-spa.demo,0910003768,2026-06-02 11:00:00,2026-06-02 12:30:00,\N,90,650000,2026-06-02 10:50:00,2026-06-02 11:04:00,2026-06-02 12:30:00,124,2026-05-28 09:00:00,2026-06-02 12:30:00
152,LNR-20260725-00152,159,24,COMPLETED,ADMIN,Hoàng Thu Huy,customer159@lunara-spa.demo,0910003803,2026-07-25 09:00:00,2026-07-25 11:00:00,Xin gọi trước 15 phút,120,820000,2026-07-25 08:49:00,2026-07-25 09:03:00,2026-07-25 10:58:00,7,2026-07-12 06:00:00,2026-07-25 10:58:00
153,LNR-20260810-00153,93,10,COMPLETED,CUSTOMER,Trần Thanh Nhung,customer93@lunara-spa.demo,0910003737,2026-08-10 15:30:00,2026-08-10 16:15:00,\N,45,280000,2026-08-10 15:20:00,2026-08-10 15:32:00,2026-08-10 16:11:00,93,2026-07-25 12:30:00,2026-08-10 16:11:00
154,LNR-20260707-00154,51,21,COMPLETED,SYSTEM,Nguyễn Khánh Khánh,customer51@lunara-spa.demo,0910003695,2026-07-07 09:00:00,2026-07-07 09:45:00,Da hơi nhạy cảm,45,250000,2026-07-07 08:54:00,2026-07-07 09:02:00,2026-07-07 09:41:00,51,2026-07-04 07:00:00,2026-07-07 09:41:00
155,LNR-20260725-00155,75,15,COMPLETED,SYSTEM,Hoàng Hồng Tuấn,customer75@lunara-spa.demo,0910003719,2026-07-25 15:30:00,2026-07-25 17:00:00,Ưu tiên phòng yên tĩnh,90,850000,2026-07-25 15:18:00,2026-07-25 15:30:00,2026-07-25 16:58:00,75,2026-07-10 11:30:00,2026-07-25 16:58:00
156,LNR-20260610-00156,66,17,COMPLETED,SYSTEM,Vũ Ngọc Quân,customer66@lunara-spa.demo,0910003710,2026-06-10 11:00:00,2026-06-10 12:15:00,\N,75,480000,2026-06-10 10:53:00,2026-06-10 11:01:00,2026-06-10 12:10:00,66,2026-05-30 11:00:00,2026-06-10 12:10:00
157,LNR-20260729-00157,147,21,COMPLETED,CUSTOMER,Bùi Hoài Vy,customer147@lunara-spa.demo,0910003791,2026-07-29 11:00:00,2026-07-29 12:30:00,\N,90,720000,2026-07-29 10:54:00,2026-07-29 11:04:00,2026-07-29 12:26:00,147,2026-07-22 10:00:00,2026-07-29 12:26:00
158,LNR-20260721-00158,170,20,COMPLETED,SYSTEM,Đỗ Thanh Hải,customer170@lunara-spa.demo,0910003814,2026-07-21 11:00:00,2026-07-21 12:00:00,\N,60,350000,2026-07-21 10:56:00,2026-07-21 11:05:00,2026-07-21 11:55:00,170,2026-07-18 10:00:00,2026-07-21 11:55:00
159,LNR-20260810-00159,42,22,COMPLETED,ADMIN,Lê Ngọc Nam,customer42@lunara-spa.demo,0910003686,2026-08-10 09:00:00,2026-08-10 10:00:00,Da hơi nhạy cảm,60,330000,2026-08-10 08:55:00,2026-08-10 09:01:00,2026-08-10 10:00:00,2,2026-08-04 04:00:00,2026-08-10 10:00:00
160,LNR-20260818-00160,75,20,COMPLETED,ADMIN,Hoàng Hồng Tuấn,customer75@lunara-spa.demo,0910003719,2026-08-18 13:30:00,2026-08-18 14:30:00,Ưu tiên phòng yên tĩnh,60,420000,2026-08-18 13:23:00,2026-08-18 13:34:00,2026-08-18 14:27:00,7,2026-08-05 12:30:00,2026-08-18 14:27:00
161,LNR-20260710-00161,151,14,COMPLETED,SYSTEM,Bùi Gia Trâm,customer151@lunara-spa.demo,0910003795,2026-07-10 13:30:00,2026-07-10 14:30:00,Xin gọi trước 15 phút,60,350000,2026-07-10 13:23:00,2026-07-10 13:35:00,2026-07-10 14:28:00,151,2026-06-30 10:30:00,2026-07-10 14:28:00
162,LNR-20260902-00162,77,10,COMPLETED,CUSTOMER,Huỳnh Hoài Khánh,customer77@lunara-spa.demo,0910003721,2026-09-02 09:00:00,2026-09-02 11:00:00,Da hơi nhạy cảm,120,820000,2026-09-02 08:57:00,2026-09-02 09:00:00,2026-09-02 11:00:00,77,2026-08-17 08:00:00,2026-09-02 11:00:00
163,LNR-20260721-00163,135,11,COMPLETED,ADMIN,Trần Khánh Nam,customer135@lunara-spa.demo,0910003779,2026-07-21 15:30:00,2026-07-21 16:45:00,Ưu tiên phòng yên tĩnh,75,480000,2026-07-21 15:23:00,2026-07-21 15:34:00,2026-07-21 16:42:00,9,2026-07-19 15:30:00,2026-07-21 16:42:00
164,LNR-20260819-00164,72,20,COMPLETED,ADMIN,Đặng Minh Mai,customer72@lunara-spa.demo,0910003716,2026-08-19 09:00:00,2026-08-19 10:30:00,Ưu tiên phòng yên tĩnh,90,630000,2026-08-19 08:49:00,2026-08-19 09:04:00,2026-08-19 10:27:00,8,2026-08-13 05:00:00,2026-08-19 10:27:00
165,LNR-20260824-00165,65,17,COMPLETED,ADMIN,Đặng Thanh Mai,customer65@lunara-spa.demo,0910003709,2026-08-24 09:00:00,2026-08-24 10:15:00,\N,75,410000,2026-08-24 08:53:00,2026-08-24 09:01:00,2026-08-24 10:11:00,6,2026-08-22 06:00:00,2026-08-24 10:11:00
166,LNR-20260908-00166,69,12,COMPLETED,SYSTEM,Lê Minh Vy,customer69@lunara-spa.demo,0910003713,2026-09-08 13:30:00,2026-09-08 15:00:00,\N,90,850000,2026-09-08 13:26:00,2026-09-08 13:30:00,2026-09-08 15:00:00,69,2026-08-26 08:30:00,2026-09-08 15:00:00
167,LNR-20260820-00167,119,18,COMPLETED,ADMIN,Bùi Quang Quân,customer119@lunara-spa.demo,0910003763,2026-08-20 11:00:00,2026-08-20 12:00:00,\N,60,350000,2026-08-20 10:52:00,2026-08-20 11:05:00,2026-08-20 11:59:00,6,2026-08-11 09:00:00,2026-08-20 11:59:00
168,LNR-20260729-00168,143,10,COMPLETED,SYSTEM,Vũ Hồng Nhung,customer143@lunara-spa.demo,0910003787,2026-07-29 15:30:00,2026-07-29 17:00:00,\N,90,470000,2026-07-29 15:21:00,2026-07-29 15:33:00,2026-07-29 16:57:00,143,2026-07-23 10:30:00,2026-07-29 16:57:00
169,LNR-20260617-00169,127,22,COMPLETED,SYSTEM,Bùi Quang Trâm,customer127@lunara-spa.demo,0910003771,2026-06-17 11:00:00,2026-06-17 12:00:00,\N,60,450000,2026-06-17 10:53:00,2026-06-17 11:01:00,2026-06-17 12:00:00,127,2026-06-05 10:00:00,2026-06-17 12:00:00
170,LNR-20260729-00170,51,14,COMPLETED,ADMIN,Nguyễn Khánh Khánh,customer51@lunara-spa.demo,0910003695,2026-07-29 15:30:00,2026-07-29 16:30:00,\N,60,420000,2026-07-29 15:27:00,2026-07-29 15:33:00,2026-07-29 16:29:00,7,2026-07-25 09:30:00,2026-07-29 16:29:00
171,LNR-20260730-00171,167,17,COMPLETED,CUSTOMER,Lê Hoài Quỳnh,customer167@lunara-spa.demo,0910003811,2026-07-30 13:30:00,2026-07-30 15:00:00,\N,90,720000,2026-07-30 13:23:00,2026-07-30 13:31:00,2026-07-30 14:58:00,167,2026-07-13 13:30:00,2026-07-30 14:58:00
172,LNR-20260820-00172,59,13,COMPLETED,CUSTOMER,Đặng Ngọc Quỳnh,customer59@lunara-spa.demo,0910003703,2026-08-20 13:30:00,2026-08-20 14:30:00,\N,60,420000,2026-08-20 13:19:00,2026-08-20 13:31:00,2026-08-20 14:26:00,59,2026-08-18 10:30:00,2026-08-20 14:26:00
173,LNR-20260812-00173,149,21,COMPLETED,SYSTEM,Phạm Gia Bình,customer149@lunara-spa.demo,0910003793,2026-08-12 13:30:00,2026-08-12 14:15:00,\N,45,250000,2026-08-12 13:23:00,2026-08-12 13:32:00,2026-08-12 14:11:00,149,2026-08-05 10:30:00,2026-08-12 14:11:00
174,LNR-20260912-00174,128,11,COMPLETED,CUSTOMER,Phạm Minh Khánh,customer128@lunara-spa.demo,0910003772,2026-09-12 13:30:00,2026-09-12 14:45:00,\N,75,580000,2026-09-12 13:23:00,2026-09-12 13:32:00,2026-09-12 14:40:00,128,2026-08-31 12:30:00,2026-09-12 14:40:00
175,LNR-20260828-00175,94,11,COMPLETED,ADMIN,Hoàng Ngọc Ngân,customer94@lunara-spa.demo,0910003738,2026-08-28 09:00:00,2026-08-28 10:15:00,Da hơi nhạy cảm,75,480000,2026-08-28 08:57:00,2026-08-28 09:03:00,2026-08-28 10:11:00,5,2026-08-10 04:00:00,2026-08-28 10:11:00
176,LNR-20260811-00176,130,17,COMPLETED,CUSTOMER,Phạm Gia Bình,customer130@lunara-spa.demo,0910003774,2026-08-11 11:00:00,2026-08-11 12:30:00,\N,90,720000,2026-08-11 10:51:00,2026-08-11 11:01:00,2026-08-11 12:29:00,130,2026-08-01 07:00:00,2026-08-11 12:29:00
177,LNR-20260804-00177,63,20,COMPLETED,ADMIN,Phạm Thanh Linh,customer63@lunara-spa.demo,0910003707,2026-08-04 09:00:00,2026-08-04 10:00:00,Ưu tiên phòng yên tĩnh,60,420000,2026-08-04 08:53:00,2026-08-04 09:03:00,2026-08-04 09:55:00,5,2026-07-27 04:00:00,2026-08-04 09:55:00
178,LNR-20260613-00178,69,23,COMPLETED,CUSTOMER,Lê Minh Vy,customer69@lunara-spa.demo,0910003713,2026-06-13 13:30:00,2026-06-13 14:15:00,Da hơi nhạy cảm,45,250000,2026-06-13 13:24:00,2026-06-13 13:34:00,2026-06-13 14:12:00,69,2026-06-08 09:30:00,2026-06-13 14:12:00
179,LNR-20260710-00179,99,16,COMPLETED,ADMIN,Lê Hồng Quân,customer99@lunara-spa.demo,0910003743,2026-07-10 15:30:00,2026-07-10 16:30:00,Xin gọi trước 15 phút,60,520000,2026-07-10 15:24:00,2026-07-10 15:34:00,2026-07-10 16:30:00,7,2026-07-09 10:30:00,2026-07-10 16:30:00
180,LNR-20260620-00180,65,17,COMPLETED,SYSTEM,Đặng Thanh Mai,customer65@lunara-spa.demo,0910003709,2026-06-20 15:30:00,2026-06-20 16:30:00,Da hơi nhạy cảm,60,520000,2026-06-20 15:18:00,2026-06-20 15:35:00,2026-06-20 16:28:00,65,2026-06-16 13:30:00,2026-06-20 16:28:00
181,LNR-20260625-00181,157,15,COMPLETED,ADMIN,Nguyễn Thu Minh,customer157@lunara-spa.demo,0910003801,2026-06-25 11:00:00,2026-06-25 11:45:00,\N,45,250000,2026-06-25 10:52:00,2026-06-25 11:03:00,2026-06-25 11:44:00,7,2026-06-11 06:00:00,2026-06-25 11:44:00
182,LNR-20260724-00182,166,17,COMPLETED,ADMIN,Đỗ Thị Trang,customer166@lunara-spa.demo,0910003810,2026-07-24 11:00:00,2026-07-24 12:30:00,Xin gọi trước 15 phút,90,720000,2026-07-24 10:54:00,2026-07-24 11:02:00,2026-07-24 12:28:00,8,2026-07-23 11:00:00,2026-07-24 12:28:00
183,LNR-20260909-00183,34,21,COMPLETED,ADMIN,Võ Thị Nhung,customer34@lunara-spa.demo,0910003678,2026-09-09 15:30:00,2026-09-09 16:45:00,\N,75,480000,2026-09-09 15:25:00,2026-09-09 15:33:00,2026-09-09 16:41:00,2,2026-08-25 14:30:00,2026-09-09 16:41:00
184,LNR-20260728-00184,66,15,COMPLETED,CUSTOMER,Vũ Ngọc Quân,customer66@lunara-spa.demo,0910003710,2026-07-28 13:30:00,2026-07-28 14:45:00,\N,75,480000,2026-07-28 13:19:00,2026-07-28 13:35:00,2026-07-28 14:45:00,66,2026-07-10 07:30:00,2026-07-28 14:45:00
185,LNR-20260814-00185,45,11,COMPLETED,SYSTEM,Lê Minh Chi,customer45@lunara-spa.demo,0910003689,2026-08-14 09:00:00,2026-08-14 09:45:00,Ưu tiên phòng yên tĩnh,45,250000,2026-08-14 08:51:00,2026-08-14 09:03:00,2026-08-14 09:40:00,45,2026-08-06 04:00:00,2026-08-14 09:40:00
186,LNR-20260620-00186,35,19,COMPLETED,SYSTEM,Nguyễn Thị Vy,customer35@lunara-spa.demo,0910003679,2026-06-20 15:30:00,2026-06-20 17:15:00,Xin gọi trước 15 phút,105,670000,2026-06-20 15:25:00,2026-06-20 15:35:00,2026-06-20 17:11:00,35,2026-06-15 12:30:00,2026-06-20 17:11:00
187,LNR-20260606-00187,92,14,COMPLETED,CUSTOMER,Hoàng Thu Yến,customer92@lunara-spa.demo,0910003736,2026-06-06 15:30:00,2026-06-06 16:30:00,Xin gọi trước 15 phút,60,520000,2026-06-06 15:18:00,2026-06-06 15:30:00,2026-06-06 16:26:00,92,2026-05-24 11:30:00,2026-06-06 16:26:00
188,LNR-20260810-00188,123,17,COMPLETED,SYSTEM,Huỳnh Đức Ngân,customer123@lunara-spa.demo,0910003767,2026-08-10 15:30:00,2026-08-10 16:30:00,Da hơi nhạy cảm,60,450000,2026-08-10 15:24:00,2026-08-10 15:35:00,2026-08-10 16:30:00,123,2026-08-05 13:30:00,2026-08-10 16:30:00
189,LNR-20260625-00189,46,19,COMPLETED,CUSTOMER,Bùi Hồng Nhung,customer46@lunara-spa.demo,0910003690,2026-06-25 11:00:00,2026-06-25 12:00:00,Da hơi nhạy cảm,60,420000,2026-06-25 10:50:00,2026-06-25 11:04:00,2026-06-25 11:56:00,46,2026-06-19 06:00:00,2026-06-25 11:56:00
190,LNR-20260706-00190,146,16,COMPLETED,CUSTOMER,Vũ Hoài Hiền,customer146@lunara-spa.demo,0910003790,2026-07-06 13:30:00,2026-07-06 14:30:00,Ưu tiên phòng yên tĩnh,60,520000,2026-07-06 13:19:00,2026-07-06 13:31:00,2026-07-06 14:25:00,146,2026-06-26 11:30:00,2026-07-06 14:25:00
191,LNR-20260730-00191,168,11,COMPLETED,ADMIN,Phan Khánh Sơn,customer168@lunara-spa.demo,0910003812,2026-07-30 09:00:00,2026-07-30 10:30:00,Da hơi nhạy cảm,90,850000,2026-07-30 08:50:00,2026-07-30 09:05:00,2026-07-30 10:28:00,4,2026-07-19 07:00:00,2026-07-30 10:28:00
192,LNR-20260729-00192,97,24,COMPLETED,CUSTOMER,Vũ Thu Bình,customer97@lunara-spa.demo,0910003741,2026-07-29 11:00:00,2026-07-29 12:30:00,Ưu tiên phòng yên tĩnh,90,670000,2026-07-29 10:48:00,2026-07-29 11:02:00,2026-07-29 12:27:00,97,2026-07-14 11:00:00,2026-07-29 12:27:00
193,LNR-20260914-00193,41,15,COMPLETED,CUSTOMER,Nguyễn Văn Dũng,customer41@lunara-spa.demo,0910003685,2026-09-14 13:30:00,2026-09-14 14:45:00,Ưu tiên phòng yên tĩnh,75,410000,2026-09-14 13:18:00,2026-09-14 13:33:00,2026-09-14 14:45:00,41,2026-08-27 11:30:00,2026-09-14 14:45:00
194,LNR-20260620-00194,38,17,COMPLETED,SYSTEM,Đỗ Thanh Bình,customer38@lunara-spa.demo,0910003682,2026-06-20 13:30:00,2026-06-20 14:30:00,\N,60,450000,2026-06-20 13:20:00,2026-06-20 13:30:00,2026-06-20 14:25:00,38,2026-06-10 12:30:00,2026-06-20 14:25:00
195,LNR-20260622-00195,173,17,COMPLETED,SYSTEM,Đỗ Gia Khánh,customer173@lunara-spa.demo,0910003817,2026-06-22 13:30:00,2026-06-22 15:00:00,\N,90,720000,2026-06-22 13:25:00,2026-06-22 13:31:00,2026-06-22 14:56:00,173,2026-06-05 12:30:00,2026-06-22 14:56:00
196,LNR-20260616-00196,54,11,COMPLETED,ADMIN,Đặng Thanh Phương,customer54@lunara-spa.demo,0910003698,2026-06-16 15:30:00,2026-06-16 16:30:00,Da hơi nhạy cảm,60,520000,2026-06-16 15:25:00,2026-06-16 15:30:00,2026-06-16 16:25:00,6,2026-06-12 12:30:00,2026-06-16 16:25:00
197,LNR-20260828-00197,82,16,COMPLETED,SYSTEM,Lê Gia Hoàng,customer82@lunara-spa.demo,0910003726,2026-08-28 13:30:00,2026-08-28 15:00:00,Ưu tiên phòng yên tĩnh,90,470000,2026-08-28 13:18:00,2026-08-28 13:34:00,2026-08-28 14:58:00,82,2026-08-16 08:30:00,2026-08-28 14:58:00
198,LNR-20260912-00198,44,19,COMPLETED,ADMIN,Phan Gia Ngọc,customer44@lunara-spa.demo,0910003688,2026-09-12 11:00:00,2026-09-12 12:30:00,\N,90,650000,2026-09-12 10:52:00,2026-09-12 11:03:00,2026-09-12 12:30:00,2,2026-08-30 11:00:00,2026-09-12 12:30:00
199,LNR-20260812-00199,81,10,COMPLETED,SYSTEM,Phan Thu Vy,customer81@lunara-spa.demo,0910003725,2026-08-12 15:30:00,2026-08-12 16:15:00,Ưu tiên phòng yên tĩnh,45,250000,2026-08-12 15:20:00,2026-08-12 15:30:00,2026-08-12 16:12:00,81,2026-08-09 10:30:00,2026-08-12 16:12:00
200,LNR-20260828-00200,92,13,COMPLETED,SYSTEM,Hoàng Thu Yến,customer92@lunara-spa.demo,0910003736,2026-08-28 11:00:00,2026-08-28 12:30:00,\N,90,470000,2026-08-28 10:50:00,2026-08-28 11:03:00,2026-08-28 12:27:00,92,2026-08-18 07:00:00,2026-08-28 12:27:00
201,LNR-20260811-00201,158,15,COMPLETED,SYSTEM,Phan Thị Ngọc,customer158@lunara-spa.demo,0910003802,2026-08-11 13:30:00,2026-08-11 14:30:00,Da hơi nhạy cảm,60,520000,2026-08-11 13:26:00,2026-08-11 13:30:00,2026-08-11 14:28:00,158,2026-07-24 12:30:00,2026-08-11 14:28:00
202,LNR-20260822-00202,135,12,COMPLETED,SYSTEM,Trần Khánh Nam,customer135@lunara-spa.demo,0910003779,2026-08-22 11:00:00,2026-08-22 12:30:00,Ưu tiên phòng yên tĩnh,90,470000,2026-08-22 10:55:00,2026-08-22 11:03:00,2026-08-22 12:29:00,135,2026-08-05 07:00:00,2026-08-22 12:29:00
203,LNR-20260728-00203,85,11,COMPLETED,ADMIN,Phan Văn Yến,customer85@lunara-spa.demo,0910003729,2026-07-28 09:00:00,2026-07-28 10:00:00,\N,60,520000,2026-07-28 08:51:00,2026-07-28 09:05:00,2026-07-28 09:56:00,7,2026-07-15 06:00:00,2026-07-28 09:56:00
204,LNR-20260909-00204,77,18,COMPLETED,SYSTEM,Huỳnh Hoài Khánh,customer77@lunara-spa.demo,0910003721,2026-09-09 15:30:00,2026-09-09 16:45:00,\N,75,580000,2026-09-09 15:18:00,2026-09-09 15:35:00,2026-09-09 16:41:00,77,2026-08-25 14:30:00,2026-09-09 16:41:00
205,LNR-20260826-00205,94,22,COMPLETED,SYSTEM,Hoàng Ngọc Ngân,customer94@lunara-spa.demo,0910003738,2026-08-26 13:30:00,2026-08-26 15:30:00,\N,120,970000,2026-08-26 13:27:00,2026-08-26 13:30:00,2026-08-26 15:26:00,94,2026-08-15 12:30:00,2026-08-26 15:26:00
206,LNR-20260710-00206,82,18,COMPLETED,CUSTOMER,Lê Gia Hoàng,customer82@lunara-spa.demo,0910003726,2026-07-10 09:00:00,2026-07-10 10:00:00,\N,60,420000,2026-07-10 08:50:00,2026-07-10 09:05:00,2026-07-10 09:58:00,82,2026-07-06 05:00:00,2026-07-10 09:58:00
207,LNR-20260810-00207,153,10,COMPLETED,ADMIN,Nguyễn Hoài Vy,customer153@lunara-spa.demo,0910003797,2026-08-10 09:00:00,2026-08-10 10:00:00,Da hơi nhạy cảm,60,450000,2026-08-10 08:48:00,2026-08-10 09:00:00,2026-08-10 10:00:00,5,2026-08-02 04:00:00,2026-08-10 10:00:00
208,LNR-20260711-00208,69,21,COMPLETED,SYSTEM,Lê Minh Vy,customer69@lunara-spa.demo,0910003713,2026-07-11 11:00:00,2026-07-11 12:30:00,\N,90,850000,2026-07-11 10:48:00,2026-07-11 11:02:00,2026-07-11 12:25:00,69,2026-07-02 10:00:00,2026-07-11 12:25:00
209,LNR-20260907-00209,172,18,COMPLETED,CUSTOMER,Đỗ Hoài Tuấn,customer172@lunara-spa.demo,0910003816,2026-09-07 15:30:00,2026-09-07 17:00:00,\N,90,470000,2026-09-07 15:19:00,2026-09-07 15:33:00,2026-09-07 16:57:00,172,2026-09-04 12:30:00,2026-09-07 16:57:00
210,LNR-20260610-00210,89,24,COMPLETED,CUSTOMER,Phan Văn Bình,customer89@lunara-spa.demo,0910003733,2026-06-10 13:30:00,2026-06-10 15:00:00,Ưu tiên phòng yên tĩnh,90,670000,2026-06-10 13:19:00,2026-06-10 13:31:00,2026-06-10 14:55:00,89,2026-05-28 13:30:00,2026-06-10 14:55:00
211,LNR-20260827-00211,64,12,COMPLETED,ADMIN,Bùi Đức Hoàng,customer64@lunara-spa.demo,0910003708,2026-08-27 09:00:00,2026-08-27 10:00:00,\N,60,520000,2026-08-27 08:50:00,2026-08-27 09:05:00,2026-08-27 09:55:00,3,2026-08-20 08:00:00,2026-08-27 09:55:00
212,LNR-20260729-00212,41,20,COMPLETED,SYSTEM,Nguyễn Văn Dũng,customer41@lunara-spa.demo,0910003685,2026-07-29 11:00:00,2026-07-29 13:00:00,\N,120,810000,2026-07-29 10:48:00,2026-07-29 11:04:00,2026-07-29 12:57:00,41,2026-07-19 08:00:00,2026-07-29 12:57:00
213,LNR-20260724-00213,162,18,COMPLETED,SYSTEM,Trần Khánh Tuấn,customer162@lunara-spa.demo,0910003806,2026-07-24 11:00:00,2026-07-24 12:00:00,Ưu tiên phòng yên tĩnh,60,420000,2026-07-24 10:50:00,2026-07-24 11:05:00,2026-07-24 11:57:00,162,2026-07-09 06:00:00,2026-07-24 11:57:00
214,LNR-20260622-00214,82,10,COMPLETED,ADMIN,Lê Gia Hoàng,customer82@lunara-spa.demo,0910003726,2026-06-22 15:30:00,2026-06-22 16:30:00,Ưu tiên phòng yên tĩnh,60,520000,2026-06-22 15:22:00,2026-06-22 15:32:00,2026-06-22 16:29:00,9,2026-06-21 12:30:00,2026-06-22 16:29:00
215,LNR-20260707-00215,167,13,COMPLETED,SYSTEM,Lê Hoài Quỳnh,customer167@lunara-spa.demo,0910003811,2026-07-07 13:30:00,2026-07-07 14:30:00,Da hơi nhạy cảm,60,450000,2026-07-07 13:26:00,2026-07-07 13:32:00,2026-07-07 14:30:00,167,2026-06-21 10:30:00,2026-07-07 14:30:00
216,LNR-20260611-00216,93,24,COMPLETED,SYSTEM,Trần Thanh Nhung,customer93@lunara-spa.demo,0910003737,2026-06-11 15:30:00,2026-06-11 17:15:00,Da hơi nhạy cảm,105,700000,2026-06-11 15:25:00,2026-06-11 15:35:00,2026-06-11 17:12:00,93,2026-05-27 13:30:00,2026-06-11 17:12:00
217,LNR-20260622-00217,62,12,COMPLETED,CUSTOMER,Đỗ Gia Mai,customer62@lunara-spa.demo,0910003706,2026-06-22 09:00:00,2026-06-22 10:15:00,Xin gọi trước 15 phút,75,580000,2026-06-22 08:56:00,2026-06-22 09:05:00,2026-06-22 10:12:00,62,2026-06-19 05:00:00,2026-06-22 10:12:00
218,LNR-20260729-00218,42,16,COMPLETED,ADMIN,Lê Ngọc Nam,customer42@lunara-spa.demo,0910003686,2026-07-29 09:00:00,2026-07-29 10:30:00,Da hơi nhạy cảm,90,470000,2026-07-29 08:52:00,2026-07-29 09:01:00,2026-07-29 10:26:00,9,2026-07-11 04:00:00,2026-07-29 10:26:00
219,LNR-20260619-00219,155,19,COMPLETED,ADMIN,Hoàng Đức Vy,customer155@lunara-spa.demo,0910003799,2026-06-19 11:00:00,2026-06-19 12:15:00,\N,75,480000,2026-06-19 10:52:00,2026-06-19 11:01:00,2026-06-19 12:13:00,6,2026-06-04 10:00:00,2026-06-19 12:13:00
220,LNR-20260903-00220,146,16,COMPLETED,SYSTEM,Vũ Hoài Hiền,customer146@lunara-spa.demo,0910003790,2026-09-03 09:00:00,2026-09-03 10:30:00,Da hơi nhạy cảm,90,630000,2026-09-03 08:53:00,2026-09-03 09:01:00,2026-09-03 10:27:00,146,2026-09-02 09:00:00,2026-09-03 10:27:00
221,LNR-20260715-00221,144,14,COMPLETED,CUSTOMER,Đỗ Ngọc Hạnh,customer144@lunara-spa.demo,0910003788,2026-07-15 09:00:00,2026-07-15 10:15:00,Xin gọi trước 15 phút,75,410000,2026-07-15 08:50:00,2026-07-15 09:01:00,2026-07-15 10:15:00,144,2026-06-30 06:00:00,2026-07-15 10:15:00
222,LNR-20260812-00222,63,13,COMPLETED,SYSTEM,Phạm Thanh Linh,customer63@lunara-spa.demo,0910003707,2026-08-12 11:00:00,2026-08-12 12:30:00,Xin gọi trước 15 phút,90,650000,2026-08-12 10:49:00,2026-08-12 11:02:00,2026-08-12 12:29:00,63,2026-08-05 06:00:00,2026-08-12 12:29:00
223,LNR-20260711-00223,158,22,COMPLETED,CUSTOMER,Phan Thị Ngọc,customer158@lunara-spa.demo,0910003802,2026-07-11 11:00:00,2026-07-11 12:00:00,Ưu tiên phòng yên tĩnh,60,350000,2026-07-11 10:53:00,2026-07-11 11:04:00,2026-07-11 11:59:00,158,2026-07-08 09:00:00,2026-07-11 11:59:00
224,LNR-20260704-00224,98,12,COMPLETED,ADMIN,Bùi Văn Khánh,customer98@lunara-spa.demo,0910003742,2026-07-04 13:30:00,2026-07-04 14:45:00,Xin gọi trước 15 phút,75,580000,2026-07-04 13:19:00,2026-07-04 13:33:00,2026-07-04 14:42:00,4,2026-06-26 13:30:00,2026-07-04 14:42:00
225,LNR-20260601-00225,32,15,COMPLETED,SYSTEM,Huỳnh Văn Quỳnh,customer32@lunara-spa.demo,0910003676,2026-06-01 13:30:00,2026-06-01 14:15:00,\N,45,250000,2026-06-01 13:20:00,2026-06-01 13:31:00,2026-06-01 14:13:00,32,2026-05-16 11:30:00,2026-06-01 14:13:00
226,LNR-20260826-00226,66,19,COMPLETED,ADMIN,Vũ Ngọc Quân,customer66@lunara-spa.demo,0910003710,2026-08-26 09:00:00,2026-08-26 10:00:00,Ưu tiên phòng yên tĩnh,60,420000,2026-08-26 08:48:00,2026-08-26 09:04:00,2026-08-26 09:58:00,9,2026-08-16 05:00:00,2026-08-26 09:58:00
227,LNR-20260805-00227,149,10,COMPLETED,SYSTEM,Phạm Gia Bình,customer149@lunara-spa.demo,0910003793,2026-08-05 09:00:00,2026-08-05 10:30:00,\N,90,650000,2026-08-05 08:49:00,2026-08-05 09:04:00,2026-08-05 10:27:00,149,2026-08-02 05:00:00,2026-08-05 10:27:00
228,LNR-20260902-00228,119,11,COMPLETED,ADMIN,Bùi Quang Quân,customer119@lunara-spa.demo,0910003763,2026-09-02 15:30:00,2026-09-02 17:30:00,Ưu tiên phòng yên tĩnh,120,850000,2026-09-02 15:19:00,2026-09-02 15:31:00,2026-09-02 17:29:00,4,2026-08-25 12:30:00,2026-09-02 17:29:00
229,LNR-20260910-00229,137,16,COMPLETED,CUSTOMER,Huỳnh Hoài Nam,customer137@lunara-spa.demo,0910003781,2026-09-10 09:00:00,2026-09-10 09:45:00,Ưu tiên phòng yên tĩnh,45,250000,2026-09-10 08:53:00,2026-09-10 09:01:00,2026-09-10 09:41:00,137,2026-09-08 06:00:00,2026-09-10 09:41:00
230,LNR-20260602-00230,134,13,COMPLETED,CUSTOMER,Bùi Thị Lan,customer134@lunara-spa.demo,0910003778,2026-06-02 13:30:00,2026-06-02 14:45:00,Ưu tiên phòng yên tĩnh,75,580000,2026-06-02 13:18:00,2026-06-02 13:31:00,2026-06-02 14:45:00,134,2026-06-01 07:30:00,2026-06-02 14:45:00
231,LNR-20260720-00231,100,12,COMPLETED,SYSTEM,Trần Quang Hạnh,customer100@lunara-spa.demo,0910003744,2026-07-20 13:30:00,2026-07-20 14:30:00,\N,60,520000,2026-07-20 13:25:00,2026-07-20 13:30:00,2026-07-20 14:29:00,100,2026-07-18 12:30:00,2026-07-20 14:29:00
232,LNR-20260709-00232,111,14,COMPLETED,ADMIN,Nguyễn Thanh Nga,customer111@lunara-spa.demo,0910003755,2026-07-09 13:30:00,2026-07-09 14:30:00,\N,60,520000,2026-07-09 13:18:00,2026-07-09 13:31:00,2026-07-09 14:26:00,4,2026-07-04 07:30:00,2026-07-09 14:26:00
233,LNR-20260715-00233,107,12,COMPLETED,CUSTOMER,Võ Đức Huy,customer107@lunara-spa.demo,0910003751,2026-07-15 11:00:00,2026-07-15 12:30:00,Da hơi nhạy cảm,90,650000,2026-07-15 10:56:00,2026-07-15 11:03:00,2026-07-15 12:27:00,107,2026-07-03 06:00:00,2026-07-15 12:27:00
234,LNR-20260805-00234,34,11,COMPLETED,SYSTEM,Võ Thị Nhung,customer34@lunara-spa.demo,0910003678,2026-08-05 15:30:00,2026-08-05 17:00:00,Xin gọi trước 15 phút,90,850000,2026-08-05 15:26:00,2026-08-05 15:31:00,2026-08-05 16:55:00,34,2026-08-04 09:30:00,2026-08-05 16:55:00
235,LNR-20260831-00235,159,11,COMPLETED,ADMIN,Hoàng Thu Huy,customer159@lunara-spa.demo,0910003803,2026-08-31 09:00:00,2026-08-31 10:30:00,\N,90,670000,2026-08-31 08:56:00,2026-08-31 09:00:00,2026-08-31 10:27:00,4,2026-08-24 06:00:00,2026-08-31 10:27:00
236,LNR-20260817-00236,162,14,COMPLETED,SYSTEM,Trần Khánh Tuấn,customer162@lunara-spa.demo,0910003806,2026-08-17 09:00:00,2026-08-17 10:00:00,\N,60,520000,2026-08-17 08:57:00,2026-08-17 09:00:00,2026-08-17 09:56:00,162,2026-08-15 06:00:00,2026-08-17 09:56:00
237,LNR-20260715-00237,132,21,COMPLETED,CUSTOMER,Phạm Thanh Quân,customer132@lunara-spa.demo,0910003776,2026-07-15 13:30:00,2026-07-15 14:45:00,\N,75,480000,2026-07-15 13:20:00,2026-07-15 13:31:00,2026-07-15 14:42:00,132,2026-07-04 12:30:00,2026-07-15 14:42:00
238,LNR-20260820-00238,138,24,COMPLETED,SYSTEM,Bùi Hoài Hạnh,customer138@lunara-spa.demo,0910003782,2026-08-20 13:30:00,2026-08-20 14:15:00,\N,45,280000,2026-08-20 13:23:00,2026-08-20 13:35:00,2026-08-20 14:13:00,138,2026-08-11 10:30:00,2026-08-20 14:13:00
239,LNR-20260605-00239,96,23,COMPLETED,SYSTEM,Võ Hoài Hà,customer96@lunara-spa.demo,0910003740,2026-06-05 13:30:00,2026-06-05 14:30:00,\N,60,450000,2026-06-05 13:25:00,2026-06-05 13:32:00,2026-06-05 14:28:00,96,2026-05-30 13:30:00,2026-06-05 14:28:00
240,LNR-20260820-00240,93,22,COMPLETED,CUSTOMER,Trần Thanh Nhung,customer93@lunara-spa.demo,0910003737,2026-08-20 13:30:00,2026-08-20 14:30:00,Ưu tiên phòng yên tĩnh,60,350000,2026-08-20 13:25:00,2026-08-20 13:35:00,2026-08-20 14:29:00,93,2026-08-06 11:30:00,2026-08-20 14:29:00
241,LNR-20260622-00241,79,22,COMPLETED,CUSTOMER,Huỳnh Văn Giang,customer79@lunara-spa.demo,0910003723,2026-06-22 09:00:00,2026-06-22 10:30:00,Ưu tiên phòng yên tĩnh,90,670000,2026-06-22 08:48:00,2026-06-22 09:05:00,2026-06-22 10:25:00,79,2026-06-06 06:00:00,2026-06-22 10:25:00
242,LNR-20260904-00242,68,13,COMPLETED,SYSTEM,Phan Gia Huy,customer68@lunara-spa.demo,0910003712,2026-09-04 13:30:00,2026-09-04 14:45:00,Xin gọi trước 15 phút,75,580000,2026-09-04 13:19:00,2026-09-04 13:31:00,2026-09-04 14:40:00,68,2026-08-23 13:30:00,2026-09-04 14:40:00
243,LNR-20260804-00243,154,15,COMPLETED,CUSTOMER,Lê Hồng Hà,customer154@lunara-spa.demo,0910003798,2026-08-04 11:00:00,2026-08-04 12:15:00,Da hơi nhạy cảm,75,580000,2026-08-04 10:54:00,2026-08-04 11:01:00,2026-08-04 12:14:00,154,2026-07-18 10:00:00,2026-08-04 12:14:00
244,LNR-20260717-00244,100,12,COMPLETED,ADMIN,Trần Quang Hạnh,customer100@lunara-spa.demo,0910003744,2026-07-17 15:30:00,2026-07-17 16:45:00,Ưu tiên phòng yên tĩnh,75,580000,2026-07-17 15:22:00,2026-07-17 15:33:00,2026-07-17 16:40:00,4,2026-07-09 13:30:00,2026-07-17 16:40:00
245,LNR-20260808-00245,105,20,COMPLETED,SYSTEM,Phan Quang Bình,customer105@lunara-spa.demo,0910003749,2026-08-08 11:00:00,2026-08-08 12:00:00,\N,60,520000,2026-08-08 10:56:00,2026-08-08 11:04:00,2026-08-08 11:56:00,105,2026-07-25 10:00:00,2026-08-08 11:56:00
246,LNR-20260808-00246,29,10,COMPLETED,ADMIN,Phan Thanh Chi,customer29@lunara-spa.demo,0910003673,2026-08-08 15:30:00,2026-08-08 16:45:00,Ưu tiên phòng yên tĩnh,75,480000,2026-08-08 15:23:00,2026-08-08 15:35:00,2026-08-08 16:41:00,4,2026-08-06 14:30:00,2026-08-08 16:41:00
247,LNR-20260724-00247,83,18,COMPLETED,SYSTEM,Phan Thu Lan,customer83@lunara-spa.demo,0910003727,2026-07-24 15:30:00,2026-07-24 16:15:00,\N,45,250000,2026-07-24 15:23:00,2026-07-24 15:30:00,2026-07-24 16:15:00,83,2026-07-14 14:30:00,2026-07-24 16:15:00
248,LNR-20260825-00248,43,22,COMPLETED,CUSTOMER,Vũ Minh Vy,customer43@lunara-spa.demo,0910003687,2026-08-25 13:30:00,2026-08-25 14:45:00,Xin gọi trước 15 phút,75,480000,2026-08-25 13:26:00,2026-08-25 13:32:00,2026-08-25 14:41:00,43,2026-08-08 10:30:00,2026-08-25 14:41:00
249,LNR-20260626-00249,98,16,COMPLETED,ADMIN,Bùi Văn Khánh,customer98@lunara-spa.demo,0910003742,2026-06-26 11:00:00,2026-06-26 11:45:00,Xin gọi trước 15 phút,45,280000,2026-06-26 10:49:00,2026-06-26 11:05:00,2026-06-26 11:44:00,9,2026-06-09 08:00:00,2026-06-26 11:44:00
250,LNR-20260901-00250,132,21,COMPLETED,SYSTEM,Phạm Thanh Quân,customer132@lunara-spa.demo,0910003776,2026-09-01 13:30:00,2026-09-01 15:15:00,\N,105,670000,2026-09-01 13:27:00,2026-09-01 13:33:00,2026-09-01 15:13:00,132,2026-08-21 13:30:00,2026-09-01 15:13:00
251,LNR-20260612-00251,54,16,COMPLETED,SYSTEM,Đặng Thanh Phương,customer54@lunara-spa.demo,0910003698,2026-06-12 09:00:00,2026-06-12 10:30:00,Xin gọi trước 15 phút,90,530000,2026-06-12 08:57:00,2026-06-12 09:03:00,2026-06-12 10:27:00,54,2026-06-10 08:00:00,2026-06-12 10:27:00
252,LNR-20260825-00252,143,13,COMPLETED,SYSTEM,Vũ Hồng Nhung,customer143@lunara-spa.demo,0910003787,2026-08-25 11:00:00,2026-08-25 12:00:00,Da hơi nhạy cảm,60,520000,2026-08-25 10:53:00,2026-08-25 11:02:00,2026-08-25 11:58:00,143,2026-08-09 10:00:00,2026-08-25 11:58:00
253,LNR-20260811-00253,143,20,COMPLETED,ADMIN,Vũ Hồng Nhung,customer143@lunara-spa.demo,0910003787,2026-08-11 11:00:00,2026-08-11 12:00:00,Xin gọi trước 15 phút,60,450000,2026-08-11 10:55:00,2026-08-11 11:04:00,2026-08-11 11:56:00,9,2026-08-02 07:00:00,2026-08-11 11:56:00
254,LNR-20260806-00254,164,24,COMPLETED,CUSTOMER,Vũ Hoài Dũng,customer164@lunara-spa.demo,0910003808,2026-08-06 13:30:00,2026-08-06 14:15:00,\N,45,280000,2026-08-06 13:18:00,2026-08-06 13:32:00,2026-08-06 14:14:00,164,2026-07-22 08:30:00,2026-08-06 14:14:00
255,LNR-20260805-00255,96,20,COMPLETED,CUSTOMER,Võ Hoài Hà,customer96@lunara-spa.demo,0910003740,2026-08-05 15:30:00,2026-08-05 16:30:00,Xin gọi trước 15 phút,60,420000,2026-08-05 15:25:00,2026-08-05 15:32:00,2026-08-05 16:27:00,96,2026-07-30 11:30:00,2026-08-05 16:27:00
256,LNR-20260807-00256,73,24,COMPLETED,SYSTEM,Lê Thanh Nam,customer73@lunara-spa.demo,0910003717,2026-08-07 13:30:00,2026-08-07 14:30:00,\N,60,520000,2026-08-07 13:27:00,2026-08-07 13:35:00,2026-08-07 14:29:00,73,2026-07-30 11:30:00,2026-08-07 14:29:00
257,LNR-20260601-00257,61,21,COMPLETED,CUSTOMER,Võ Văn Bình,customer61@lunara-spa.demo,0910003705,2026-06-01 15:30:00,2026-06-01 16:45:00,\N,75,580000,2026-06-01 15:22:00,2026-06-01 15:32:00,2026-06-01 16:43:00,61,2026-05-21 13:30:00,2026-06-01 16:43:00
258,LNR-20260610-00258,89,11,COMPLETED,SYSTEM,Phan Văn Bình,customer89@lunara-spa.demo,0910003733,2026-06-10 09:00:00,2026-06-10 10:15:00,Da hơi nhạy cảm,75,580000,2026-06-10 08:57:00,2026-06-10 09:02:00,2026-06-10 10:10:00,89,2026-05-31 08:00:00,2026-06-10 10:10:00
259,LNR-20260827-00259,169,13,COMPLETED,CUSTOMER,Phan Hồng Ngọc,customer169@lunara-spa.demo,0910003813,2026-08-27 13:30:00,2026-08-27 15:00:00,\N,90,650000,2026-08-27 13:23:00,2026-08-27 13:34:00,2026-08-27 15:00:00,169,2026-08-11 08:30:00,2026-08-27 15:00:00
260,LNR-20260624-00260,57,15,COMPLETED,ADMIN,Trần Khánh Nam,customer57@lunara-spa.demo,0910003701,2026-06-24 11:00:00,2026-06-24 13:00:00,Ưu tiên phòng yên tĩnh,120,920000,2026-06-24 10:49:00,2026-06-24 11:05:00,2026-06-24 12:59:00,2,2026-06-11 06:00:00,2026-06-24 12:59:00
261,LNR-20260622-00261,142,19,COMPLETED,ADMIN,Nguyễn Thị Yến,customer142@lunara-spa.demo,0910003786,2026-06-22 11:00:00,2026-06-22 13:00:00,\N,120,820000,2026-06-22 10:49:00,2026-06-22 11:02:00,2026-06-22 13:00:00,2,2026-06-12 11:00:00,2026-06-22 13:00:00
262,LNR-20260805-00262,127,16,COMPLETED,ADMIN,Bùi Quang Trâm,customer127@lunara-spa.demo,0910003771,2026-08-05 09:00:00,2026-08-05 10:15:00,Xin gọi trước 15 phút,75,480000,2026-08-05 08:48:00,2026-08-05 09:01:00,2026-08-05 10:11:00,6,2026-08-04 08:00:00,2026-08-05 10:11:00
263,LNR-20260821-00263,29,21,COMPLETED,SYSTEM,Phan Thanh Chi,customer29@lunara-spa.demo,0910003673,2026-08-21 15:30:00,2026-08-21 17:30:00,\N,120,940000,2026-08-21 15:26:00,2026-08-21 15:31:00,2026-08-21 17:25:00,29,2026-08-19 12:30:00,2026-08-21 17:25:00
264,LNR-20260630-00264,44,14,COMPLETED,ADMIN,Phan Gia Ngọc,customer44@lunara-spa.demo,0910003688,2026-06-30 15:30:00,2026-06-30 17:30:00,\N,120,750000,2026-06-30 15:22:00,2026-06-30 15:31:00,2026-06-30 17:26:00,9,2026-06-17 11:30:00,2026-06-30 17:26:00
265,LNR-20260808-00265,61,21,COMPLETED,CUSTOMER,Võ Văn Bình,customer61@lunara-spa.demo,0910003705,2026-08-08 09:00:00,2026-08-08 10:00:00,Da hơi nhạy cảm,60,420000,2026-08-08 08:52:00,2026-08-08 09:01:00,2026-08-08 09:59:00,61,2026-08-07 07:00:00,2026-08-08 09:59:00
266,LNR-20260604-00266,91,21,COMPLETED,SYSTEM,Lê Khánh Nga,customer91@lunara-spa.demo,0910003735,2026-06-04 11:00:00,2026-06-04 12:30:00,Da hơi nhạy cảm,90,470000,2026-06-04 10:53:00,2026-06-04 11:01:00,2026-06-04 12:25:00,91,2026-05-20 11:00:00,2026-06-04 12:25:00
267,LNR-20260616-00267,129,24,COMPLETED,CUSTOMER,Huỳnh Văn Trâm,customer129@lunara-spa.demo,0910003773,2026-06-16 13:30:00,2026-06-16 15:00:00,Da hơi nhạy cảm,90,720000,2026-06-16 13:23:00,2026-06-16 13:32:00,2026-06-16 14:57:00,129,2026-05-29 11:30:00,2026-06-16 14:57:00
268,LNR-20260707-00268,82,10,COMPLETED,SYSTEM,Lê Gia Hoàng,customer82@lunara-spa.demo,0910003726,2026-07-07 13:30:00,2026-07-07 15:30:00,Da hơi nhạy cảm,120,970000,2026-07-07 13:25:00,2026-07-07 13:34:00,2026-07-07 15:25:00,82,2026-06-25 13:30:00,2026-07-07 15:25:00
269,LNR-20260716-00269,151,22,COMPLETED,CUSTOMER,Bùi Gia Trâm,customer151@lunara-spa.demo,0910003795,2026-07-16 15:30:00,2026-07-16 17:00:00,\N,90,630000,2026-07-16 15:25:00,2026-07-16 15:34:00,2026-07-16 16:58:00,151,2026-07-06 12:30:00,2026-07-16 16:58:00
270,LNR-20260825-00270,120,16,COMPLETED,SYSTEM,Vũ Thanh Mai,customer120@lunara-spa.demo,0910003764,2026-08-25 13:30:00,2026-08-25 14:15:00,Da hơi nhạy cảm,45,280000,2026-08-25 13:25:00,2026-08-25 13:30:00,2026-08-25 14:12:00,120,2026-08-08 10:30:00,2026-08-25 14:12:00
271,LNR-20260601-00271,92,16,COMPLETED,CUSTOMER,Hoàng Thu Yến,customer92@lunara-spa.demo,0910003736,2026-06-01 15:30:00,2026-06-01 17:00:00,Ưu tiên phòng yên tĩnh,90,720000,2026-06-01 15:26:00,2026-06-01 15:32:00,2026-06-01 17:00:00,92,2026-05-23 14:30:00,2026-06-01 17:00:00
272,LNR-20260709-00272,33,12,COMPLETED,CUSTOMER,Võ Thanh Ngọc,customer33@lunara-spa.demo,0910003677,2026-07-09 09:00:00,2026-07-09 11:00:00,Ưu tiên phòng yên tĩnh,120,1040000,2026-07-09 08:52:00,2026-07-09 09:02:00,2026-07-09 10:59:00,33,2026-07-05 07:00:00,2026-07-09 10:59:00
273,LNR-20260805-00273,150,22,COMPLETED,ADMIN,Đặng Gia Anh,customer150@lunara-spa.demo,0910003794,2026-08-05 09:00:00,2026-08-05 10:30:00,\N,90,470000,2026-08-05 08:51:00,2026-08-05 09:05:00,2026-08-05 10:25:00,8,2026-08-03 08:00:00,2026-08-05 10:25:00
274,LNR-20260806-00274,135,23,COMPLETED,CUSTOMER,Trần Khánh Nam,customer135@lunara-spa.demo,0910003779,2026-08-06 11:00:00,2026-08-06 12:45:00,Ưu tiên phòng yên tĩnh,105,700000,2026-08-06 10:48:00,2026-08-06 11:02:00,2026-08-06 12:40:00,135,2026-07-24 09:00:00,2026-08-06 12:40:00
275,LNR-20260627-00275,159,11,COMPLETED,ADMIN,Hoàng Thu Huy,customer159@lunara-spa.demo,0910003803,2026-06-27 13:30:00,2026-06-27 14:30:00,\N,60,520000,2026-06-27 13:27:00,2026-06-27 13:31:00,2026-06-27 14:30:00,3,2026-06-19 10:30:00,2026-06-27 14:30:00
276,LNR-20260810-00276,48,20,COMPLETED,SYSTEM,Bùi Thị Ngọc,customer48@lunara-spa.demo,0910003692,2026-08-10 09:00:00,2026-08-10 09:45:00,Ưu tiên phòng yên tĩnh,45,280000,2026-08-10 08:49:00,2026-08-10 09:01:00,2026-08-10 09:42:00,48,2026-08-09 07:00:00,2026-08-10 09:42:00
277,LNR-20260806-00277,105,16,COMPLETED,SYSTEM,Phan Quang Bình,customer105@lunara-spa.demo,0910003749,2026-08-06 11:00:00,2026-08-06 12:00:00,Xin gọi trước 15 phút,60,330000,2026-08-06 10:56:00,2026-08-06 11:04:00,2026-08-06 12:00:00,105,2026-07-21 11:00:00,2026-08-06 12:00:00
278,LNR-20260723-00278,38,12,COMPLETED,ADMIN,Đỗ Thanh Bình,customer38@lunara-spa.demo,0910003682,2026-07-23 09:00:00,2026-07-23 09:45:00,Xin gọi trước 15 phút,45,280000,2026-07-23 08:56:00,2026-07-23 09:03:00,2026-07-23 09:45:00,9,2026-07-17 04:00:00,2026-07-23 09:45:00
279,LNR-20260815-00279,126,19,COMPLETED,SYSTEM,Nguyễn Thu Khánh,customer126@lunara-spa.demo,0910003770,2026-08-15 13:30:00,2026-08-15 15:15:00,Ưu tiên phòng yên tĩnh,105,770000,2026-08-15 13:22:00,2026-08-15 13:31:00,2026-08-15 15:11:00,126,2026-08-04 07:30:00,2026-08-15 15:11:00
280,LNR-20260612-00280,68,15,COMPLETED,CUSTOMER,Phan Gia Huy,customer68@lunara-spa.demo,0910003712,2026-06-12 13:30:00,2026-06-12 15:30:00,Da hơi nhạy cảm,120,820000,2026-06-12 13:25:00,2026-06-12 13:31:00,2026-06-12 15:28:00,68,2026-06-04 13:30:00,2026-06-12 15:28:00
281,LNR-20260615-00281,56,22,COMPLETED,SYSTEM,Bùi Minh Hiền,customer56@lunara-spa.demo,0910003700,2026-06-15 13:30:00,2026-06-15 15:30:00,\N,120,730000,2026-06-15 13:26:00,2026-06-15 13:30:00,2026-06-15 15:27:00,56,2026-06-10 09:30:00,2026-06-15 15:27:00
282,LNR-20260613-00282,61,15,COMPLETED,CUSTOMER,Võ Văn Bình,customer61@lunara-spa.demo,0910003705,2026-06-13 11:00:00,2026-06-13 13:00:00,\N,120,820000,2026-06-13 10:55:00,2026-06-13 11:02:00,2026-06-13 12:58:00,61,2026-06-07 08:00:00,2026-06-13 12:58:00
283,LNR-20260827-00283,164,22,COMPLETED,CUSTOMER,Vũ Hoài Dũng,customer164@lunara-spa.demo,0910003808,2026-08-27 13:30:00,2026-08-27 14:15:00,Da hơi nhạy cảm,45,250000,2026-08-27 13:22:00,2026-08-27 13:31:00,2026-08-27 14:13:00,164,2026-08-23 11:30:00,2026-08-27 14:13:00
284,LNR-20260811-00284,143,12,COMPLETED,ADMIN,Vũ Hồng Nhung,customer143@lunara-spa.demo,0910003787,2026-08-11 13:30:00,2026-08-11 14:30:00,Da hơi nhạy cảm,60,350000,2026-08-11 13:27:00,2026-08-11 13:31:00,2026-08-11 14:25:00,7,2026-08-09 10:30:00,2026-08-11 14:25:00
285,LNR-20260801-00285,49,18,COMPLETED,CUSTOMER,Phạm Văn Uyên,customer49@lunara-spa.demo,0910003693,2026-08-01 11:00:00,2026-08-01 11:45:00,Ưu tiên phòng yên tĩnh,45,250000,2026-08-01 10:50:00,2026-08-01 11:03:00,2026-08-01 11:42:00,49,2026-07-14 11:00:00,2026-08-01 11:42:00
286,LNR-20260820-00286,69,19,COMPLETED,ADMIN,Lê Minh Vy,customer69@lunara-spa.demo,0910003713,2026-08-20 11:00:00,2026-08-20 12:45:00,Da hơi nhạy cảm,105,770000,2026-08-20 10:55:00,2026-08-20 11:05:00,2026-08-20 12:43:00,6,2026-08-18 10:00:00,2026-08-20 12:43:00
287,LNR-20260902-00287,137,15,COMPLETED,ADMIN,Huỳnh Hoài Nam,customer137@lunara-spa.demo,0910003781,2026-09-02 15:30:00,2026-09-02 17:00:00,\N,90,850000,2026-09-02 15:24:00,2026-09-02 15:35:00,2026-09-02 17:00:00,6,2026-08-19 12:30:00,2026-09-02 17:00:00
288,LNR-20260714-00288,81,11,COMPLETED,SYSTEM,Phan Thu Vy,customer81@lunara-spa.demo,0910003725,2026-07-14 13:30:00,2026-07-14 15:30:00,Da hơi nhạy cảm,120,820000,2026-07-14 13:25:00,2026-07-14 13:34:00,2026-07-14 15:30:00,81,2026-07-01 12:30:00,2026-07-14 15:30:00
289,LNR-20260605-00289,110,23,COMPLETED,CUSTOMER,Phạm Quang Ngọc,customer110@lunara-spa.demo,0910003754,2026-06-05 11:00:00,2026-06-05 12:30:00,\N,90,850000,2026-06-05 10:53:00,2026-06-05 11:01:00,2026-06-05 12:27:00,110,2026-05-28 09:00:00,2026-06-05 12:27:00
290,LNR-20260805-00290,95,15,COMPLETED,ADMIN,Hoàng Thị Nga,customer95@lunara-spa.demo,0910003739,2026-08-05 11:00:00,2026-08-05 12:00:00,\N,60,520000,2026-08-05 10:52:00,2026-08-05 11:03:00,2026-08-05 11:58:00,3,2026-07-25 10:00:00,2026-08-05 11:58:00
291,LNR-20260714-00291,144,12,COMPLETED,SYSTEM,Đỗ Ngọc Hạnh,customer144@lunara-spa.demo,0910003788,2026-07-14 09:00:00,2026-07-14 11:00:00,\N,120,920000,2026-07-14 08:54:00,2026-07-14 09:01:00,2026-07-14 10:55:00,144,2026-07-04 07:00:00,2026-07-14 10:55:00
292,LNR-20260629-00292,86,17,COMPLETED,ADMIN,Phan Thị Huy,customer86@lunara-spa.demo,0910003730,2026-06-29 13:30:00,2026-06-29 14:45:00,\N,75,410000,2026-06-29 13:21:00,2026-06-29 13:33:00,2026-06-29 14:42:00,7,2026-06-26 13:30:00,2026-06-29 14:42:00
293,LNR-20260623-00293,78,17,COMPLETED,ADMIN,Đỗ Thị Mai,customer78@lunara-spa.demo,0910003722,2026-06-23 09:00:00,2026-06-23 10:15:00,\N,75,480000,2026-06-23 08:56:00,2026-06-23 09:00:00,2026-06-23 10:15:00,4,2026-06-06 03:00:00,2026-06-23 10:15:00
294,LNR-20260822-00294,114,11,COMPLETED,ADMIN,Bùi Ngọc Lan,customer114@lunara-spa.demo,0910003758,2026-08-22 11:00:00,2026-08-22 12:00:00,Da hơi nhạy cảm,60,350000,2026-08-22 10:57:00,2026-08-22 11:01:00,2026-08-22 12:00:00,2,2026-08-12 11:00:00,2026-08-22 12:00:00
295,LNR-20260604-00295,97,20,COMPLETED,SYSTEM,Vũ Thu Bình,customer97@lunara-spa.demo,0910003741,2026-06-04 15:30:00,2026-06-04 17:00:00,\N,90,630000,2026-06-04 15:23:00,2026-06-04 15:35:00,2026-06-04 16:58:00,97,2026-05-31 13:30:00,2026-06-04 16:58:00
296,LNR-20260708-00296,127,19,COMPLETED,ADMIN,Bùi Quang Trâm,customer127@lunara-spa.demo,0910003771,2026-07-08 13:30:00,2026-07-08 14:30:00,\N,60,520000,2026-07-08 13:21:00,2026-07-08 13:32:00,2026-07-08 14:30:00,8,2026-06-21 11:30:00,2026-07-08 14:30:00
297,LNR-20260812-00297,80,11,COMPLETED,CUSTOMER,Lê Gia Nam,customer80@lunara-spa.demo,0910003724,2026-08-12 09:00:00,2026-08-12 10:30:00,Ưu tiên phòng yên tĩnh,90,630000,2026-08-12 08:49:00,2026-08-12 09:03:00,2026-08-12 10:28:00,80,2026-07-26 08:00:00,2026-08-12 10:28:00
298,LNR-20260609-00298,49,10,COMPLETED,SYSTEM,Phạm Văn Uyên,customer49@lunara-spa.demo,0910003693,2026-06-09 13:30:00,2026-06-09 14:15:00,Ưu tiên phòng yên tĩnh,45,250000,2026-06-09 13:18:00,2026-06-09 13:32:00,2026-06-09 14:10:00,49,2026-06-01 09:30:00,2026-06-09 14:10:00
299,LNR-20260801-00299,59,16,COMPLETED,ADMIN,Đặng Ngọc Quỳnh,customer59@lunara-spa.demo,0910003703,2026-08-01 11:00:00,2026-08-01 12:15:00,\N,75,480000,2026-08-01 10:50:00,2026-08-01 11:02:00,2026-08-01 12:14:00,5,2026-07-27 09:00:00,2026-08-01 12:14:00
300,LNR-20260625-00300,160,18,COMPLETED,SYSTEM,Võ Hoài Sơn,customer160@lunara-spa.demo,0910003804,2026-06-25 15:30:00,2026-06-25 16:45:00,\N,75,580000,2026-06-25 15:23:00,2026-06-25 15:32:00,2026-06-25 16:43:00,160,2026-06-11 15:30:00,2026-06-25 16:43:00
301,LNR-20261009-00301,143,10,PENDING_PAYMENT,ADMIN,Vũ Hồng Nhung,customer143@lunara-spa.demo,0910003787,2026-10-09 11:00:00,2026-10-09 12:30:00,Ưu tiên phòng yên tĩnh,90,650000,\N,\N,\N,2,2026-09-15 14:00:00,2026-09-15 14:00:00
302,LNR-20261013-00302,125,\N,PENDING_PAYMENT,SYSTEM,Trần Minh Quỳnh,customer125@lunara-spa.demo,0910003769,2026-10-13 16:00:00,2026-10-13 17:00:00,\N,60,520000,\N,\N,\N,125,2026-09-14 10:00:00,2026-09-14 10:00:00
303,LNR-20261024-00303,45,24,PENDING_PAYMENT,SYSTEM,Lê Minh Chi,customer45@lunara-spa.demo,0910003689,2026-10-24 13:30:00,2026-10-24 14:30:00,\N,60,420000,\N,\N,\N,45,2026-09-15 09:00:00,2026-09-15 09:00:00
304,LNR-20260917-00304,44,17,PENDING_PAYMENT,CUSTOMER,Phan Gia Ngọc,customer44@lunara-spa.demo,0910003688,2026-09-17 09:00:00,2026-09-17 10:00:00,\N,60,420000,\N,\N,\N,44,2026-09-07 08:00:00,2026-09-07 08:00:00
305,LNR-20261017-00305,142,22,PENDING_PAYMENT,SYSTEM,Nguyễn Thị Yến,customer142@lunara-spa.demo,0910003786,2026-10-17 09:00:00,2026-10-17 10:30:00,\N,90,850000,\N,\N,\N,142,2026-09-14 13:00:00,2026-09-14 13:00:00
306,LNR-20261021-00306,166,\N,PENDING_PAYMENT,SYSTEM,Đỗ Thị Trang,customer166@lunara-spa.demo,0910003810,2026-10-21 14:00:00,2026-10-21 15:00:00,Xin gọi trước 15 phút,60,420000,\N,\N,\N,166,2026-09-14 13:00:00,2026-09-14 13:00:00
307,LNR-20260923-00307,61,\N,PENDING_PAYMENT,SYSTEM,Võ Văn Bình,customer61@lunara-spa.demo,0910003705,2026-09-23 16:00:00,2026-09-23 17:30:00,\N,90,850000,\N,\N,\N,61,2026-09-05 14:00:00,2026-09-05 14:00:00
308,LNR-20260925-00308,75,17,PENDING_PAYMENT,SYSTEM,Hoàng Hồng Tuấn,customer75@lunara-spa.demo,0910003719,2026-09-25 11:00:00,2026-09-25 11:45:00,\N,45,250000,\N,\N,\N,75,2026-09-10 05:00:00,2026-09-10 05:00:00
309,LNR-20261014-00309,90,\N,PENDING_PAYMENT,SYSTEM,Trần Thanh Ngân,customer90@lunara-spa.demo,0910003734,2026-10-14 16:00:00,2026-10-14 16:45:00,\N,45,280000,\N,\N,\N,90,2026-09-14 05:00:00,2026-09-14 05:00:00
310,LNR-20261019-00310,110,\N,PENDING_PAYMENT,SYSTEM,Phạm Quang Ngọc,customer110@lunara-spa.demo,0910003754,2026-10-19 14:00:00,2026-10-19 15:15:00,Ưu tiên phòng yên tĩnh,75,480000,\N,\N,\N,110,2026-09-15 12:00:00,2026-09-15 12:00:00
311,LNR-20260922-00311,54,13,PENDING_PAYMENT,CUSTOMER,Đặng Thanh Phương,customer54@lunara-spa.demo,0910003698,2026-09-22 13:30:00,2026-09-22 14:30:00,Xin gọi trước 15 phút,60,520000,\N,\N,\N,54,2026-09-14 22:00:00,2026-09-14 22:00:00
312,LNR-20261009-00312,37,\N,PENDING_PAYMENT,SYSTEM,Bùi Đức Tuấn,customer37@lunara-spa.demo,0910003681,2026-10-09 16:00:00,2026-10-09 16:45:00,\N,45,250000,\N,\N,\N,37,2026-09-14 06:00:00,2026-09-14 06:00:00
313,LNR-20261007-00313,31,22,PENDING_PAYMENT,SYSTEM,Nguyễn Ngọc Huy,customer31@lunara-spa.demo,0910003675,2026-10-07 13:30:00,2026-10-07 14:45:00,Xin gọi trước 15 phút,75,580000,\N,\N,\N,31,2026-09-14 07:00:00,2026-09-14 07:00:00
314,LNR-20261015-00314,102,18,PENDING_PAYMENT,CUSTOMER,Phạm Khánh Sơn,customer102@lunara-spa.demo,0910003746,2026-10-15 13:30:00,2026-10-15 15:00:00,Ưu tiên phòng yên tĩnh,90,720000,\N,\N,\N,102,2026-09-14 03:00:00,2026-09-14 03:00:00
315,LNR-20261023-00315,73,21,PENDING_PAYMENT,SYSTEM,Lê Thanh Nam,customer73@lunara-spa.demo,0910003717,2026-10-23 11:00:00,2026-10-23 13:00:00,Xin gọi trước 15 phút,120,920000,\N,\N,\N,73,2026-09-14 05:00:00,2026-09-14 05:00:00
316,LNR-20261006-00316,48,\N,PENDING_PAYMENT,SYSTEM,Bùi Thị Ngọc,customer48@lunara-spa.demo,0910003692,2026-10-06 16:00:00,2026-10-06 17:30:00,\N,90,650000,\N,\N,\N,48,2026-09-15 06:00:00,2026-09-15 06:00:00
317,LNR-20260924-00317,76,11,PENDING_PAYMENT,CUSTOMER,Lê Khánh Yến,customer76@lunara-spa.demo,0910003720,2026-09-24 11:00:00,2026-09-24 13:00:00,Xin gọi trước 15 phút,120,820000,\N,\N,\N,76,2026-09-13 06:00:00,2026-09-13 06:00:00
318,LNR-20261029-00318,140,20,PENDING_PAYMENT,CUSTOMER,Phạm Thu Yến,customer140@lunara-spa.demo,0910003784,2026-10-29 13:30:00,2026-10-29 14:30:00,\N,60,350000,\N,\N,\N,140,2026-09-15 14:00:00,2026-09-15 14:00:00
319,LNR-20261030-00319,69,14,PENDING_PAYMENT,CUSTOMER,Lê Minh Vy,customer69@lunara-spa.demo,0910003713,2026-10-30 11:00:00,2026-10-30 12:00:00,\N,60,420000,\N,\N,\N,69,2026-09-15 01:00:00,2026-09-15 01:00:00
320,LNR-20260917-00320,164,\N,PENDING_PAYMENT,SYSTEM,Vũ Hoài Dũng,customer164@lunara-spa.demo,0910003808,2026-09-17 14:00:00,2026-09-17 15:00:00,\N,60,420000,\N,\N,\N,164,2026-09-10 14:00:00,2026-09-10 14:00:00
321,LNR-20260928-00321,94,12,PENDING_PAYMENT,ADMIN,Hoàng Ngọc Ngân,customer94@lunara-spa.demo,0910003738,2026-09-28 09:00:00,2026-09-28 10:30:00,Ưu tiên phòng yên tĩnh,90,650000,\N,\N,\N,8,2026-09-14 16:00:00,2026-09-14 16:00:00
322,LNR-20261009-00322,66,\N,PENDING_PAYMENT,SYSTEM,Vũ Ngọc Quân,customer66@lunara-spa.demo,0910003710,2026-10-09 14:00:00,2026-10-09 14:45:00,Xin gọi trước 15 phút,45,250000,\N,\N,\N,66,2026-09-14 09:00:00,2026-09-14 09:00:00
323,LNR-20260921-00323,86,\N,PENDING_PAYMENT,ADMIN,Phan Thị Huy,customer86@lunara-spa.demo,0910003730,2026-09-21 16:00:00,2026-09-21 16:45:00,\N,45,280000,\N,\N,\N,5,2026-09-12 14:00:00,2026-09-12 14:00:00
324,LNR-20261010-00324,166,\N,PENDING_PAYMENT,SYSTEM,Đỗ Thị Trang,customer166@lunara-spa.demo,0910003810,2026-10-10 14:00:00,2026-10-10 15:00:00,Xin gọi trước 15 phút,60,520000,\N,\N,\N,166,2026-09-14 03:00:00,2026-09-14 03:00:00
325,LNR-20261026-00325,156,22,PENDING_PAYMENT,CUSTOMER,Trần Văn Quỳnh,customer156@lunara-spa.demo,0910003800,2026-10-26 15:30:00,2026-10-26 16:15:00,\N,45,250000,\N,\N,\N,156,2026-09-15 00:00:00,2026-09-15 00:00:00
326,LNR-20261027-00326,160,\N,PENDING_PAYMENT,ADMIN,Võ Hoài Sơn,customer160@lunara-spa.demo,0910003804,2026-10-27 16:00:00,2026-10-27 17:30:00,Ưu tiên phòng yên tĩnh,90,470000,\N,\N,\N,4,2026-09-15 04:00:00,2026-09-15 04:00:00
327,LNR-20260918-00327,40,22,PENDING_PAYMENT,ADMIN,Phan Thị Hải,customer40@lunara-spa.demo,0910003684,2026-09-18 09:00:00,2026-09-18 09:45:00,Da hơi nhạy cảm,45,250000,\N,\N,\N,9,2026-09-09 03:00:00,2026-09-09 03:00:00
328,LNR-20261026-00328,37,\N,PENDING_PAYMENT,SYSTEM,Bùi Đức Tuấn,customer37@lunara-spa.demo,0910003681,2026-10-26 16:00:00,2026-10-26 17:45:00,Da hơi nhạy cảm,105,800000,\N,\N,\N,37,2026-09-14 22:00:00,2026-09-14 22:00:00
329,LNR-20260922-00329,99,\N,PENDING_PAYMENT,SYSTEM,Lê Hồng Quân,customer99@lunara-spa.demo,0910003743,2026-09-22 14:00:00,2026-09-22 15:30:00,\N,90,850000,\N,\N,\N,99,2026-09-04 13:00:00,2026-09-04 13:00:00
330,LNR-20260919-00330,52,23,PENDING_PAYMENT,CUSTOMER,Đặng Đức Khánh,customer52@lunara-spa.demo,0910003696,2026-09-19 11:00:00,2026-09-19 12:00:00,\N,60,350000,\N,\N,\N,52,2026-09-14 22:00:00,2026-09-14 22:00:00
331,LNR-20260928-00331,57,20,PENDING_PAYMENT,CUSTOMER,Trần Khánh Nam,customer57@lunara-spa.demo,0910003701,2026-09-28 15:30:00,2026-09-28 17:00:00,\N,90,850000,\N,\N,\N,57,2026-09-14 17:00:00,2026-09-14 17:00:00
332,LNR-20260923-00332,39,12,PENDING_PAYMENT,SYSTEM,Phan Khánh Lan,customer39@lunara-spa.demo,0910003683,2026-09-23 13:30:00,2026-09-23 15:00:00,Ưu tiên phòng yên tĩnh,90,650000,\N,\N,\N,39,2026-09-14 13:30:00,2026-09-14 13:30:00
333,LNR-20261013-00333,87,\N,PENDING_PAYMENT,SYSTEM,Võ Thị Trang,customer87@lunara-spa.demo,0910003731,2026-10-13 16:00:00,2026-10-13 17:15:00,Da hơi nhạy cảm,75,410000,\N,\N,\N,87,2026-09-14 14:00:00,2026-09-14 14:00:00
334,LNR-20260921-00334,133,17,PENDING_PAYMENT,ADMIN,Lê Văn Nam,customer133@lunara-spa.demo,0910003777,2026-09-21 09:00:00,2026-09-21 10:00:00,Ưu tiên phòng yên tĩnh,60,520000,\N,\N,\N,8,2026-09-10 09:00:00,2026-09-10 09:00:00
335,LNR-20261007-00335,38,21,PENDING_PAYMENT,CUSTOMER,Đỗ Thanh Bình,customer38@lunara-spa.demo,0910003682,2026-10-07 11:00:00,2026-10-07 12:15:00,Da hơi nhạy cảm,75,480000,\N,\N,\N,38,2026-09-14 07:00:00,2026-09-14 07:00:00
336,LNR-20261021-00336,139,\N,PENDING_PAYMENT,ADMIN,Bùi Hồng Ngọc,customer139@lunara-spa.demo,0910003783,2026-10-21 14:00:00,2026-10-21 15:00:00,\N,60,520000,\N,\N,\N,8,2026-09-14 20:00:00,2026-09-14 20:00:00
337,LNR-20260926-00337,59,21,PENDING_PAYMENT,ADMIN,Đặng Ngọc Quỳnh,customer59@lunara-spa.demo,0910003703,2026-09-26 09:00:00,2026-09-26 10:15:00,Ưu tiên phòng yên tĩnh,75,480000,\N,\N,\N,2,2026-09-14 14:00:00,2026-09-14 14:00:00
338,LNR-20261023-00338,97,12,PENDING_PAYMENT,CUSTOMER,Vũ Thu Bình,customer97@lunara-spa.demo,0910003741,2026-10-23 11:00:00,2026-10-23 12:00:00,\N,60,420000,\N,\N,\N,97,2026-09-14 13:00:00,2026-09-14 13:00:00
339,LNR-20261008-00339,96,18,PENDING_PAYMENT,ADMIN,Võ Hoài Hà,customer96@lunara-spa.demo,0910003740,2026-10-08 11:00:00,2026-10-08 12:00:00,Da hơi nhạy cảm,60,420000,\N,\N,\N,4,2026-09-14 12:00:00,2026-09-14 12:00:00
340,LNR-20261019-00340,92,22,PENDING_PAYMENT,SYSTEM,Hoàng Thu Yến,customer92@lunara-spa.demo,0910003736,2026-10-19 09:00:00,2026-10-19 11:00:00,Da hơi nhạy cảm,120,820000,\N,\N,\N,92,2026-09-15 07:00:00,2026-09-15 07:00:00
341,LNR-20260922-00341,96,\N,PENDING_PAYMENT,ADMIN,Võ Hoài Hà,customer96@lunara-spa.demo,0910003740,2026-09-22 10:00:00,2026-09-22 12:00:00,Xin gọi trước 15 phút,120,870000,\N,\N,\N,5,2026-09-07 07:00:00,2026-09-07 07:00:00
342,LNR-20260925-00342,125,24,PENDING_PAYMENT,SYSTEM,Trần Minh Quỳnh,customer125@lunara-spa.demo,0910003769,2026-09-25 09:00:00,2026-09-25 10:15:00,Xin gọi trước 15 phút,75,580000,\N,\N,\N,125,2026-09-15 07:00:00,2026-09-15 07:00:00
343,LNR-20261005-00343,35,14,PENDING_PAYMENT,SYSTEM,Nguyễn Thị Vy,customer35@lunara-spa.demo,0910003679,2026-10-05 09:00:00,2026-10-05 10:00:00,Ưu tiên phòng yên tĩnh,60,450000,\N,\N,\N,35,2026-09-15 02:00:00,2026-09-15 02:00:00
344,LNR-20261023-00344,48,18,PENDING_PAYMENT,ADMIN,Bùi Thị Ngọc,customer48@lunara-spa.demo,0910003692,2026-10-23 15:30:00,2026-10-23 16:30:00,Da hơi nhạy cảm,60,350000,\N,\N,\N,5,2026-09-14 11:00:00,2026-09-14 11:00:00
345,LNR-20261016-00345,162,11,PENDING_PAYMENT,SYSTEM,Trần Khánh Tuấn,customer162@lunara-spa.demo,0910003806,2026-10-16 11:00:00,2026-10-16 12:00:00,\N,60,520000,\N,\N,\N,162,2026-09-15 14:00:00,2026-09-15 14:00:00
346,LNR-20260921-00346,32,17,PENDING_PAYMENT,ADMIN,Huỳnh Văn Quỳnh,customer32@lunara-spa.demo,0910003676,2026-09-21 13:30:00,2026-09-21 14:45:00,\N,75,410000,\N,\N,\N,7,2026-09-03 09:30:00,2026-09-03 09:30:00
347,LNR-20260925-00347,138,19,PENDING_PAYMENT,SYSTEM,Bùi Hoài Hạnh,customer138@lunara-spa.demo,0910003782,2026-09-25 13:30:00,2026-09-25 14:45:00,\N,75,480000,\N,\N,\N,138,2026-09-14 14:00:00,2026-09-14 14:00:00
348,LNR-20260929-00348,99,\N,PENDING_PAYMENT,ADMIN,Lê Hồng Quân,customer99@lunara-spa.demo,0910003743,2026-09-29 14:00:00,2026-09-29 16:00:00,\N,120,860000,\N,\N,\N,9,2026-09-11 12:00:00,2026-09-11 12:00:00
349,LNR-20261027-00349,125,12,PENDING_PAYMENT,SYSTEM,Trần Minh Quỳnh,customer125@lunara-spa.demo,0910003769,2026-10-27 15:30:00,2026-10-27 17:00:00,\N,90,650000,\N,\N,\N,125,2026-09-15 11:00:00,2026-09-15 11:00:00
350,LNR-20261003-00350,130,20,PENDING_PAYMENT,SYSTEM,Phạm Gia Bình,customer130@lunara-spa.demo,0910003774,2026-10-03 11:00:00,2026-10-03 12:15:00,Xin gọi trước 15 phút,75,410000,\N,\N,\N,130,2026-09-15 09:00:00,2026-09-15 09:00:00
351,LNR-20261017-00351,49,\N,PENDING_PAYMENT,ADMIN,Phạm Văn Uyên,customer49@lunara-spa.demo,0910003693,2026-10-17 10:00:00,2026-10-17 11:30:00,Ưu tiên phòng yên tĩnh,90,650000,\N,\N,\N,4,2026-09-14 12:00:00,2026-09-14 12:00:00
352,LNR-20260916-00352,116,\N,PENDING_PAYMENT,SYSTEM,Hoàng Ngọc Quỳnh,customer116@lunara-spa.demo,0910003760,2026-09-16 16:00:00,2026-09-16 17:15:00,\N,75,480000,\N,\N,\N,116,2026-09-08 15:00:00,2026-09-08 15:00:00
353,LNR-20260918-00353,130,\N,PENDING_PAYMENT,SYSTEM,Phạm Gia Bình,customer130@lunara-spa.demo,0910003774,2026-09-18 16:00:00,2026-09-18 17:30:00,Xin gọi trước 15 phút,90,720000,\N,\N,\N,130,2026-09-13 16:00:00,2026-09-13 16:00:00
354,LNR-20261030-00354,37,14,PENDING_PAYMENT,CUSTOMER,Bùi Đức Tuấn,customer37@lunara-spa.demo,0910003681,2026-10-30 09:00:00,2026-10-30 10:30:00,Ưu tiên phòng yên tĩnh,90,470000,\N,\N,\N,37,2026-09-14 20:00:00,2026-09-14 20:00:00
355,LNR-20261024-00355,63,19,PENDING_PAYMENT,ADMIN,Phạm Thanh Linh,customer63@lunara-spa.demo,0910003707,2026-10-24 09:00:00,2026-10-24 10:30:00,\N,90,650000,\N,\N,\N,7,2026-09-15 12:00:00,2026-09-15 12:00:00
356,LNR-20261022-00356,61,\N,PENDING_PAYMENT,SYSTEM,Võ Văn Bình,customer61@lunara-spa.demo,0910003705,2026-10-22 14:00:00,2026-10-22 15:30:00,Da hơi nhạy cảm,90,650000,\N,\N,\N,61,2026-09-14 18:00:00,2026-09-14 18:00:00
357,LNR-20261031-00357,124,\N,PENDING_PAYMENT,ADMIN,Phạm Hoài Hiền,customer124@lunara-spa.demo,0910003768,2026-10-31 10:00:00,2026-10-31 10:45:00,\N,45,280000,\N,\N,\N,9,2026-09-14 13:00:00,2026-09-14 13:00:00
358,LNR-20261010-00358,138,\N,PENDING_PAYMENT,ADMIN,Bùi Hoài Hạnh,customer138@lunara-spa.demo,0910003782,2026-10-10 10:00:00,2026-10-10 11:00:00,\N,60,330000,\N,\N,\N,7,2026-09-14 13:00:00,2026-09-14 13:00:00
359,LNR-20261017-00359,127,\N,PENDING_PAYMENT,SYSTEM,Bùi Quang Trâm,customer127@lunara-spa.demo,0910003771,2026-10-17 16:00:00,2026-10-17 17:15:00,Ưu tiên phòng yên tĩnh,75,480000,\N,\N,\N,127,2026-09-15 11:00:00,2026-09-15 11:00:00
360,LNR-20261014-00360,89,20,PENDING_PAYMENT,SYSTEM,Phan Văn Bình,customer89@lunara-spa.demo,0910003733,2026-10-14 09:00:00,2026-10-14 10:00:00,\N,60,520000,\N,\N,\N,89,2026-09-14 04:00:00,2026-09-14 04:00:00
361,LNR-20261001-00361,70,24,PENDING_PAYMENT,SYSTEM,Đặng Quang Quỳnh,customer70@lunara-spa.demo,0910003714,2026-10-01 15:30:00,2026-10-01 16:45:00,Xin gọi trước 15 phút,75,580000,\N,\N,\N,70,2026-09-15 02:00:00,2026-09-15 02:00:00
362,LNR-20261019-00362,173,\N,PENDING_PAYMENT,SYSTEM,Đỗ Gia Khánh,customer173@lunara-spa.demo,0910003817,2026-10-19 14:00:00,2026-10-19 15:00:00,Da hơi nhạy cảm,60,520000,\N,\N,\N,173,2026-09-14 03:00:00,2026-09-14 03:00:00
363,LNR-20261030-00363,108,21,PENDING_PAYMENT,SYSTEM,Nguyễn Thu Huy,customer108@lunara-spa.demo,0910003752,2026-10-30 13:30:00,2026-10-30 14:45:00,Xin gọi trước 15 phút,75,480000,\N,\N,\N,108,2026-09-15 01:00:00,2026-09-15 01:00:00
364,LNR-20261029-00364,32,16,PENDING_PAYMENT,SYSTEM,Huỳnh Văn Quỳnh,customer32@lunara-spa.demo,0910003676,2026-10-29 13:30:00,2026-10-29 15:30:00,Da hơi nhạy cảm,120,1040000,\N,\N,\N,32,2026-09-15 00:00:00,2026-09-15 00:00:00
365,LNR-20261015-00365,92,10,PENDING_PAYMENT,CUSTOMER,Hoàng Thu Yến,customer92@lunara-spa.demo,0910003736,2026-10-15 15:30:00,2026-10-15 16:30:00,Da hơi nhạy cảm,60,420000,\N,\N,\N,92,2026-09-14 07:00:00,2026-09-14 07:00:00
366,LNR-20261002-00366,151,17,PENDING_PAYMENT,ADMIN,Bùi Gia Trâm,customer151@lunara-spa.demo,0910003795,2026-10-02 09:00:00,2026-10-02 10:30:00,Xin gọi trước 15 phút,90,670000,\N,\N,\N,9,2026-09-14 12:00:00,2026-09-14 12:00:00
367,LNR-20261022-00367,166,\N,PENDING_PAYMENT,ADMIN,Đỗ Thị Trang,customer166@lunara-spa.demo,0910003810,2026-10-22 16:00:00,2026-10-22 17:30:00,Da hơi nhạy cảm,90,850000,\N,\N,\N,4,2026-09-15 03:00:00,2026-09-15 03:00:00
368,LNR-20261016-00368,127,17,PENDING_PAYMENT,SYSTEM,Bùi Quang Trâm,customer127@lunara-spa.demo,0910003771,2026-10-16 11:00:00,2026-10-16 12:30:00,\N,90,720000,\N,\N,\N,127,2026-09-14 16:00:00,2026-09-14 16:00:00
369,LNR-20260916-00369,139,12,PENDING_PAYMENT,CUSTOMER,Bùi Hồng Ngọc,customer139@lunara-spa.demo,0910003783,2026-09-16 09:00:00,2026-09-16 10:00:00,Ưu tiên phòng yên tĩnh,60,350000,\N,\N,\N,139,2026-09-03 09:00:00,2026-09-03 09:00:00
370,LNR-20261020-00370,57,\N,PENDING_PAYMENT,SYSTEM,Trần Khánh Nam,customer57@lunara-spa.demo,0910003701,2026-10-20 16:00:00,2026-10-20 17:45:00,Xin gọi trước 15 phút,105,700000,\N,\N,\N,57,2026-09-14 16:00:00,2026-09-14 16:00:00
371,LNR-20260925-00371,115,13,PENDING,CUSTOMER,Võ Văn Hiền,customer115@lunara-spa.demo,0910003759,2026-09-25 13:30:00,2026-09-25 15:00:00,\N,90,630000,\N,\N,\N,115,2026-09-15 07:00:00,2026-09-15 07:00:00
372,LNR-20260929-00372,147,18,PENDING,SYSTEM,Bùi Hoài Vy,customer147@lunara-spa.demo,0910003791,2026-09-29 15:30:00,2026-09-29 16:15:00,\N,45,250000,\N,\N,\N,147,2026-09-14 05:00:00,2026-09-14 05:00:00
373,LNR-20260922-00373,169,22,PENDING,SYSTEM,Phan Hồng Ngọc,customer169@lunara-spa.demo,0910003813,2026-09-22 13:30:00,2026-09-22 14:15:00,\N,45,250000,\N,\N,\N,169,2026-09-15 03:00:00,2026-09-15 03:00:00
374,LNR-20261015-00374,160,22,PENDING,SYSTEM,Võ Hoài Sơn,customer160@lunara-spa.demo,0910003804,2026-10-15 15:30:00,2026-10-15 16:15:00,Da hơi nhạy cảm,45,250000,\N,\N,\N,160,2026-09-14 14:00:00,2026-09-14 14:00:00
375,LNR-20261022-00375,139,13,PENDING,CUSTOMER,Bùi Hồng Ngọc,customer139@lunara-spa.demo,0910003783,2026-10-22 13:30:00,2026-10-22 14:30:00,Ưu tiên phòng yên tĩnh,60,520000,\N,\N,\N,139,2026-09-14 20:00:00,2026-09-14 20:00:00
376,LNR-20260916-00376,130,10,PENDING,SYSTEM,Phạm Gia Bình,customer130@lunara-spa.demo,0910003774,2026-09-16 09:00:00,2026-09-16 11:00:00,Xin gọi trước 15 phút,120,590000,\N,\N,\N,130,2026-09-04 03:00:00,2026-09-04 03:00:00
377,LNR-20260928-00377,66,23,PENDING,CUSTOMER,Vũ Ngọc Quân,customer66@lunara-spa.demo,0910003710,2026-09-28 13:30:00,2026-09-28 14:30:00,\N,60,420000,\N,\N,\N,66,2026-09-14 22:00:00,2026-09-14 22:00:00
378,LNR-20261015-00378,55,23,PENDING,SYSTEM,Bùi Hoài Nam,customer55@lunara-spa.demo,0910003699,2026-10-15 11:00:00,2026-10-15 12:30:00,Xin gọi trước 15 phút,90,470000,\N,\N,\N,55,2026-09-15 06:00:00,2026-09-15 06:00:00
379,LNR-20261019-00379,129,16,PENDING,CUSTOMER,Huỳnh Văn Trâm,customer129@lunara-spa.demo,0910003773,2026-10-19 09:00:00,2026-10-19 10:00:00,Ưu tiên phòng yên tĩnh,60,450000,\N,\N,\N,129,2026-09-14 20:00:00,2026-09-14 20:00:00
380,LNR-20260923-00380,163,19,PENDING,CUSTOMER,Võ Văn Khánh,customer163@lunara-spa.demo,0910003807,2026-09-23 15:30:00,2026-09-23 17:30:00,Ưu tiên phòng yên tĩnh,120,760000,\N,\N,\N,163,2026-09-15 02:00:00,2026-09-15 02:00:00
381,LNR-20261021-00381,67,15,PENDING,SYSTEM,Huỳnh Hồng Hoàng,customer67@lunara-spa.demo,0910003711,2026-10-21 15:30:00,2026-10-21 16:30:00,Da hơi nhạy cảm,60,520000,\N,\N,\N,67,2026-09-14 05:00:00,2026-09-14 05:00:00
382,LNR-20260926-00382,50,23,PENDING,CUSTOMER,Trần Hồng Vy,customer50@lunara-spa.demo,0910003694,2026-09-26 13:30:00,2026-09-26 15:00:00,Da hơi nhạy cảm,90,470000,\N,\N,\N,50,2026-09-12 12:30:00,2026-09-12 12:30:00
383,LNR-20261016-00383,56,13,PENDING,SYSTEM,Bùi Minh Hiền,customer56@lunara-spa.demo,0910003700,2026-10-16 13:30:00,2026-10-16 14:30:00,Xin gọi trước 15 phút,60,350000,\N,\N,\N,56,2026-09-15 11:00:00,2026-09-15 11:00:00
384,LNR-20261010-00384,43,11,PENDING,ADMIN,Vũ Minh Vy,customer43@lunara-spa.demo,0910003687,2026-10-10 15:30:00,2026-10-10 16:30:00,\N,60,330000,\N,\N,\N,9,2026-09-15 07:00:00,2026-09-15 07:00:00
385,LNR-20260921-00385,38,13,PENDING,CUSTOMER,Đỗ Thanh Bình,customer38@lunara-spa.demo,0910003682,2026-09-21 11:00:00,2026-09-21 12:00:00,\N,60,520000,\N,\N,\N,38,2026-09-14 22:00:00,2026-09-14 22:00:00
386,LNR-20261017-00386,30,16,PENDING,SYSTEM,Đặng Gia Giang,customer30@lunara-spa.demo,0910003674,2026-10-17 15:30:00,2026-10-17 16:15:00,Ưu tiên phòng yên tĩnh,45,280000,\N,\N,\N,30,2026-09-14 19:00:00,2026-09-14 19:00:00
387,LNR-20261009-00387,144,17,PENDING,SYSTEM,Đỗ Ngọc Hạnh,customer144@lunara-spa.demo,0910003788,2026-10-09 11:00:00,2026-10-09 11:45:00,Xin gọi trước 15 phút,45,250000,\N,\N,\N,144,2026-09-14 14:00:00,2026-09-14 14:00:00
388,LNR-20261005-00388,140,11,PENDING,CUSTOMER,Phạm Thu Yến,customer140@lunara-spa.demo,0910003784,2026-10-05 11:00:00,2026-10-05 13:00:00,\N,120,810000,\N,\N,\N,140,2026-09-15 08:00:00,2026-09-15 08:00:00
389,LNR-20261013-00389,72,14,PENDING,ADMIN,Đặng Minh Mai,customer72@lunara-spa.demo,0910003716,2026-10-13 11:00:00,2026-10-13 12:00:00,Da hơi nhạy cảm,60,350000,\N,\N,\N,7,2026-09-14 23:00:00,2026-09-14 23:00:00
390,LNR-20261024-00390,155,17,PENDING,SYSTEM,Hoàng Đức Vy,customer155@lunara-spa.demo,0910003799,2026-10-24 11:00:00,2026-10-24 13:00:00,Ưu tiên phòng yên tĩnh,120,780000,\N,\N,\N,155,2026-09-14 07:00:00,2026-09-14 07:00:00
391,LNR-20261013-00391,76,24,PENDING,ADMIN,Lê Khánh Yến,customer76@lunara-spa.demo,0910003720,2026-10-13 09:00:00,2026-10-13 09:45:00,\N,45,250000,\N,\N,\N,2,2026-09-14 11:00:00,2026-09-14 11:00:00
392,LNR-20261010-00392,66,22,PENDING,ADMIN,Vũ Ngọc Quân,customer66@lunara-spa.demo,0910003710,2026-10-10 09:00:00,2026-10-10 10:00:00,Ưu tiên phòng yên tĩnh,60,450000,\N,\N,\N,4,2026-09-15 10:00:00,2026-09-15 10:00:00
393,LNR-20261027-00393,60,20,PENDING,SYSTEM,Bùi Khánh Yến,customer60@lunara-spa.demo,0910003704,2026-10-27 09:00:00,2026-10-27 10:15:00,Xin gọi trước 15 phút,75,480000,\N,\N,\N,60,2026-09-15 04:00:00,2026-09-15 04:00:00
394,LNR-20260925-00394,125,13,PENDING,CUSTOMER,Trần Minh Quỳnh,customer125@lunara-spa.demo,0910003769,2026-09-25 09:00:00,2026-09-25 10:30:00,\N,90,720000,\N,\N,\N,125,2026-09-15 06:00:00,2026-09-15 06:00:00
395,LNR-20260929-00395,85,10,PENDING,SYSTEM,Phan Văn Yến,customer85@lunara-spa.demo,0910003729,2026-09-29 15:30:00,2026-09-29 16:30:00,Xin gọi trước 15 phút,60,520000,\N,\N,\N,85,2026-09-14 16:00:00,2026-09-14 16:00:00
396,LNR-20260922-00396,94,19,PENDING,SYSTEM,Hoàng Ngọc Ngân,customer94@lunara-spa.demo,0910003738,2026-09-22 13:30:00,2026-09-22 15:00:00,Da hơi nhạy cảm,90,650000,\N,\N,\N,94,2026-09-05 13:30:00,2026-09-05 13:30:00
397,LNR-20261008-00397,112,17,PENDING,SYSTEM,Lê Minh Phương,customer112@lunara-spa.demo,0910003756,2026-10-08 13:30:00,2026-10-08 14:30:00,\N,60,420000,\N,\N,\N,112,2026-09-15 13:00:00,2026-09-15 13:00:00
398,LNR-20260926-00398,71,10,PENDING,CUSTOMER,Phạm Đức Hà,customer71@lunara-spa.demo,0910003715,2026-09-26 13:30:00,2026-09-26 15:00:00,Ưu tiên phòng yên tĩnh,90,650000,\N,\N,\N,71,2026-09-15 08:00:00,2026-09-15 08:00:00
399,LNR-20261001-00399,161,11,PENDING,SYSTEM,Trần Ngọc Khánh,customer161@lunara-spa.demo,0910003805,2026-10-01 13:30:00,2026-10-01 14:30:00,Xin gọi trước 15 phút,60,450000,\N,\N,\N,161,2026-09-14 11:30:00,2026-09-14 11:30:00
400,LNR-20261015-00400,146,21,PENDING,SYSTEM,Vũ Hoài Hiền,customer146@lunara-spa.demo,0910003790,2026-10-15 11:00:00,2026-10-15 12:00:00,Xin gọi trước 15 phút,60,350000,\N,\N,\N,146,2026-09-15 07:00:00,2026-09-15 07:00:00
401,LNR-20260929-00401,167,17,PENDING,CUSTOMER,Lê Hoài Quỳnh,customer167@lunara-spa.demo,0910003811,2026-09-29 15:30:00,2026-09-29 17:00:00,Da hơi nhạy cảm,90,650000,\N,\N,\N,167,2026-09-14 16:00:00,2026-09-14 16:00:00
402,LNR-20261006-00402,160,16,PENDING,ADMIN,Võ Hoài Sơn,customer160@lunara-spa.demo,0910003804,2026-10-06 11:00:00,2026-10-06 11:45:00,Xin gọi trước 15 phút,45,250000,\N,\N,\N,7,2026-09-15 11:00:00,2026-09-15 11:00:00
403,LNR-20260919-00403,69,17,PENDING,ADMIN,Lê Minh Vy,customer69@lunara-spa.demo,0910003713,2026-09-19 09:00:00,2026-09-19 10:00:00,Xin gọi trước 15 phút,60,330000,\N,\N,\N,8,2026-09-06 06:00:00,2026-09-06 06:00:00
404,LNR-20260917-00404,58,10,PENDING,CUSTOMER,Phạm Thu Nga,customer58@lunara-spa.demo,0910003702,2026-09-17 13:30:00,2026-09-17 15:30:00,\N,120,810000,\N,\N,\N,58,2026-09-15 07:00:00,2026-09-15 07:00:00
405,LNR-20261007-00405,68,12,PENDING,ADMIN,Phan Gia Huy,customer68@lunara-spa.demo,0910003712,2026-10-07 15:30:00,2026-10-07 16:30:00,\N,60,450000,\N,\N,\N,9,2026-09-15 13:00:00,2026-09-15 13:00:00
406,LNR-20261002-00406,164,23,PENDING,CUSTOMER,Vũ Hoài Dũng,customer164@lunara-spa.demo,0910003808,2026-10-02 09:00:00,2026-10-02 10:30:00,Xin gọi trước 15 phút,90,630000,\N,\N,\N,164,2026-09-15 08:00:00,2026-09-15 08:00:00
407,LNR-20260918-00407,83,18,PENDING,CUSTOMER,Phan Thu Lan,customer83@lunara-spa.demo,0910003727,2026-09-18 11:00:00,2026-09-18 12:00:00,Ưu tiên phòng yên tĩnh,60,350000,\N,\N,\N,83,2026-09-15 09:00:00,2026-09-15 09:00:00
408,LNR-20261028-00408,47,22,PENDING,ADMIN,Vũ Hoài Hoàng,customer47@lunara-spa.demo,0910003691,2026-10-28 13:30:00,2026-10-28 14:45:00,Ưu tiên phòng yên tĩnh,75,480000,\N,\N,\N,6,2026-09-14 09:00:00,2026-09-14 09:00:00
409,LNR-20261005-00409,60,24,PENDING,ADMIN,Bùi Khánh Yến,customer60@lunara-spa.demo,0910003704,2026-10-05 15:30:00,2026-10-05 16:30:00,Da hơi nhạy cảm,60,520000,\N,\N,\N,7,2026-09-15 03:00:00,2026-09-15 03:00:00
410,LNR-20260924-00410,94,17,PENDING,SYSTEM,Hoàng Ngọc Ngân,customer94@lunara-spa.demo,0910003738,2026-09-24 15:30:00,2026-09-24 17:00:00,Xin gọi trước 15 phút,90,650000,\N,\N,\N,94,2026-09-06 14:30:00,2026-09-06 14:30:00
411,LNR-20260921-00411,30,10,PENDING,ADMIN,Đặng Gia Giang,customer30@lunara-spa.demo,0910003674,2026-09-21 09:00:00,2026-09-21 11:00:00,Ưu tiên phòng yên tĩnh,120,760000,\N,\N,\N,3,2026-09-10 08:00:00,2026-09-10 08:00:00
412,LNR-20260916-00412,96,24,PENDING,CUSTOMER,Võ Hoài Hà,customer96@lunara-spa.demo,0910003740,2026-09-16 11:00:00,2026-09-16 12:00:00,\N,60,350000,\N,\N,\N,96,2026-09-05 05:00:00,2026-09-05 05:00:00
413,LNR-20261023-00413,133,17,PENDING,CUSTOMER,Lê Văn Nam,customer133@lunara-spa.demo,0910003777,2026-10-23 13:30:00,2026-10-23 14:30:00,\N,60,520000,\N,\N,\N,133,2026-09-14 08:00:00,2026-09-14 08:00:00
414,LNR-20261022-00414,37,10,PENDING,SYSTEM,Bùi Đức Tuấn,customer37@lunara-spa.demo,0910003681,2026-10-22 13:30:00,2026-10-22 15:00:00,Da hơi nhạy cảm,90,850000,\N,\N,\N,37,2026-09-14 08:00:00,2026-09-14 08:00:00
415,LNR-20261030-00415,34,11,PENDING,SYSTEM,Võ Thị Nhung,customer34@lunara-spa.demo,0910003678,2026-10-30 11:00:00,2026-10-30 12:15:00,Xin gọi trước 15 phút,75,580000,\N,\N,\N,34,2026-09-15 00:00:00,2026-09-15 00:00:00
416,LNR-20260928-00416,42,12,PENDING,ADMIN,Lê Ngọc Nam,customer42@lunara-spa.demo,0910003686,2026-09-28 11:00:00,2026-09-28 12:00:00,\N,60,420000,\N,\N,\N,3,2026-09-15 11:00:00,2026-09-15 11:00:00
417,LNR-20261021-00417,164,16,PENDING,ADMIN,Vũ Hoài Dũng,customer164@lunara-spa.demo,0910003808,2026-10-21 09:00:00,2026-10-21 10:30:00,\N,90,650000,\N,\N,\N,4,2026-09-14 16:00:00,2026-09-14 16:00:00
418,LNR-20261026-00418,100,11,PENDING,SYSTEM,Trần Quang Hạnh,customer100@lunara-spa.demo,0910003744,2026-10-26 11:00:00,2026-10-26 12:00:00,Da hơi nhạy cảm,60,350000,\N,\N,\N,100,2026-09-14 12:00:00,2026-09-14 12:00:00
419,LNR-20260917-00419,73,15,PENDING,CUSTOMER,Lê Thanh Nam,customer73@lunara-spa.demo,0910003717,2026-09-17 15:30:00,2026-09-17 16:30:00,Ưu tiên phòng yên tĩnh,60,520000,\N,\N,\N,73,2026-09-01 12:30:00,2026-09-01 12:30:00
420,LNR-20261023-00420,120,11,PENDING,SYSTEM,Vũ Thanh Mai,customer120@lunara-spa.demo,0910003764,2026-10-23 13:30:00,2026-10-23 15:30:00,Xin gọi trước 15 phút,120,820000,\N,\N,\N,120,2026-09-14 12:00:00,2026-09-14 12:00:00
421,LNR-20261007-00421,166,21,PENDING,CUSTOMER,Đỗ Thị Trang,customer166@lunara-spa.demo,0910003810,2026-10-07 15:30:00,2026-10-07 16:15:00,\N,45,250000,\N,\N,\N,166,2026-09-14 23:00:00,2026-09-14 23:00:00
422,LNR-20260928-00422,122,16,PENDING,SYSTEM,Vũ Hồng Trâm,customer122@lunara-spa.demo,0910003766,2026-09-28 13:30:00,2026-09-28 14:45:00,Xin gọi trước 15 phút,75,580000,\N,\N,\N,122,2026-09-15 12:00:00,2026-09-15 12:00:00
423,LNR-20260919-00423,68,23,PENDING,ADMIN,Phan Gia Huy,customer68@lunara-spa.demo,0910003712,2026-09-19 09:00:00,2026-09-19 10:30:00,\N,90,670000,\N,\N,\N,5,2026-09-05 07:00:00,2026-09-05 07:00:00
424,LNR-20261008-00424,144,20,PENDING,SYSTEM,Đỗ Ngọc Hạnh,customer144@lunara-spa.demo,0910003788,2026-10-08 09:00:00,2026-10-08 11:00:00,\N,120,820000,\N,\N,\N,144,2026-09-14 20:00:00,2026-09-14 20:00:00
425,LNR-20261028-00425,32,21,PENDING,CUSTOMER,Huỳnh Văn Quỳnh,customer32@lunara-spa.demo,0910003676,2026-10-28 11:00:00,2026-10-28 12:30:00,Ưu tiên phòng yên tĩnh,90,650000,\N,\N,\N,32,2026-09-14 14:00:00,2026-09-14 14:00:00
426,LNR-20261014-00426,70,16,PENDING,CUSTOMER,Đặng Quang Quỳnh,customer70@lunara-spa.demo,0910003714,2026-10-14 15:30:00,2026-10-14 16:30:00,Ưu tiên phòng yên tĩnh,60,420000,\N,\N,\N,70,2026-09-15 12:00:00,2026-09-15 12:00:00
427,LNR-20260918-00427,171,22,PENDING,SYSTEM,Huỳnh Văn Minh,customer171@lunara-spa.demo,0910003815,2026-09-18 11:00:00,2026-09-18 12:00:00,\N,60,450000,\N,\N,\N,171,2026-09-13 11:00:00,2026-09-13 11:00:00
428,LNR-20261021-00428,97,22,PENDING,CUSTOMER,Vũ Thu Bình,customer97@lunara-spa.demo,0910003741,2026-10-21 15:30:00,2026-10-21 17:00:00,\N,90,850000,\N,\N,\N,97,2026-09-14 10:00:00,2026-09-14 10:00:00
429,LNR-20261027-00429,70,24,PENDING,ADMIN,Đặng Quang Quỳnh,customer70@lunara-spa.demo,0910003714,2026-10-27 13:30:00,2026-10-27 14:30:00,\N,60,520000,\N,\N,\N,6,2026-09-14 03:00:00,2026-09-14 03:00:00
430,LNR-20261017-00430,123,19,PENDING,SYSTEM,Huỳnh Đức Ngân,customer123@lunara-spa.demo,0910003767,2026-10-17 11:00:00,2026-10-17 12:15:00,Ưu tiên phòng yên tĩnh,75,480000,\N,\N,\N,123,2026-09-14 20:00:00,2026-09-14 20:00:00
431,LNR-20261029-00431,159,22,PENDING,SYSTEM,Hoàng Thu Huy,customer159@lunara-spa.demo,0910003803,2026-10-29 09:00:00,2026-10-29 09:45:00,Xin gọi trước 15 phút,45,250000,\N,\N,\N,159,2026-09-14 22:00:00,2026-09-14 22:00:00
432,LNR-20260922-00432,31,24,PENDING,CUSTOMER,Nguyễn Ngọc Huy,customer31@lunara-spa.demo,0910003675,2026-09-22 09:00:00,2026-09-22 11:00:00,Da hơi nhạy cảm,120,920000,\N,\N,\N,31,2026-09-07 08:00:00,2026-09-07 08:00:00
433,LNR-20261003-00433,170,23,PENDING,CUSTOMER,Đỗ Thanh Hải,customer170@lunara-spa.demo,0910003814,2026-10-03 11:00:00,2026-10-03 12:00:00,\N,60,350000,\N,\N,\N,170,2026-09-14 12:00:00,2026-09-14 12:00:00
434,LNR-20261023-00434,124,21,PENDING,CUSTOMER,Phạm Hoài Hiền,customer124@lunara-spa.demo,0910003768,2026-10-23 15:30:00,2026-10-23 16:15:00,Ưu tiên phòng yên tĩnh,45,250000,\N,\N,\N,124,2026-09-14 06:00:00,2026-09-14 06:00:00
435,LNR-20261030-00435,102,15,PENDING,SYSTEM,Phạm Khánh Sơn,customer102@lunara-spa.demo,0910003746,2026-10-30 13:30:00,2026-10-30 14:45:00,\N,75,580000,\N,\N,\N,102,2026-09-14 22:00:00,2026-09-14 22:00:00
436,LNR-20260925-00436,65,17,PENDING,ADMIN,Đặng Thanh Mai,customer65@lunara-spa.demo,0910003709,2026-09-25 13:30:00,2026-09-25 15:00:00,Xin gọi trước 15 phút,90,850000,\N,\N,\N,4,2026-09-13 10:30:00,2026-09-13 10:30:00
437,LNR-20261010-00437,162,16,PENDING,SYSTEM,Trần Khánh Tuấn,customer162@lunara-spa.demo,0910003806,2026-10-10 09:00:00,2026-10-10 11:00:00,\N,120,760000,\N,\N,\N,162,2026-09-14 03:00:00,2026-09-14 03:00:00
438,LNR-20260919-00438,62,11,PENDING,SYSTEM,Đỗ Gia Mai,customer62@lunara-spa.demo,0910003706,2026-09-19 13:30:00,2026-09-19 15:00:00,Xin gọi trước 15 phút,90,850000,\N,\N,\N,62,2026-09-07 12:30:00,2026-09-07 12:30:00
439,LNR-20261013-00439,36,18,PENDING,SYSTEM,Phan Thu Hoàng,customer36@lunara-spa.demo,0910003680,2026-10-13 11:00:00,2026-10-13 13:00:00,Ưu tiên phòng yên tĩnh,120,750000,\N,\N,\N,36,2026-09-14 14:00:00,2026-09-14 14:00:00
440,LNR-20261012-00440,100,24,PENDING,SYSTEM,Trần Quang Hạnh,customer100@lunara-spa.demo,0910003744,2026-10-12 15:30:00,2026-10-12 17:30:00,Ưu tiên phòng yên tĩnh,120,590000,\N,\N,\N,100,2026-09-14 19:00:00,2026-09-14 19:00:00
441,LNR-20261014-00441,131,16,PENDING,CUSTOMER,Phan Khánh Bình,customer131@lunara-spa.demo,0910003775,2026-10-14 11:00:00,2026-10-14 12:15:00,Da hơi nhạy cảm,75,480000,\N,\N,\N,131,2026-09-15 03:00:00,2026-09-15 03:00:00
442,LNR-20261015-00442,83,18,PENDING,ADMIN,Phan Thu Lan,customer83@lunara-spa.demo,0910003727,2026-10-15 09:00:00,2026-10-15 10:00:00,\N,60,420000,\N,\N,\N,7,2026-09-14 15:00:00,2026-09-14 15:00:00
443,LNR-20261030-00443,138,21,PENDING,SYSTEM,Bùi Hoài Hạnh,customer138@lunara-spa.demo,0910003782,2026-10-30 11:00:00,2026-10-30 12:00:00,Ưu tiên phòng yên tĩnh,60,330000,\N,\N,\N,138,2026-09-14 09:00:00,2026-09-14 09:00:00
444,LNR-20261029-00444,45,22,PENDING,CUSTOMER,Lê Minh Chi,customer45@lunara-spa.demo,0910003689,2026-10-29 15:30:00,2026-10-29 17:30:00,Da hơi nhạy cảm,120,810000,\N,\N,\N,45,2026-09-14 16:00:00,2026-09-14 16:00:00
445,LNR-20260918-00445,95,22,PENDING,ADMIN,Hoàng Thị Nga,customer95@lunara-spa.demo,0910003739,2026-09-18 15:30:00,2026-09-18 16:45:00,\N,75,580000,\N,\N,\N,4,2026-09-03 15:30:00,2026-09-03 15:30:00
446,LNR-20260919-00446,107,19,PENDING,SYSTEM,Võ Đức Huy,customer107@lunara-spa.demo,0910003751,2026-09-19 13:30:00,2026-09-19 15:00:00,Da hơi nhạy cảm,90,650000,\N,\N,\N,107,2026-09-13 09:30:00,2026-09-13 09:30:00
447,LNR-20261015-00447,73,21,PENDING,SYSTEM,Lê Thanh Nam,customer73@lunara-spa.demo,0910003717,2026-10-15 13:30:00,2026-10-15 14:30:00,\N,60,420000,\N,\N,\N,73,2026-09-15 12:00:00,2026-09-15 12:00:00
448,LNR-20261031-00448,87,20,PENDING,ADMIN,Võ Thị Trang,customer87@lunara-spa.demo,0910003731,2026-10-31 13:30:00,2026-10-31 15:00:00,Xin gọi trước 15 phút,90,650000,\N,\N,\N,6,2026-09-15 04:00:00,2026-09-15 04:00:00
449,LNR-20261030-00449,44,24,PENDING,CUSTOMER,Phan Gia Ngọc,customer44@lunara-spa.demo,0910003688,2026-10-30 13:30:00,2026-10-30 14:45:00,Da hơi nhạy cảm,75,580000,\N,\N,\N,44,2026-09-14 07:00:00,2026-09-14 07:00:00
450,LNR-20261012-00450,127,15,PENDING,CUSTOMER,Bùi Quang Trâm,customer127@lunara-spa.demo,0910003771,2026-10-12 15:30:00,2026-10-12 16:30:00,\N,60,520000,\N,\N,\N,127,2026-09-15 11:00:00,2026-09-15 11:00:00
451,LNR-20261010-00451,164,22,CONFIRMED,ADMIN,Vũ Hoài Dũng,customer164@lunara-spa.demo,0910003808,2026-10-10 13:30:00,2026-10-10 15:00:00,\N,90,630000,\N,\N,\N,7,2026-09-15 10:00:00,2026-09-15 10:00:00
452,LNR-20261021-00452,32,21,CONFIRMED,ADMIN,Huỳnh Văn Quỳnh,customer32@lunara-spa.demo,0910003676,2026-10-21 09:00:00,2026-10-21 10:15:00,Ưu tiên phòng yên tĩnh,75,480000,\N,\N,\N,4,2026-09-14 17:00:00,2026-09-14 17:00:00
453,LNR-20261006-00453,88,18,CONFIRMED,CUSTOMER,Vũ Ngọc Phương,customer88@lunara-spa.demo,0910003732,2026-10-06 09:00:00,2026-10-06 10:30:00,Da hơi nhạy cảm,90,720000,\N,\N,\N,88,2026-09-15 08:00:00,2026-09-15 08:00:00
454,LNR-20260926-00454,138,19,CONFIRMED,CUSTOMER,Bùi Hoài Hạnh,customer138@lunara-spa.demo,0910003782,2026-09-26 13:30:00,2026-09-26 14:45:00,Xin gọi trước 15 phút,75,480000,\N,\N,\N,138,2026-09-15 05:00:00,2026-09-15 05:00:00
455,LNR-20260922-00455,96,15,CONFIRMED,SYSTEM,Võ Hoài Hà,customer96@lunara-spa.demo,0910003740,2026-09-22 11:00:00,2026-09-22 12:15:00,Ưu tiên phòng yên tĩnh,75,410000,\N,\N,\N,96,2026-09-14 04:00:00,2026-09-14 04:00:00
456,LNR-20261030-00456,114,18,CONFIRMED,SYSTEM,Bùi Ngọc Lan,customer114@lunara-spa.demo,0910003758,2026-10-30 15:30:00,2026-10-30 16:30:00,Xin gọi trước 15 phút,60,420000,\N,\N,\N,114,2026-09-14 21:00:00,2026-09-14 21:00:00
457,LNR-20261030-00457,133,19,CONFIRMED,SYSTEM,Lê Văn Nam,customer133@lunara-spa.demo,0910003777,2026-10-30 13:30:00,2026-10-30 15:15:00,Ưu tiên phòng yên tĩnh,105,800000,\N,\N,\N,133,2026-09-15 10:00:00,2026-09-15 10:00:00
458,LNR-20261001-00458,168,11,CONFIRMED,ADMIN,Phan Khánh Sơn,customer168@lunara-spa.demo,0910003812,2026-10-01 11:00:00,2026-10-01 12:15:00,Da hơi nhạy cảm,75,480000,\N,\N,\N,2,2026-09-15 02:00:00,2026-09-15 02:00:00
459,LNR-20261015-00459,136,14,CONFIRMED,CUSTOMER,Bùi Đức Ngân,customer136@lunara-spa.demo,0910003780,2026-10-15 11:00:00,2026-10-15 12:00:00,Ưu tiên phòng yên tĩnh,60,350000,\N,\N,\N,136,2026-09-14 11:00:00,2026-09-14 11:00:00
460,LNR-20261023-00460,35,15,CONFIRMED,SYSTEM,Nguyễn Thị Vy,customer35@lunara-spa.demo,0910003679,2026-10-23 15:30:00,2026-10-23 17:00:00,\N,90,850000,\N,\N,\N,35,2026-09-14 05:00:00,2026-09-14 05:00:00
461,LNR-20260923-00461,156,22,CONFIRMED,CUSTOMER,Trần Văn Quỳnh,customer156@lunara-spa.demo,0910003800,2026-09-23 15:30:00,2026-09-23 16:45:00,Da hơi nhạy cảm,75,580000,\N,\N,\N,156,2026-09-10 14:30:00,2026-09-10 14:30:00
462,LNR-20261031-00462,86,13,CONFIRMED,CUSTOMER,Phan Thị Huy,customer86@lunara-spa.demo,0910003730,2026-10-31 13:30:00,2026-10-31 15:30:00,Da hơi nhạy cảm,120,940000,\N,\N,\N,86,2026-09-14 14:00:00,2026-09-14 14:00:00
463,LNR-20261023-00463,148,13,CONFIRMED,SYSTEM,Bùi Gia Vy,customer148@lunara-spa.demo,0910003792,2026-10-23 13:30:00,2026-10-23 15:30:00,\N,120,810000,\N,\N,\N,148,2026-09-15 01:00:00,2026-09-15 01:00:00
464,LNR-20261013-00464,39,18,CONFIRMED,ADMIN,Phan Khánh Lan,customer39@lunara-spa.demo,0910003683,2026-10-13 13:30:00,2026-10-13 14:30:00,\N,60,330000,\N,\N,\N,8,2026-09-14 12:00:00,2026-09-14 12:00:00
465,LNR-20260928-00465,103,16,CONFIRMED,SYSTEM,Phạm Gia Quỳnh,customer103@lunara-spa.demo,0910003747,2026-09-28 09:00:00,2026-09-28 10:30:00,Xin gọi trước 15 phút,90,720000,\N,\N,\N,103,2026-09-14 03:00:00,2026-09-14 03:00:00
466,LNR-20261020-00466,153,21,CONFIRMED,SYSTEM,Nguyễn Hoài Vy,customer153@lunara-spa.demo,0910003797,2026-10-20 15:30:00,2026-10-20 17:15:00,\N,105,670000,\N,\N,\N,153,2026-09-15 05:00:00,2026-09-15 05:00:00
467,LNR-20261010-00467,165,16,CONFIRMED,SYSTEM,Vũ Khánh Hà,customer165@lunara-spa.demo,0910003809,2026-10-10 13:30:00,2026-10-10 14:45:00,Xin gọi trước 15 phút,75,580000,\N,\N,\N,165,2026-09-14 18:00:00,2026-09-14 18:00:00
468,LNR-20261012-00468,103,24,CONFIRMED,CUSTOMER,Phạm Gia Quỳnh,customer103@lunara-spa.demo,0910003747,2026-10-12 09:00:00,2026-10-12 10:00:00,Ưu tiên phòng yên tĩnh,60,420000,\N,\N,\N,103,2026-09-15 12:00:00,2026-09-15 12:00:00
469,LNR-20261024-00469,80,10,CONFIRMED,ADMIN,Lê Gia Nam,customer80@lunara-spa.demo,0910003724,2026-10-24 09:00:00,2026-10-24 11:00:00,Xin gọi trước 15 phút,120,590000,\N,\N,\N,3,2026-09-15 14:00:00,2026-09-15 14:00:00
470,LNR-20260925-00470,30,23,CONFIRMED,SYSTEM,Đặng Gia Giang,customer30@lunara-spa.demo,0910003674,2026-09-25 09:00:00,2026-09-25 10:30:00,Xin gọi trước 15 phút,90,850000,\N,\N,\N,30,2026-09-15 05:00:00,2026-09-15 05:00:00
471,LNR-20261027-00471,165,22,CONFIRMED,ADMIN,Vũ Khánh Hà,customer165@lunara-spa.demo,0910003809,2026-10-27 15:30:00,2026-10-27 16:30:00,Xin gọi trước 15 phút,60,330000,\N,\N,\N,4,2026-09-14 21:00:00,2026-09-14 21:00:00
472,LNR-20261016-00472,93,13,CONFIRMED,CUSTOMER,Trần Thanh Nhung,customer93@lunara-spa.demo,0910003737,2026-10-16 09:00:00,2026-10-16 10:15:00,Xin gọi trước 15 phút,75,580000,\N,\N,\N,93,2026-09-15 01:00:00,2026-09-15 01:00:00
473,LNR-20261007-00473,135,13,CONFIRMED,ADMIN,Trần Khánh Nam,customer135@lunara-spa.demo,0910003779,2026-10-07 11:00:00,2026-10-07 12:00:00,\N,60,420000,\N,\N,\N,6,2026-09-15 14:00:00,2026-09-15 14:00:00
474,LNR-20260917-00474,100,21,CONFIRMED,CUSTOMER,Trần Quang Hạnh,customer100@lunara-spa.demo,0910003744,2026-09-17 15:30:00,2026-09-17 16:30:00,Xin gọi trước 15 phút,60,350000,\N,\N,\N,100,2026-09-04 09:30:00,2026-09-04 09:30:00
475,LNR-20260930-00475,94,11,CONFIRMED,ADMIN,Hoàng Ngọc Ngân,customer94@lunara-spa.demo,0910003738,2026-09-30 15:30:00,2026-09-30 17:30:00,\N,120,810000,\N,\N,\N,2,2026-09-13 14:30:00,2026-09-13 14:30:00
476,LNR-20261023-00476,43,23,CONFIRMED,CUSTOMER,Vũ Minh Vy,customer43@lunara-spa.demo,0910003687,2026-10-23 15:30:00,2026-10-23 16:45:00,\N,75,410000,\N,\N,\N,43,2026-09-14 18:00:00,2026-09-14 18:00:00
477,LNR-20261029-00477,148,13,CONFIRMED,SYSTEM,Bùi Gia Vy,customer148@lunara-spa.demo,0910003792,2026-10-29 13:30:00,2026-10-29 15:00:00,Da hơi nhạy cảm,90,850000,\N,\N,\N,148,2026-09-14 12:00:00,2026-09-14 12:00:00
478,LNR-20260925-00478,164,18,CONFIRMED,SYSTEM,Vũ Hoài Dũng,customer164@lunara-spa.demo,0910003808,2026-09-25 11:00:00,2026-09-25 12:30:00,\N,90,720000,\N,\N,\N,164,2026-09-14 07:00:00,2026-09-14 07:00:00
479,LNR-20261014-00479,43,15,CONFIRMED,CUSTOMER,Vũ Minh Vy,customer43@lunara-spa.demo,0910003687,2026-10-14 13:30:00,2026-10-14 14:45:00,\N,75,480000,\N,\N,\N,43,2026-09-14 21:00:00,2026-09-14 21:00:00
480,LNR-20261023-00480,43,12,CONFIRMED,SYSTEM,Vũ Minh Vy,customer43@lunara-spa.demo,0910003687,2026-10-23 15:30:00,2026-10-23 16:45:00,\N,75,580000,\N,\N,\N,43,2026-09-15 08:00:00,2026-09-15 08:00:00
481,LNR-20260929-00481,33,17,CONFIRMED,CUSTOMER,Võ Thanh Ngọc,customer33@lunara-spa.demo,0910003677,2026-09-29 09:00:00,2026-09-29 10:30:00,\N,90,650000,\N,\N,\N,33,2026-09-14 22:00:00,2026-09-14 22:00:00
482,LNR-20260928-00482,104,19,CONFIRMED,CUSTOMER,Võ Quang Quân,customer104@lunara-spa.demo,0910003748,2026-09-28 13:30:00,2026-09-28 14:45:00,\N,75,480000,\N,\N,\N,104,2026-09-13 07:30:00,2026-09-13 07:30:00
483,LNR-20261016-00483,55,15,CONFIRMED,ADMIN,Bùi Hoài Nam,customer55@lunara-spa.demo,0910003699,2026-10-16 09:00:00,2026-10-16 10:00:00,Da hơi nhạy cảm,60,330000,\N,\N,\N,4,2026-09-14 23:00:00,2026-09-14 23:00:00
484,LNR-20261027-00484,134,14,CONFIRMED,SYSTEM,Bùi Thị Lan,customer134@lunara-spa.demo,0910003778,2026-10-27 15:30:00,2026-10-27 17:30:00,Da hơi nhạy cảm,120,870000,\N,\N,\N,134,2026-09-15 13:00:00,2026-09-15 13:00:00
485,LNR-20260930-00485,152,23,CONFIRMED,CUSTOMER,Vũ Khánh Ngân,customer152@lunara-spa.demo,0910003796,2026-09-30 13:30:00,2026-09-30 15:30:00,Da hơi nhạy cảm,120,590000,\N,\N,\N,152,2026-09-15 03:00:00,2026-09-15 03:00:00
486,LNR-20261009-00486,141,11,CONFIRMED,CUSTOMER,Đặng Gia Dũng,customer141@lunara-spa.demo,0910003785,2026-10-09 15:30:00,2026-10-09 17:00:00,Xin gọi trước 15 phút,90,670000,\N,\N,\N,141,2026-09-15 09:00:00,2026-09-15 09:00:00
487,LNR-20261005-00487,48,11,CONFIRMED,ADMIN,Bùi Thị Ngọc,customer48@lunara-spa.demo,0910003692,2026-10-05 09:00:00,2026-10-05 09:45:00,Xin gọi trước 15 phút,45,280000,\N,\N,\N,7,2026-09-14 21:00:00,2026-09-14 21:00:00
488,LNR-20261023-00488,134,24,CONFIRMED,CUSTOMER,Bùi Thị Lan,customer134@lunara-spa.demo,0910003778,2026-10-23 15:30:00,2026-10-23 16:30:00,\N,60,350000,\N,\N,\N,134,2026-09-14 13:00:00,2026-09-14 13:00:00
489,LNR-20261027-00489,69,17,CONFIRMED,SYSTEM,Lê Minh Vy,customer69@lunara-spa.demo,0910003713,2026-10-27 11:00:00,2026-10-27 12:30:00,Xin gọi trước 15 phút,90,650000,\N,\N,\N,69,2026-09-14 14:00:00,2026-09-14 14:00:00
490,LNR-20260923-00490,51,15,CONFIRMED,CUSTOMER,Nguyễn Khánh Khánh,customer51@lunara-spa.demo,0910003695,2026-09-23 09:00:00,2026-09-23 10:15:00,Xin gọi trước 15 phút,75,580000,\N,\N,\N,51,2026-09-11 05:00:00,2026-09-11 05:00:00
491,LNR-20260916-00491,170,12,CONFIRMED,ADMIN,Đỗ Thanh Hải,customer170@lunara-spa.demo,0910003814,2026-09-16 15:30:00,2026-09-16 17:00:00,Xin gọi trước 15 phút,90,720000,\N,\N,\N,5,2026-09-11 12:30:00,2026-09-11 12:30:00
492,LNR-20261020-00492,140,19,CONFIRMED,SYSTEM,Phạm Thu Yến,customer140@lunara-spa.demo,0910003784,2026-10-20 11:00:00,2026-10-20 13:00:00,\N,120,920000,\N,\N,\N,140,2026-09-15 04:00:00,2026-09-15 04:00:00
493,LNR-20261012-00493,104,12,CONFIRMED,SYSTEM,Võ Quang Quân,customer104@lunara-spa.demo,0910003748,2026-10-12 09:00:00,2026-10-12 10:00:00,\N,60,350000,\N,\N,\N,104,2026-09-14 13:00:00,2026-09-14 13:00:00
494,LNR-20261021-00494,31,17,CONFIRMED,SYSTEM,Nguyễn Ngọc Huy,customer31@lunara-spa.demo,0910003675,2026-10-21 13:30:00,2026-10-21 14:30:00,Da hơi nhạy cảm,60,330000,\N,\N,\N,31,2026-09-14 04:00:00,2026-09-14 04:00:00
495,LNR-20261019-00495,111,14,CONFIRMED,SYSTEM,Nguyễn Thanh Nga,customer111@lunara-spa.demo,0910003755,2026-10-19 15:30:00,2026-10-19 16:15:00,Da hơi nhạy cảm,45,250000,\N,\N,\N,111,2026-09-15 03:00:00,2026-09-15 03:00:00
496,LNR-20261014-00496,131,16,CONFIRMED,SYSTEM,Phan Khánh Bình,customer131@lunara-spa.demo,0910003775,2026-10-14 13:30:00,2026-10-14 14:45:00,Ưu tiên phòng yên tĩnh,75,580000,\N,\N,\N,131,2026-09-14 15:00:00,2026-09-14 15:00:00
497,LNR-20261029-00497,30,23,CONFIRMED,CUSTOMER,Đặng Gia Giang,customer30@lunara-spa.demo,0910003674,2026-10-29 15:30:00,2026-10-29 16:15:00,Da hơi nhạy cảm,45,280000,\N,\N,\N,30,2026-09-14 05:00:00,2026-09-14 05:00:00
498,LNR-20260921-00498,102,14,CONFIRMED,CUSTOMER,Phạm Khánh Sơn,customer102@lunara-spa.demo,0910003746,2026-09-21 15:30:00,2026-09-21 17:00:00,Xin gọi trước 15 phút,90,650000,\N,\N,\N,102,2026-09-14 10:30:00,2026-09-14 10:30:00
499,LNR-20261012-00499,116,10,CONFIRMED,CUSTOMER,Hoàng Ngọc Quỳnh,customer116@lunara-spa.demo,0910003760,2026-10-12 09:00:00,2026-10-12 10:15:00,Da hơi nhạy cảm,75,480000,\N,\N,\N,116,2026-09-14 20:00:00,2026-09-14 20:00:00
500,LNR-20261014-00500,123,18,CONFIRMED,SYSTEM,Huỳnh Đức Ngân,customer123@lunara-spa.demo,0910003767,2026-10-14 11:00:00,2026-10-14 12:00:00,Ưu tiên phòng yên tĩnh,60,520000,\N,\N,\N,123,2026-09-14 15:00:00,2026-09-14 15:00:00
501,LNR-20261022-00501,104,20,CONFIRMED,SYSTEM,Võ Quang Quân,customer104@lunara-spa.demo,0910003748,2026-10-22 11:00:00,2026-10-22 12:30:00,\N,90,650000,\N,\N,\N,104,2026-09-14 07:00:00,2026-09-14 07:00:00
502,LNR-20261009-00502,103,18,CONFIRMED,CUSTOMER,Phạm Gia Quỳnh,customer103@lunara-spa.demo,0910003747,2026-10-09 09:00:00,2026-10-09 09:45:00,\N,45,250000,\N,\N,\N,103,2026-09-14 05:00:00,2026-09-14 05:00:00
503,LNR-20260917-00503,147,24,CONFIRMED,SYSTEM,Bùi Hoài Vy,customer147@lunara-spa.demo,0910003791,2026-09-17 09:00:00,2026-09-17 10:15:00,Ưu tiên phòng yên tĩnh,75,580000,\N,\N,\N,147,2026-09-11 05:00:00,2026-09-11 05:00:00
504,LNR-20261024-00504,172,24,CONFIRMED,CUSTOMER,Đỗ Hoài Tuấn,customer172@lunara-spa.demo,0910003816,2026-10-24 11:00:00,2026-10-24 12:15:00,Da hơi nhạy cảm,75,580000,\N,\N,\N,172,2026-09-14 03:00:00,2026-09-14 03:00:00
505,LNR-20261002-00505,129,21,CONFIRMED,CUSTOMER,Huỳnh Văn Trâm,customer129@lunara-spa.demo,0910003773,2026-10-02 15:30:00,2026-10-02 17:30:00,\N,120,870000,\N,\N,\N,129,2026-09-14 09:00:00,2026-09-14 09:00:00
506,LNR-20261019-00506,43,12,CONFIRMED,SYSTEM,Vũ Minh Vy,customer43@lunara-spa.demo,0910003687,2026-10-19 13:30:00,2026-10-19 15:00:00,Ưu tiên phòng yên tĩnh,90,850000,\N,\N,\N,43,2026-09-15 14:00:00,2026-09-15 14:00:00
507,LNR-20260919-00507,119,21,CONFIRMED,CUSTOMER,Bùi Quang Quân,customer119@lunara-spa.demo,0910003763,2026-09-19 11:00:00,2026-09-19 12:15:00,\N,75,480000,\N,\N,\N,119,2026-09-07 11:00:00,2026-09-07 11:00:00
508,LNR-20261017-00508,71,14,CONFIRMED,CUSTOMER,Phạm Đức Hà,customer71@lunara-spa.demo,0910003715,2026-10-17 11:00:00,2026-10-17 12:00:00,\N,60,350000,\N,\N,\N,71,2026-09-15 07:00:00,2026-09-15 07:00:00
509,LNR-20260922-00509,155,10,CONFIRMED,CUSTOMER,Hoàng Đức Vy,customer155@lunara-spa.demo,0910003799,2026-09-22 15:30:00,2026-09-22 17:00:00,Da hơi nhạy cảm,90,470000,\N,\N,\N,155,2026-09-12 13:30:00,2026-09-12 13:30:00
510,LNR-20261031-00510,33,19,CONFIRMED,SYSTEM,Võ Thanh Ngọc,customer33@lunara-spa.demo,0910003677,2026-10-31 11:00:00,2026-10-31 12:00:00,Da hơi nhạy cảm,60,520000,\N,\N,\N,33,2026-09-15 11:00:00,2026-09-15 11:00:00
511,LNR-20261005-00511,144,22,CONFIRMED,CUSTOMER,Đỗ Ngọc Hạnh,customer144@lunara-spa.demo,0910003788,2026-10-05 15:30:00,2026-10-05 16:45:00,Da hơi nhạy cảm,75,580000,\N,\N,\N,144,2026-09-14 06:00:00,2026-09-14 06:00:00
512,LNR-20260925-00512,149,19,CONFIRMED,SYSTEM,Phạm Gia Bình,customer149@lunara-spa.demo,0910003793,2026-09-25 15:30:00,2026-09-25 16:15:00,\N,45,280000,\N,\N,\N,149,2026-09-14 17:00:00,2026-09-14 17:00:00
513,LNR-20261009-00513,102,17,CONFIRMED,CUSTOMER,Phạm Khánh Sơn,customer102@lunara-spa.demo,0910003746,2026-10-09 09:00:00,2026-10-09 10:30:00,Ưu tiên phòng yên tĩnh,90,720000,\N,\N,\N,102,2026-09-15 00:00:00,2026-09-15 00:00:00
514,LNR-20260917-00514,36,12,CONFIRMED,SYSTEM,Phan Thu Hoàng,customer36@lunara-spa.demo,0910003680,2026-09-17 09:00:00,2026-09-17 11:00:00,\N,120,590000,\N,\N,\N,36,2026-09-12 05:00:00,2026-09-12 05:00:00
515,LNR-20261014-00515,89,14,CONFIRMED,SYSTEM,Phan Văn Bình,customer89@lunara-spa.demo,0910003733,2026-10-14 13:30:00,2026-10-14 14:15:00,\N,45,250000,\N,\N,\N,89,2026-09-14 03:00:00,2026-09-14 03:00:00
516,LNR-20261021-00516,155,17,CONFIRMED,CUSTOMER,Hoàng Đức Vy,customer155@lunara-spa.demo,0910003799,2026-10-21 15:30:00,2026-10-21 16:30:00,\N,60,450000,\N,\N,\N,155,2026-09-14 09:00:00,2026-09-14 09:00:00
517,LNR-20261012-00517,163,19,CONFIRMED,ADMIN,Võ Văn Khánh,customer163@lunara-spa.demo,0910003807,2026-10-12 15:30:00,2026-10-12 16:15:00,Ưu tiên phòng yên tĩnh,45,280000,\N,\N,\N,6,2026-09-14 18:00:00,2026-09-14 18:00:00
518,LNR-20260930-00518,134,22,CONFIRMED,CUSTOMER,Bùi Thị Lan,customer134@lunara-spa.demo,0910003778,2026-09-30 13:30:00,2026-09-30 14:45:00,\N,75,410000,\N,\N,\N,134,2026-09-14 22:00:00,2026-09-14 22:00:00
519,LNR-20260921-00519,128,14,CONFIRMED,SYSTEM,Phạm Minh Khánh,customer128@lunara-spa.demo,0910003772,2026-09-21 11:00:00,2026-09-21 12:15:00,Da hơi nhạy cảm,75,480000,\N,\N,\N,128,2026-09-05 11:00:00,2026-09-05 11:00:00
520,LNR-20261028-00520,78,17,CONFIRMED,SYSTEM,Đỗ Thị Mai,customer78@lunara-spa.demo,0910003722,2026-10-28 09:00:00,2026-10-28 10:00:00,\N,60,420000,\N,\N,\N,78,2026-09-14 21:00:00,2026-09-14 21:00:00
521,LNR-20260918-00521,141,14,CONFIRMED,SYSTEM,Đặng Gia Dũng,customer141@lunara-spa.demo,0910003785,2026-09-18 15:30:00,2026-09-18 17:00:00,Ưu tiên phòng yên tĩnh,90,670000,\N,\N,\N,141,2026-08-31 10:30:00,2026-08-31 10:30:00
522,LNR-20261020-00522,102,11,CONFIRMED,ADMIN,Phạm Khánh Sơn,customer102@lunara-spa.demo,0910003746,2026-10-20 09:00:00,2026-10-20 09:45:00,Da hơi nhạy cảm,45,280000,\N,\N,\N,4,2026-09-14 23:00:00,2026-09-14 23:00:00
523,LNR-20261001-00523,104,16,CONFIRMED,SYSTEM,Võ Quang Quân,customer104@lunara-spa.demo,0910003748,2026-10-01 11:00:00,2026-10-01 12:15:00,Da hơi nhạy cảm,75,480000,\N,\N,\N,104,2026-09-15 00:00:00,2026-09-15 00:00:00
524,LNR-20261029-00524,95,12,CONFIRMED,CUSTOMER,Hoàng Thị Nga,customer95@lunara-spa.demo,0910003739,2026-10-29 13:30:00,2026-10-29 14:45:00,\N,75,480000,\N,\N,\N,95,2026-09-14 21:00:00,2026-09-14 21:00:00
525,LNR-20261026-00525,53,10,CONFIRMED,SYSTEM,Huỳnh Thu Linh,customer53@lunara-spa.demo,0910003697,2026-10-26 09:00:00,2026-10-26 10:30:00,\N,90,720000,\N,\N,\N,53,2026-09-14 10:00:00,2026-09-14 10:00:00
526,LNR-20260917-00526,44,19,CONFIRMED,CUSTOMER,Phan Gia Ngọc,customer44@lunara-spa.demo,0910003688,2026-09-17 09:00:00,2026-09-17 10:00:00,Da hơi nhạy cảm,60,420000,\N,\N,\N,44,2026-09-07 09:00:00,2026-09-07 09:00:00
527,LNR-20261029-00527,149,19,CONFIRMED,ADMIN,Phạm Gia Bình,customer149@lunara-spa.demo,0910003793,2026-10-29 13:30:00,2026-10-29 14:15:00,Ưu tiên phòng yên tĩnh,45,280000,\N,\N,\N,4,2026-09-15 06:00:00,2026-09-15 06:00:00
528,LNR-20260929-00528,157,22,CONFIRMED,SYSTEM,Nguyễn Thu Minh,customer157@lunara-spa.demo,0910003801,2026-09-29 13:30:00,2026-09-29 14:30:00,\N,60,450000,\N,\N,\N,157,2026-09-15 00:00:00,2026-09-15 00:00:00
529,LNR-20261003-00529,90,14,CONFIRMED,CUSTOMER,Trần Thanh Ngân,customer90@lunara-spa.demo,0910003734,2026-10-03 15:30:00,2026-10-03 16:30:00,\N,60,420000,\N,\N,\N,90,2026-09-14 17:00:00,2026-09-14 17:00:00
530,LNR-20261022-00530,52,15,CONFIRMED,SYSTEM,Đặng Đức Khánh,customer52@lunara-spa.demo,0910003696,2026-10-22 15:30:00,2026-10-22 17:00:00,\N,90,850000,\N,\N,\N,52,2026-09-14 21:00:00,2026-09-14 21:00:00
531,LNR-20261005-00531,116,15,CONFIRMED,CUSTOMER,Hoàng Ngọc Quỳnh,customer116@lunara-spa.demo,0910003760,2026-10-05 15:30:00,2026-10-05 17:30:00,Da hơi nhạy cảm,120,820000,\N,\N,\N,116,2026-09-14 18:00:00,2026-09-14 18:00:00
532,LNR-20261017-00532,83,18,CONFIRMED,SYSTEM,Phan Thu Lan,customer83@lunara-spa.demo,0910003727,2026-10-17 11:00:00,2026-10-17 12:00:00,Xin gọi trước 15 phút,60,420000,\N,\N,\N,83,2026-09-14 10:00:00,2026-09-14 10:00:00
533,LNR-20261021-00533,57,14,CONFIRMED,CUSTOMER,Trần Khánh Nam,customer57@lunara-spa.demo,0910003701,2026-10-21 11:00:00,2026-10-21 13:00:00,\N,120,590000,\N,\N,\N,57,2026-09-14 06:00:00,2026-09-14 06:00:00
534,LNR-20261003-00534,69,22,CONFIRMED,SYSTEM,Lê Minh Vy,customer69@lunara-spa.demo,0910003713,2026-10-03 15:30:00,2026-10-03 16:45:00,Xin gọi trước 15 phút,75,580000,\N,\N,\N,69,2026-09-15 08:00:00,2026-09-15 08:00:00
535,LNR-20261031-00535,29,20,CONFIRMED,ADMIN,Phan Thanh Chi,customer29@lunara-spa.demo,0910003673,2026-10-31 09:00:00,2026-10-31 10:45:00,\N,105,770000,\N,\N,\N,4,2026-09-14 12:00:00,2026-09-14 12:00:00
536,LNR-20261022-00536,141,15,CONFIRMED,CUSTOMER,Đặng Gia Dũng,customer141@lunara-spa.demo,0910003785,2026-10-22 13:30:00,2026-10-22 14:45:00,Xin gọi trước 15 phút,75,580000,\N,\N,\N,141,2026-09-14 04:00:00,2026-09-14 04:00:00
537,LNR-20261019-00537,121,22,CONFIRMED,SYSTEM,Võ Quang Phương,customer121@lunara-spa.demo,0910003765,2026-10-19 15:30:00,2026-10-19 17:00:00,\N,90,850000,\N,\N,\N,121,2026-09-14 15:00:00,2026-09-14 15:00:00
538,LNR-20261002-00538,147,14,CONFIRMED,SYSTEM,Bùi Hoài Vy,customer147@lunara-spa.demo,0910003791,2026-10-02 11:00:00,2026-10-02 12:00:00,\N,60,520000,\N,\N,\N,147,2026-09-15 10:00:00,2026-09-15 10:00:00
539,LNR-20261029-00539,162,13,CONFIRMED,SYSTEM,Trần Khánh Tuấn,customer162@lunara-spa.demo,0910003806,2026-10-29 15:30:00,2026-10-29 17:00:00,\N,90,720000,\N,\N,\N,162,2026-09-14 14:00:00,2026-09-14 14:00:00
540,LNR-20261017-00540,168,12,CONFIRMED,SYSTEM,Phan Khánh Sơn,customer168@lunara-spa.demo,0910003812,2026-10-17 09:00:00,2026-10-17 09:45:00,\N,45,250000,\N,\N,\N,168,2026-09-15 13:00:00,2026-09-15 13:00:00
541,LNR-20260919-00541,78,15,CONFIRMED,SYSTEM,Đỗ Thị Mai,customer78@lunara-spa.demo,0910003722,2026-09-19 15:30:00,2026-09-19 17:00:00,Da hơi nhạy cảm,90,670000,\N,\N,\N,78,2026-09-14 11:30:00,2026-09-14 11:30:00
542,LNR-20260921-00542,81,13,CONFIRMED,CUSTOMER,Phan Thu Vy,customer81@lunara-spa.demo,0910003725,2026-09-21 09:00:00,2026-09-21 11:00:00,\N,120,920000,\N,\N,\N,81,2026-09-15 07:00:00,2026-09-15 07:00:00
543,LNR-20261008-00543,34,13,CONFIRMED,SYSTEM,Võ Thị Nhung,customer34@lunara-spa.demo,0910003678,2026-10-08 15:30:00,2026-10-08 17:00:00,\N,90,650000,\N,\N,\N,34,2026-09-15 13:00:00,2026-09-15 13:00:00
544,LNR-20261014-00544,82,18,CONFIRMED,ADMIN,Lê Gia Hoàng,customer82@lunara-spa.demo,0910003726,2026-10-14 13:30:00,2026-10-14 14:15:00,Da hơi nhạy cảm,45,250000,\N,\N,\N,6,2026-09-15 14:00:00,2026-09-15 14:00:00
545,LNR-20261021-00545,155,11,CONFIRMED,SYSTEM,Hoàng Đức Vy,customer155@lunara-spa.demo,0910003799,2026-10-21 11:00:00,2026-10-21 12:30:00,Xin gọi trước 15 phút,90,650000,\N,\N,\N,155,2026-09-15 00:00:00,2026-09-15 00:00:00
546,LNR-20261001-00546,106,18,CONFIRMED,ADMIN,Đỗ Khánh Vy,customer106@lunara-spa.demo,0910003750,2026-10-01 15:30:00,2026-10-01 16:30:00,Da hơi nhạy cảm,60,350000,\N,\N,\N,5,2026-09-15 12:00:00,2026-09-15 12:00:00
547,LNR-20261003-00547,129,23,CONFIRMED,CUSTOMER,Huỳnh Văn Trâm,customer129@lunara-spa.demo,0910003773,2026-10-03 09:00:00,2026-10-03 10:30:00,\N,90,670000,\N,\N,\N,129,2026-09-15 02:00:00,2026-09-15 02:00:00
548,LNR-20260918-00548,126,16,CONFIRMED,ADMIN,Nguyễn Thu Khánh,customer126@lunara-spa.demo,0910003770,2026-09-18 15:30:00,2026-09-18 16:30:00,Da hơi nhạy cảm,60,420000,\N,\N,\N,9,2026-09-03 13:30:00,2026-09-03 13:30:00
549,LNR-20260922-00549,53,15,CONFIRMED,SYSTEM,Huỳnh Thu Linh,customer53@lunara-spa.demo,0910003697,2026-09-22 15:30:00,2026-09-22 16:15:00,Ưu tiên phòng yên tĩnh,45,250000,\N,\N,\N,53,2026-09-08 12:30:00,2026-09-08 12:30:00
550,LNR-20261012-00550,118,10,CONFIRMED,SYSTEM,Phạm Đức Lan,customer118@lunara-spa.demo,0910003762,2026-10-12 11:00:00,2026-10-12 12:00:00,Ưu tiên phòng yên tĩnh,60,450000,\N,\N,\N,118,2026-09-15 12:00:00,2026-09-15 12:00:00
551,LNR-20261015-00551,164,13,CONFIRMED,SYSTEM,Vũ Hoài Dũng,customer164@lunara-spa.demo,0910003808,2026-10-15 13:30:00,2026-10-15 14:45:00,Xin gọi trước 15 phút,75,580000,\N,\N,\N,164,2026-09-14 11:00:00,2026-09-14 11:00:00
552,LNR-20261031-00552,37,21,CONFIRMED,SYSTEM,Bùi Đức Tuấn,customer37@lunara-spa.demo,0910003681,2026-10-31 11:00:00,2026-10-31 12:45:00,\N,105,670000,\N,\N,\N,37,2026-09-14 04:00:00,2026-09-14 04:00:00
553,LNR-20261020-00553,109,20,CONFIRMED,ADMIN,Phan Hồng Quân,customer109@lunara-spa.demo,0910003753,2026-10-20 15:30:00,2026-10-20 16:45:00,Ưu tiên phòng yên tĩnh,75,480000,\N,\N,\N,2,2026-09-14 12:00:00,2026-09-14 12:00:00
554,LNR-20261007-00554,56,19,CONFIRMED,SYSTEM,Bùi Minh Hiền,customer56@lunara-spa.demo,0910003700,2026-10-07 09:00:00,2026-10-07 10:00:00,\N,60,520000,\N,\N,\N,56,2026-09-15 14:00:00,2026-09-15 14:00:00
555,LNR-20261023-00555,56,11,CONFIRMED,ADMIN,Bùi Minh Hiền,customer56@lunara-spa.demo,0910003700,2026-10-23 15:30:00,2026-10-23 17:00:00,Ưu tiên phòng yên tĩnh,90,850000,\N,\N,\N,2,2026-09-15 04:00:00,2026-09-15 04:00:00
556,LNR-20261024-00556,81,22,CONFIRMED,CUSTOMER,Phan Thu Vy,customer81@lunara-spa.demo,0910003725,2026-10-24 15:30:00,2026-10-24 16:15:00,\N,45,250000,\N,\N,\N,81,2026-09-14 08:00:00,2026-09-14 08:00:00
557,LNR-20260921-00557,113,21,CONFIRMED,SYSTEM,Bùi Hồng Uyên,customer113@lunara-spa.demo,0910003757,2026-09-21 15:30:00,2026-09-21 16:45:00,Ưu tiên phòng yên tĩnh,75,480000,\N,\N,\N,113,2026-09-14 13:00:00,2026-09-14 13:00:00
558,LNR-20261015-00558,62,18,CONFIRMED,ADMIN,Đỗ Gia Mai,customer62@lunara-spa.demo,0910003706,2026-10-15 11:00:00,2026-10-15 12:00:00,\N,60,350000,\N,\N,\N,8,2026-09-14 03:00:00,2026-09-14 03:00:00
559,LNR-20260925-00559,69,24,CONFIRMED,CUSTOMER,Lê Minh Vy,customer69@lunara-spa.demo,0910003713,2026-09-25 11:00:00,2026-09-25 12:00:00,Xin gọi trước 15 phút,60,420000,\N,\N,\N,69,2026-09-14 08:00:00,2026-09-14 08:00:00
560,LNR-20261017-00560,99,16,CONFIRMED,CUSTOMER,Lê Hồng Quân,customer99@lunara-spa.demo,0910003743,2026-10-17 13:30:00,2026-10-17 15:00:00,\N,90,630000,\N,\N,\N,99,2026-09-14 13:00:00,2026-09-14 13:00:00
561,LNR-20260916-00561,162,12,CONFIRMED,ADMIN,Trần Khánh Tuấn,customer162@lunara-spa.demo,0910003806,2026-09-16 13:30:00,2026-09-16 14:45:00,\N,75,480000,\N,\N,\N,6,2026-09-13 07:30:00,2026-09-13 07:30:00
562,LNR-20261024-00562,127,24,CONFIRMED,SYSTEM,Bùi Quang Trâm,customer127@lunara-spa.demo,0910003771,2026-10-24 09:00:00,2026-10-24 10:00:00,\N,60,420000,\N,\N,\N,127,2026-09-14 03:00:00,2026-09-14 03:00:00
563,LNR-20261019-00563,55,11,CONFIRMED,CUSTOMER,Bùi Hoài Nam,customer55@lunara-spa.demo,0910003699,2026-10-19 13:30:00,2026-10-19 14:30:00,Da hơi nhạy cảm,60,450000,\N,\N,\N,55,2026-09-14 05:00:00,2026-09-14 05:00:00
564,LNR-20261022-00564,103,19,CONFIRMED,ADMIN,Phạm Gia Quỳnh,customer103@lunara-spa.demo,0910003747,2026-10-22 13:30:00,2026-10-22 14:15:00,Xin gọi trước 15 phút,45,280000,\N,\N,\N,6,2026-09-14 18:00:00,2026-09-14 18:00:00
565,LNR-20260923-00565,77,23,CONFIRMED,CUSTOMER,Huỳnh Hoài Khánh,customer77@lunara-spa.demo,0910003721,2026-09-23 15:30:00,2026-09-23 16:15:00,Ưu tiên phòng yên tĩnh,45,280000,\N,\N,\N,77,2026-09-14 18:00:00,2026-09-14 18:00:00
566,LNR-20261008-00566,116,18,CONFIRMED,CUSTOMER,Hoàng Ngọc Quỳnh,customer116@lunara-spa.demo,0910003760,2026-10-08 09:00:00,2026-10-08 11:00:00,\N,120,590000,\N,\N,\N,116,2026-09-15 03:00:00,2026-09-15 03:00:00
567,LNR-20261017-00567,154,23,CONFIRMED,SYSTEM,Lê Hồng Hà,customer154@lunara-spa.demo,0910003798,2026-10-17 11:00:00,2026-10-17 12:30:00,\N,90,630000,\N,\N,\N,154,2026-09-14 16:00:00,2026-09-14 16:00:00
568,LNR-20261002-00568,80,12,CONFIRMED,SYSTEM,Lê Gia Nam,customer80@lunara-spa.demo,0910003724,2026-10-02 11:00:00,2026-10-02 12:00:00,Xin gọi trước 15 phút,60,450000,\N,\N,\N,80,2026-09-14 23:00:00,2026-09-14 23:00:00
569,LNR-20261022-00569,90,17,CONFIRMED,ADMIN,Trần Thanh Ngân,customer90@lunara-spa.demo,0910003734,2026-10-22 11:00:00,2026-10-22 12:30:00,\N,90,650000,\N,\N,\N,7,2026-09-14 11:00:00,2026-09-14 11:00:00
570,LNR-20261027-00570,83,22,CONFIRMED,CUSTOMER,Phan Thu Lan,customer83@lunara-spa.demo,0910003727,2026-10-27 11:00:00,2026-10-27 12:00:00,\N,60,330000,\N,\N,\N,83,2026-09-15 00:00:00,2026-09-15 00:00:00
571,LNR-20260915-00571,85,17,CHECKED_IN,CUSTOMER,Phan Văn Yến,customer85@lunara-spa.demo,0910003729,2026-09-15 09:00:00,2026-09-15 10:15:00,\N,75,410000,2026-09-15 08:49:00,\N,\N,85,2026-09-02 09:00:00,2026-09-15 08:49:00
572,LNR-20260915-00572,159,12,CHECKED_IN,CUSTOMER,Hoàng Thu Huy,customer159@lunara-spa.demo,0910003803,2026-09-15 09:00:00,2026-09-15 10:15:00,Xin gọi trước 15 phút,75,410000,2026-09-15 08:49:00,\N,\N,159,2026-09-05 09:00:00,2026-09-15 08:49:00
573,LNR-20260915-00573,112,20,CHECKED_IN,ADMIN,Lê Minh Phương,customer112@lunara-spa.demo,0910003756,2026-09-15 09:00:00,2026-09-15 10:00:00,Da hơi nhạy cảm,60,420000,2026-09-15 08:52:00,\N,\N,8,2026-08-29 04:00:00,2026-09-15 08:52:00
574,LNR-20260915-00574,66,17,CHECKED_IN,CUSTOMER,Vũ Ngọc Quân,customer66@lunara-spa.demo,0910003710,2026-09-15 11:00:00,2026-09-15 12:00:00,\N,60,330000,2026-09-15 10:54:00,\N,\N,66,2026-09-13 09:00:00,2026-09-15 10:54:00
575,LNR-20260915-00575,129,15,CHECKED_IN,SYSTEM,Huỳnh Văn Trâm,customer129@lunara-spa.demo,0910003773,2026-09-15 09:00:00,2026-09-15 10:30:00,\N,90,670000,2026-09-15 08:48:00,\N,\N,129,2026-09-03 04:00:00,2026-09-15 08:48:00
576,LNR-20260915-00576,106,10,CHECKED_IN,SYSTEM,Đỗ Khánh Vy,customer106@lunara-spa.demo,0910003750,2026-09-15 09:00:00,2026-09-15 09:45:00,\N,45,250000,2026-09-15 08:53:00,\N,\N,106,2026-09-12 09:00:00,2026-09-15 08:53:00
577,LNR-20260915-00577,70,18,CHECKED_IN,ADMIN,Đặng Quang Quỳnh,customer70@lunara-spa.demo,0910003714,2026-09-15 09:00:00,2026-09-15 10:45:00,Ưu tiên phòng yên tĩnh,105,770000,2026-09-15 08:57:00,\N,\N,2,2026-09-09 08:00:00,2026-09-15 08:57:00
578,LNR-20260915-00578,173,22,CHECKED_IN,CUSTOMER,Đỗ Gia Khánh,customer173@lunara-spa.demo,0910003817,2026-09-15 09:00:00,2026-09-15 10:00:00,\N,60,520000,2026-09-15 08:50:00,\N,\N,173,2026-09-11 06:00:00,2026-09-15 08:50:00
579,LNR-20260915-00579,57,21,CHECKED_IN,SYSTEM,Trần Khánh Nam,customer57@lunara-spa.demo,0910003701,2026-09-15 09:00:00,2026-09-15 10:30:00,\N,90,720000,2026-09-15 08:55:00,\N,\N,57,2026-09-04 08:00:00,2026-09-15 08:55:00
580,LNR-20260915-00580,99,24,CHECKED_IN,SYSTEM,Lê Hồng Quân,customer99@lunara-spa.demo,0910003743,2026-09-15 09:00:00,2026-09-15 10:15:00,Xin gọi trước 15 phút,75,580000,2026-09-15 08:54:00,\N,\N,99,2026-09-05 06:00:00,2026-09-15 08:54:00
581,LNR-20260915-00581,155,17,CHECKED_IN,SYSTEM,Hoàng Đức Vy,customer155@lunara-spa.demo,0910003799,2026-09-15 13:30:00,2026-09-15 14:30:00,Ưu tiên phòng yên tĩnh,60,330000,2026-09-15 13:26:00,\N,\N,155,2026-09-02 10:30:00,2026-09-15 13:26:00
582,LNR-20260915-00582,171,19,CHECKED_IN,CUSTOMER,Huỳnh Văn Minh,customer171@lunara-spa.demo,0910003815,2026-09-15 09:00:00,2026-09-15 10:15:00,Xin gọi trước 15 phút,75,410000,2026-09-15 08:57:00,\N,\N,171,2026-09-02 09:00:00,2026-09-15 08:57:00
583,LNR-20260915-00583,115,21,CHECKED_IN,SYSTEM,Võ Văn Hiền,customer115@lunara-spa.demo,0910003759,2026-09-15 11:00:00,2026-09-15 12:30:00,\N,90,650000,2026-09-15 10:56:00,\N,\N,115,2026-09-06 05:00:00,2026-09-15 10:56:00
584,LNR-20260915-00584,151,12,CHECKED_IN,SYSTEM,Bùi Gia Trâm,customer151@lunara-spa.demo,0910003795,2026-09-15 11:00:00,2026-09-15 11:45:00,Ưu tiên phòng yên tĩnh,45,280000,2026-09-15 10:55:00,\N,\N,151,2026-09-11 10:00:00,2026-09-15 10:55:00
585,LNR-20260915-00585,114,19,CHECKED_IN,SYSTEM,Bùi Ngọc Lan,customer114@lunara-spa.demo,0910003758,2026-09-15 11:00:00,2026-09-15 12:00:00,\N,60,520000,2026-09-15 10:55:00,\N,\N,114,2026-09-06 08:00:00,2026-09-15 10:55:00
586,LNR-20260915-00586,95,18,IN_SERVICE,CUSTOMER,Hoàng Thị Nga,customer95@lunara-spa.demo,0910003739,2026-09-15 13:30:00,2026-09-15 15:00:00,Da hơi nhạy cảm,90,720000,2026-09-15 13:22:00,2026-09-15 13:33:00,\N,95,2026-09-04 08:30:00,2026-09-15 13:33:00
587,LNR-20260915-00587,166,15,IN_SERVICE,SYSTEM,Đỗ Thị Trang,customer166@lunara-spa.demo,0910003810,2026-09-15 13:30:00,2026-09-15 14:45:00,\N,75,580000,2026-09-15 13:22:00,2026-09-15 13:33:00,\N,166,2026-09-05 12:30:00,2026-09-15 13:33:00
588,LNR-20260915-00588,146,21,IN_SERVICE,CUSTOMER,Vũ Hoài Hiền,customer146@lunara-spa.demo,0910003790,2026-09-15 13:30:00,2026-09-15 15:00:00,\N,90,630000,2026-09-15 13:25:00,2026-09-15 13:32:00,\N,146,2026-09-06 12:30:00,2026-09-15 13:32:00
589,LNR-20260915-00589,100,14,IN_SERVICE,SYSTEM,Trần Quang Hạnh,customer100@lunara-spa.demo,0910003744,2026-09-15 13:30:00,2026-09-15 15:00:00,Xin gọi trước 15 phút,90,630000,2026-09-15 13:24:00,2026-09-15 13:30:00,\N,100,2026-08-31 12:30:00,2026-09-15 13:30:00
590,LNR-20260915-00590,168,24,IN_SERVICE,SYSTEM,Phan Khánh Sơn,customer168@lunara-spa.demo,0910003812,2026-09-15 13:30:00,2026-09-15 14:45:00,Xin gọi trước 15 phút,75,580000,2026-09-15 13:25:00,2026-09-15 13:31:00,\N,168,2026-09-02 08:30:00,2026-09-15 13:31:00
591,LNR-20260915-00591,111,14,IN_SERVICE,CUSTOMER,Nguyễn Thanh Nga,customer111@lunara-spa.demo,0910003755,2026-09-15 15:00:00,2026-09-15 16:15:00,\N,75,480000,2026-09-15 14:50:00,2026-09-15 15:01:00,\N,111,2026-09-06 15:00:00,2026-09-15 15:01:00
592,LNR-20260915-00592,138,19,IN_SERVICE,ADMIN,Bùi Hoài Hạnh,customer138@lunara-spa.demo,0910003782,2026-09-15 13:30:00,2026-09-15 15:00:00,Xin gọi trước 15 phút,90,650000,2026-09-15 13:24:00,2026-09-15 13:33:00,\N,9,2026-09-03 10:30:00,2026-09-15 13:33:00
593,LNR-20260915-00593,137,12,IN_SERVICE,ADMIN,Huỳnh Hoài Nam,customer137@lunara-spa.demo,0910003781,2026-09-15 13:30:00,2026-09-15 15:30:00,\N,120,860000,2026-09-15 13:20:00,2026-09-15 13:32:00,\N,5,2026-09-07 09:30:00,2026-09-15 13:32:00
594,LNR-20260915-00594,83,19,IN_SERVICE,CUSTOMER,Phan Thu Lan,customer83@lunara-spa.demo,0910003727,2026-09-15 15:00:00,2026-09-15 15:45:00,\N,45,280000,2026-09-15 14:56:00,2026-09-15 15:03:00,\N,83,2026-09-03 10:00:00,2026-09-15 15:03:00
595,LNR-20260915-00595,40,22,IN_SERVICE,CUSTOMER,Phan Thị Hải,customer40@lunara-spa.demo,0910003684,2026-09-15 13:30:00,2026-09-15 15:30:00,Ưu tiên phòng yên tĩnh,120,590000,2026-09-15 13:27:00,2026-09-15 13:32:00,\N,40,2026-09-10 12:30:00,2026-09-15 13:32:00
596,LNR-20260915-00596,102,16,IN_SERVICE,ADMIN,Phạm Khánh Sơn,customer102@lunara-spa.demo,0910003746,2026-09-15 13:30:00,2026-09-15 14:45:00,Ưu tiên phòng yên tĩnh,75,480000,2026-09-15 13:19:00,2026-09-15 13:30:00,\N,3,2026-08-29 12:30:00,2026-09-15 13:30:00
597,LNR-20260915-00597,77,21,IN_SERVICE,ADMIN,Huỳnh Hoài Khánh,customer77@lunara-spa.demo,0910003721,2026-09-15 15:00:00,2026-09-15 16:00:00,Xin gọi trước 15 phút,60,420000,2026-09-15 14:49:00,2026-09-15 15:02:00,\N,4,2026-09-12 10:00:00,2026-09-15 15:02:00
598,LNR-20260915-00598,64,10,IN_SERVICE,ADMIN,Bùi Đức Hoàng,customer64@lunara-spa.demo,0910003708,2026-09-15 13:30:00,2026-09-15 14:45:00,\N,75,580000,2026-09-15 13:21:00,2026-09-15 13:30:00,\N,9,2026-09-09 12:30:00,2026-09-15 13:30:00
599,LNR-20260915-00599,140,11,IN_SERVICE,SYSTEM,Phạm Thu Yến,customer140@lunara-spa.demo,0910003784,2026-09-15 13:30:00,2026-09-15 15:00:00,Da hơi nhạy cảm,90,650000,2026-09-15 13:25:00,2026-09-15 13:35:00,\N,140,2026-09-01 13:30:00,2026-09-15 13:35:00
600,LNR-20260915-00600,109,10,IN_SERVICE,CUSTOMER,Phan Hồng Quân,customer109@lunara-spa.demo,0910003753,2026-09-15 15:00:00,2026-09-15 17:00:00,Xin gọi trước 15 phút,120,830000,2026-09-15 14:56:00,2026-09-15 15:01:00,\N,109,2026-08-31 12:00:00,2026-09-15 15:01:00
