id,booking_id,event_type,actor_account_id,message,occurred_at
1,1,CREATED,5,Booking LNR-20260905-00001 được tạo.,2026-09-02 09:00:00
2,1,STAFF_ASSIGNED,5,Đã phân Staff account #11.,2026-09-02 09:05:00
3,1,PAYMENT_RECEIVED,\N,Thanh toán PAY-20260905-00001 thành công.,2026-09-05 08:48:00
4,1,EMAIL_SENT,\N,Đã gửi email xác nhận booking.,2026-09-02 09:10:00
5,1,CHECKED_IN,9,Khách hàng đã check-in tại Spa.,2026-09-05 08:48:00
6,1,SERVICE_STARTED,11,Staff bắt đầu thực hiện dịch vụ.,2026-09-05 09:00:00
7,1,COMPLETED,11,Booking đã hoàn thành.,2026-09-05 09:45:00
8,2,CREATED,9,Booking LNR-20260730-00002 được tạo.,2026-07-13 13:30:00
9,2,STAFF_ASSIGNED,9,Đã phân Staff account #11.,2026-07-13 13:35:00
10,2,PAYMENT_RECEIVED,\N,Thanh toán PAY-20260730-00002 thành công.,2026-07-30 13:20:00
11,2,CHECKED_IN,9,Khách hàng đã check-in tại Spa.,2026-07-30 13:20:00
12,2,SERVICE_STARTED,11,Staff bắt đầu thực hiện dịch vụ.,2026-07-30 13:34:00
13,2,COMPLETED,11,Booking đã hoàn thành.,2026-07-30 14:26:00
14,3,CREATED,83,Booking LNR-20260629-00003 được tạo.,2026-06-23 10:00:00
15,3,STAFF_ASSIGNED,\N,Đã phân Staff account #21.,2026-06-23 10:05:00
16,3,PAYMENT_RECEIVED,\N,Thanh toán PAY-20260629-00003 thành công.,2026-06-23 19:00:00
17,3,EMAIL_SENT,\N,Đã gửi email xác nhận booking.,2026-06-23 10:10:00
18,3,CHECKED_IN,8,Khách hàng đã check-in tại Spa.,2026-06-29 10:54:00
19,3,SERVICE_STARTED,21,Staff bắt đầu thực hiện dịch vụ.,2026-06-29 11:05:00
20,3,COMPLETED,21,Booking đã hoàn thành.,2026-06-29 12:11:00
21,4,CREATED,139,Booking LNR-20260617-00004 được tạo.,2026-06-05 08:00:00
22,4,STAFF_ASSIGNED,\N,Đã phân Staff account #20.,2026-06-05 08:05:00
23,4,PAYMENT_RECEIVED,\N,Thanh toán PAY-20260617-00004 thành công.,2026-06-17 10:57:00
24,4,CHECKED_IN,7,Khách hàng đã check-in tại Spa.,2026-06-17 10:57:00
25,4,SERVICE_STARTED,20,Staff bắt đầu thực hiện dịch vụ.,2026-06-17 11:01:00
26,4,COMPLETED,20,Booking đã hoàn thành.,2026-06-17 11:55:00
27,5,CREATED,137,Booking LNR-20260901-00005 được tạo.,2026-08-14 12:30:00
28,5,STAFF_ASSIGNED,\N,Đã phân Staff account #13.,2026-08-14 12:35:00
29,5,PAYMENT_RECEIVED,\N,Thanh toán PAY-20260901-00005 thành công.,2026-09-01 15:19:00
30,5,EMAIL_SENT,\N,Đã gửi email xác nhận booking.,2026-08-14 12:40:00
31,5,CHECKED_IN,7,Khách hàng đã check-in tại Spa.,2026-09-01 15:19:00
32,5,SERVICE_STARTED,13,Staff bắt đầu thực hiện dịch vụ.,2026-09-01 15:35:00
33,5,COMPLETED,13,Booking đã hoàn thành.,2026-09-01 16:42:00
34,6,CREATED,61,Booking LNR-20260625-00006 được tạo.,2026-06-19 04:00:00
35,6,STAFF_ASSIGNED,\N,Đã phân Staff account #20.,2026-06-19 04:05:00
36,6,PAYMENT_RECEIVED,\N,Thanh toán PAY-20260625-00006 thành công.,2026-06-19 07:00:00
37,6,CHECKED_IN,9,Khách hàng đã check-in tại Spa.,2026-06-25 08:56:00
38,6,SERVICE_STARTED,20,Staff bắt đầu thực hiện dịch vụ.,2026-06-25 09:04:00
39,6,COMPLETED,20,Booking đã hoàn thành.,2026-06-25 09:56:00
40,7,CREATED,4,Booking LNR-20260826-00007 được tạo.,2026-08-12 09:30:00
41,7,STAFF_ASSIGNED,4,Đã phân Staff account #21.,2026-08-12 09:35:00
42,7,PAYMENT_RECEIVED,\N,Thanh toán PAY-20260826-00007 thành công.,2026-08-12 14:30:00
43,7,EMAIL_SENT,\N,Đã gửi email xác nhận booking.,2026-08-12 09:40:00
44,7,CHECKED_IN,9,Khách hàng đã check-in tại Spa.,2026-08-26 13:23:00
45,7,SERVICE_STARTED,21,Staff bắt đầu thực hiện dịch vụ.,2026-08-26 13:32:00
46,7,COMPLETED,21,Booking đã hoàn thành.,2026-08-26 14:15:00
47,8,CREATED,69,Booking LNR-20260819-00008 được tạo.,2026-08-07 09:30:00
48,8,STAFF_ASSIGNED,69,Đã phân Staff account #19.,2026-08-07 09:35:00
49,8,PAYMENT_RECEIVED,\N,Thanh toán PAY-20260819-00008 thành công.,2026-08-07 12:30:00
50,8,EMAIL_SENT,\N,Đã gửi email xác nhận booking.,2026-08-07 09:40:00
51,8,CHECKED_IN,7,Khách hàng đã check-in tại Spa.,2026-08-19 15:23:00
52,8,SERVICE_STARTED,19,Staff bắt đầu thực hiện dịch vụ.,2026-08-19 15:34:00
53,8,COMPLETED,19,Booking đã hoàn thành.,2026-08-19 16:45:00
54,9,CREATED,68,Booking LNR-20260819-00009 được tạo.,2026-08-02 05:00:00
55,9,STAFF_ASSIGNED,68,Đã phân Staff account #14.,2026-08-02 05:05:00
56,9,PAYMENT_RECEIVED,\N,Thanh toán PAY-20260819-00009 thành công.,2026-08-02 12:00:00
57,9,EMAIL_SENT,\N,Đã gửi email xác nhận booking.,2026-08-02 05:10:00
58,9,CHECKED_IN,9,Khách hàng đã check-in tại Spa.,2026-08-19 10:57:00
59,9,SERVICE_STARTED,14,Staff bắt đầu thực hiện dịch vụ.,2026-08-19 11:03:00
60,9,COMPLETED,14,Booking đã hoàn thành.,2026-08-19 12:14:00
61,10,CREATED,83,Booking LNR-20260818-00010 được tạo.,2026-08-05 08:30:00
62,10,STAFF_ASSIGNED,83,Đã phân Staff account #21.,2026-08-05 08:35:00
63,10,PAYMENT_RECEIVED,\N,Thanh toán PAY-20260818-00010 thành công.,2026-08-05 20:30:00
64,10,EMAIL_SENT,\N,Đã gửi email xác nhận booking.,2026-08-05 08:40:00
65,10,CHECKED_IN,7,Khách hàng đã check-in tại Spa.,2026-08-18 13:22:00
66,10,SERVICE_STARTED,21,Staff bắt đầu thực hiện dịch vụ.,2026-08-18 13:32:00
67,10,COMPLETED,21,Booking đã hoàn thành.,2026-08-18 14:28:00
68,11,CREATED,128,Booking LNR-20260905-00011 được tạo.,2026-08-30 11:00:00
69,11,STAFF_ASSIGNED,128,Đã phân Staff account #20.,2026-08-30 11:05:00
70,11,PAYMENT_RECEIVED,\N,Thanh toán PAY-20260905-00011 thành công.,2026-09-05 10:49:00
71,11,CHECKED_IN,9,Khách hàng đã check-in tại Spa.,2026-09-05 10:49:00
72,11,SERVICE_STARTED,20,Staff bắt đầu thực hiện dịch vụ.,2026-09-05 11:03:00
73,11,COMPLETED,20,Booking đã hoàn thành.,2026-09-05 12:26:00
74,12,CREATED,126,Booking LNR-20260620-00012 được tạo.,2026-06-09 08:00:00
75,12,STAFF_ASSIGNED,126,Đã phân Staff account #18.,2026-06-09 08:05:00
76,12,PAYMENT_RECEIVED,\N,Thanh toán PAY-20260620-00012 thành công.,2026-06-20 08:56:00
77,12,CHECKED_IN,6,Khách hàng đã check-in tại Spa.,2026-06-20 08:56:00
78,12,SERVICE_STARTED,18,Staff bắt đầu thực hiện dịch vụ.,2026-06-20 09:01:00
79,12,COMPLETED,18,Booking đã hoàn thành.,2026-06-20 09:45:00
80,13,CREATED,54,Booking LNR-20260907-00013 được tạo.,2026-08-25 13:30:00
81,13,STAFF_ASSIGNED,\N,Đã phân Staff account #15.,2026-08-25 13:35:00
82,13,PAYMENT_RECEIVED,\N,Thanh toán PAY-20260907-00013 thành công.,2026-09-07 15:18:00
83,13,CHECKED_IN,6,Khách hàng đã check-in tại Spa.,2026-09-07 15:18:00
84,13,SERVICE_STARTED,15,Staff bắt đầu thực hiện dịch vụ.,2026-09-07 15:34:00
85,13,COMPLETED,15,Booking đã hoàn thành.,2026-09-07 16:26:00
86,14,CREATED,138,Booking LNR-20260831-00014 được tạo.,2026-08-24 07:00:00
87,14,STAFF_ASSIGNED,138,Đã phân Staff account #24.,2026-08-24 07:05:00
88,14,PAYMENT_RECEIVED,\N,Thanh toán PAY-20260831-00014 thành công.,2026-08-31 10:48:00
89,14,CHECKED_IN,6,Khách hàng đã check-in tại Spa.,2026-08-31 10:48:00
90,14,SERVICE_STARTED,24,Staff bắt đầu thực hiện dịch vụ.,2026-08-31 11:05:00
91,14,COMPLETED,24,Booking đã hoàn thành.,2026-08-31 12:00:00
92,15,CREATED,75,Booking LNR-20260827-00015 được tạo.,2026-08-09 11:30:00
93,15,STAFF_ASSIGNED,\N,Đã phân Staff account #16.,2026-08-09 11:35:00
94,15,PAYMENT_RECEIVED,\N,Thanh toán PAY-20260827-00015 thành công.,2026-08-09 20:30:00
95,15,CHECKED_IN,6,Khách hàng đã check-in tại Spa.,2026-08-27 15:18:00
96,15,SERVICE_STARTED,16,Staff bắt đầu thực hiện dịch vụ.,2026-08-27 15:31:00
97,15,COMPLETED,16,Booking đã hoàn thành.,2026-08-27 16:45:00
98,16,CREATED,4,Booking LNR-20260721-00016 được tạo.,2026-07-08 08:30:00
99,16,STAFF_ASSIGNED,4,Đã phân Staff account #20.,2026-07-08 08:35:00
100,16,PAYMENT_RECEIVED,\N,Thanh toán PAY-20260721-00016 thành công.,2026-07-21 13:27:00
101,16,EMAIL_SENT,\N,Đã gửi email xác nhận booking.,2026-07-08 08:40:00
102,16,CHECKED_IN,8,Khách hàng đã check-in tại Spa.,2026-07-21 13:27:00
103,16,SERVICE_STARTED,20,Staff bắt đầu thực hiện dịch vụ.,2026-07-21 13:31:00
104,16,COMPLETED,20,Booking đã hoàn thành.,2026-07-21 14:15:00
105,17,CREATED,59,Booking LNR-20260710-00017 được tạo.,2026-07-02 08:00:00
106,17,STAFF_ASSIGNED,59,Đã phân Staff account #18.,2026-07-02 08:05:00
107,17,PAYMENT_RECEIVED,\N,Thanh toán PAY-20260710-00017 thành công.,2026-07-02 10:00:00
108,17,CHECKED_IN,8,Khách hàng đã check-in tại Spa.,2026-07-10 10:50:00
109,17,SERVICE_STARTED,18,Staff bắt đầu thực hiện dịch vụ.,2026-07-10 11:00:00
110,17,COMPLETED,18,Booking đã hoàn thành.,2026-07-10 12:57:00
111,18,CREATED,4,Booking LNR-20260622-00018 được tạo.,2026-06-10 14:30:00
112,18,STAFF_ASSIGNED,4,Đã phân Staff account #23.,2026-06-10 14:35:00
113,18,PAYMENT_RECEIVED,\N,Thanh toán PAY-20260622-00018 thành công.,2026-06-10 15:30:00
114,18,CHECKED_IN,9,Khách hàng đã check-in tại Spa.,2026-06-22 15:22:00
115,18,SERVICE_STARTED,23,Staff bắt đầu thực hiện dịch vụ.,2026-06-22 15:35:00
116,18,COMPLETED,23,Booking đã hoàn thành.,2026-06-22 17:28:00
117,19,CREATED,3,Booking LNR-20260707-00019 được tạo.,2026-06-29 10:30:00
118,19,STAFF_ASSIGNED,3,Đã phân Staff account #19.,2026-06-29 10:35:00
119,19,PAYMENT_RECEIVED,\N,Thanh toán PAY-20260707-00019 thành công.,2026-06-29 16:30:00
120,19,CHECKED_IN,7,Khách hàng đã check-in tại Spa.,2026-07-07 15:22:00
121,19,SERVICE_STARTED,19,Staff bắt đầu thực hiện dịch vụ.,2026-07-07 15:33:00
122,19,COMPLETED,19,Booking đã hoàn thành.,2026-07-07 17:00:00
123,20,CREATED,7,Booking LNR-20260728-00020 được tạo.,2026-07-24 11:30:00
124,20,STAFF_ASSIGNED,7,Đã phân Staff account #15.,2026-07-24 11:35:00
125,20,PAYMENT_RECEIVED,\N,Thanh toán PAY-20260728-00020 thành công.,2026-07-24 16:30:00
126,20,CHECKED_IN,8,Khách hàng đã check-in tại Spa.,2026-07-28 15:25:00
127,20,SERVICE_STARTED,15,Staff bắt đầu thực hiện dịch vụ.,2026-07-28 15:32:00
128,20,COMPLETED,15,Booking đã hoàn thành.,2026-07-28 16:41:00
129,21,CREATED,85,Booking LNR-20260812-00021 được tạo.,2026-07-25 12:30:00
130,21,STAFF_ASSIGNED,\N,Đã phân Staff account #16.,2026-07-25 12:35:00
131,21,PAYMENT_RECEIVED,\N,Thanh toán PAY-20260812-00021 thành công.,2026-07-25 13:30:00
132,21,CHECKED_IN,6,Khách hàng đã check-in tại Spa.,2026-08-12 13:23:00
133,21,SERVICE_STARTED,16,Staff bắt đầu thực hiện dịch vụ.,2026-08-12 13:32:00
134,21,COMPLETED,16,Booking đã hoàn thành.,2026-08-12 14:56:00
135,22,CREATED,43,Booking LNR-20260815-00022 được tạo.,2026-08-14 07:00:00
136,22,STAFF_ASSIGNED,\N,Đã phân Staff account #19.,2026-08-14 07:05:00
137,22,PAYMENT_RECEIVED,\N,Thanh toán PAY-20260815-00022 thành công.,2026-08-14 11:00:00
138,22,CHECKED_IN,9,Khách hàng đã check-in tại Spa.,2026-08-15 10:56:00
139,22,SERVICE_STARTED,19,Staff bắt đầu thực hiện dịch vụ.,2026-08-15 11:01:00
140,22,COMPLETED,19,Booking đã hoàn thành.,2026-08-15 11:44:00
141,23,CREATED,4,Booking LNR-20260629-00023 được tạo.,2026-06-28 09:30:00
142,23,STAFF_ASSIGNED,4,Đã phân Staff account #23.,2026-06-28 09:35:00
143,23,PAYMENT_RECEIVED,\N,Thanh toán PAY-20260629-00023 thành công.,2026-06-29 13:26:00
144,23,CHECKED_IN,8,Khách hàng đã check-in tại Spa.,2026-06-29 13:26:00
145,23,SERVICE_STARTED,23,Staff bắt đầu thực hiện dịch vụ.,2026-06-29 13:30:00
146,23,COMPLETED,23,Booking đã hoàn thành.,2026-06-29 14:40:00
147,24,CREATED,147,Booking LNR-20260715-00024 được tạo.,2026-07-01 07:00:00
148,24,STAFF_ASSIGNED,147,Đã phân Staff account #24.,2026-07-01 07:05:00
149,24,PAYMENT_RECEIVED,\N,Thanh toán PAY-20260715-00024 thành công.,2026-07-01 13:00:00
150,24,EMAIL_SENT,\N,Đã gửi email xác nhận booking.,2026-07-01 07:10:00
151,24,CHECKED_IN,9,Khách hàng đã check-in tại Spa.,2026-07-15 10:52:00
152,24,SERVICE_STARTED,24,Staff bắt đầu thực hiện dịch vụ.,2026-07-15 11:04:00
153,24,COMPLETED,24,Booking đã hoàn thành.,2026-07-15 11:44:00
154,25,CREATED,8,Booking LNR-20260622-00025 được tạo.,2026-06-21 05:00:00
155,25,STAFF_ASSIGNED,8,Đã phân Staff account #23.,2026-06-21 05:05:00
156,25,PAYMENT_RECEIVED,\N,Thanh toán PAY-20260622-00025 thành công.,2026-06-21 15:00:00
157,25,CHECKED_IN,8,Khách hàng đã check-in tại Spa.,2026-06-22 08:55:00
158,25,SERVICE_STARTED,23,Staff bắt đầu thực hiện dịch vụ.,2026-06-22 09:01:00
159,25,COMPLETED,23,Booking đã hoàn thành.,2026-06-22 09:41:00
160,26,CREATED,4,Booking LNR-20260611-00026 được tạo.,2026-05-28 07:30:00
161,26,STAFF_ASSIGNED,4,Đã phân Staff account #17.,2026-05-28 07:35:00
162,26,PAYMENT_RECEIVED,\N,Thanh toán PAY-20260611-00026 thành công.,2026-05-28 16:30:00
163,26,EMAIL_SENT,\N,Đã gửi email xác nhận booking.,2026-05-28 07:40:00
164,26,CHECKED_IN,7,Khách hàng đã check-in tại Spa.,2026-06-11 13:20:00
165,26,SERVICE_STARTED,17,Staff bắt đầu thực hiện dịch vụ.,2026-06-11 13:30:00
166,26,COMPLETED,17,Booking đã hoàn thành.,2026-06-11 14:25:00
167,27,CREATED,104,Booking LNR-20260723-00027 được tạo.,2026-07-13 08:00:00
168,27,STAFF_ASSIGNED,\N,Đã phân Staff account #23.,2026-07-13 08:05:00
169,27,PAYMENT_RECEIVED,\N,Thanh toán PAY-20260723-00027 thành công.,2026-07-23 08:55:00
170,27,CHECKED_IN,7,Khách hàng đã check-in tại Spa.,2026-07-23 08:55:00
171,27,SERVICE_STARTED,23,Staff bắt đầu thực hiện dịch vụ.,2026-07-23 09:02:00
172,27,COMPLETED,23,Booking đã hoàn thành.,2026-07-23 10:27:00
173,28,CREATED,127,Booking LNR-20260704-00028 được tạo.,2026-06-27 09:30:00
174,28,STAFF_ASSIGNED,\N,Đã phân Staff account #23.,2026-06-27 09:35:00
175,28,PAYMENT_RECEIVED,\N,Thanh toán PAY-20260704-00028 thành công.,2026-06-27 20:30:00
176,28,EMAIL_SENT,\N,Đã gửi email xác nhận booking.,2026-06-27 09:40:00
177,28,CHECKED_IN,9,Khách hàng đã check-in tại Spa.,2026-07-04 13:25:00
178,28,SERVICE_STARTED,23,Staff bắt đầu thực hiện dịch vụ.,2026-07-04 13:35:00
179,28,COMPLETED,23,Booking đã hoàn thành.,2026-07-04 14:55:00
180,29,CREATED,85,Booking LNR-20260610-00029 được tạo.,2026-06-07 03:00:00
181,29,STAFF_ASSIGNED,85,Đã phân Staff account #20.,2026-06-07 03:05:00
182,29,PAYMENT_RECEIVED,\N,Thanh toán PAY-20260610-00029 thành công.,2026-06-10 08:53:00
183,29,CHECKED_IN,9,Khách hàng đã check-in tại Spa.,2026-06-10 08:53:00
184,29,SERVICE_STARTED,20,Staff bắt đầu thực hiện dịch vụ.,2026-06-10 09:04:00
185,29,COMPLETED,20,Booking đã hoàn thành.,2026-06-10 10:28:00
186,30,CREATED,132,Booking LNR-20260831-00030 được tạo.,2026-08-20 10:30:00
187,30,STAFF_ASSIGNED,132,Đã phân Staff account #23.,2026-08-20 10:35:00
188,30,PAYMENT_RECEIVED,\N,Thanh toán PAY-20260831-00030 thành công.,2026-08-20 12:30:00
189,30,CHECKED_IN,6,Khách hàng đã check-in tại Spa.,2026-08-31 15:26:00
190,30,SERVICE_STARTED,23,Staff bắt đầu thực hiện dịch vụ.,2026-08-31 15:33:00
191,30,COMPLETED,23,Booking đã hoàn thành.,2026-08-31 16:56:00
192,31,CREATED,9,Booking LNR-20260615-00031 được tạo.,2026-06-12 10:00:00
193,31,STAFF_ASSIGNED,9,Đã phân Staff account #24.,2026-06-12 10:05:00
194,31,PAYMENT_RECEIVED,\N,Thanh toán PAY-20260615-00031 thành công.,2026-06-12 16:00:00
195,31,EMAIL_SENT,\N,Đã gửi email xác nhận booking.,2026-06-12 10:10:00
196,31,CHECKED_IN,8,Khách hàng đã check-in tại Spa.,2026-06-15 10:49:00
197,31,SERVICE_STARTED,24,Staff bắt đầu thực hiện dịch vụ.,2026-06-15 11:02:00
198,31,COMPLETED,24,Booking đã hoàn thành.,2026-06-15 13:00:00
199,32,CREATED,6,Booking LNR-20260905-00032 được tạo.,2026-09-02 07:00:00
200,32,STAFF_ASSIGNED,6,Đã phân Staff account #21.,2026-09-02 07:05:00
201,32,PAYMENT_RECEIVED,\N,Thanh toán PAY-20260905-00032 thành công.,2026-09-02 08:00:00
202,32,CHECKED_IN,9,Khách hàng đã check-in tại Spa.,2026-09-05 08:48:00
203,32,SERVICE_STARTED,21,Staff bắt đầu thực hiện dịch vụ.,2026-09-05 09:01:00
204,32,COMPLETED,21,Booking đã hoàn thành.,2026-09-05 10:10:00
205,33,CREATED,9,Booking LNR-20260608-00033 được tạo.,2026-06-07 08:00:00
206,33,STAFF_ASSIGNED,9,Đã phân Staff account #15.,2026-06-07 08:05:00
207,33,PAYMENT_RECEIVED,\N,Thanh toán PAY-20260608-00033 thành công.,2026-06-08 08:55:00
208,33,EMAIL_SENT,\N,Đã gửi email xác nhận booking.,2026-06-07 08:10:00
209,33,CHECKED_IN,7,Khách hàng đã check-in tại Spa.,2026-06-08 08:55:00
210,33,SERVICE_STARTED,15,Staff bắt đầu thực hiện dịch vụ.,2026-06-08 09:05:00
211,33,COMPLETED,15,Booking đã hoàn thành.,2026-06-08 10:25:00
212,34,CREATED,156,Booking LNR-20260727-00034 được tạo.,2026-07-19 09:00:00
213,34,STAFF_ASSIGNED,\N,Đã phân Staff account #24.,2026-07-19 09:05:00
214,34,PAYMENT_RECEIVED,\N,Thanh toán PAY-20260727-00034 thành công.,2026-07-27 10:56:00
215,34,CHECKED_IN,7,Khách hàng đã check-in tại Spa.,2026-07-27 10:56:00
216,34,SERVICE_STARTED,24,Staff bắt đầu thực hiện dịch vụ.,2026-07-27 11:01:00
217,34,COMPLETED,24,Booking đã hoàn thành.,2026-07-27 12:25:00
218,35,CREATED,8,Booking LNR-20260806-00035 được tạo.,2026-07-30 12:30:00
219,35,STAFF_ASSIGNED,8,Đã phân Staff account #22.,2026-07-30 12:35:00
220,35,PAYMENT_RECEIVED,\N,Thanh toán PAY-20260806-00035 thành công.,2026-08-06 15:23:00
221,35,CHECKED_IN,9,Khách hàng đã check-in tại Spa.,2026-08-06 15:23:00
222,35,SERVICE_STARTED,22,Staff bắt đầu thực hiện dịch vụ.,2026-08-06 15:33:00
223,35,COMPLETED,22,Booking đã hoàn thành.,2026-08-06 16:44:00
224,36,CREATED,139,Booking LNR-20260723-00036 được tạo.,2026-07-16 11:00:00
225,36,STAFF_ASSIGNED,\N,Đã phân Staff account #17.,2026-07-16 11:05:00
226,36,PAYMENT_RECEIVED,\N,Thanh toán PAY-20260723-00036 thành công.,2026-07-16 23:00:00
227,36,EMAIL_SENT,\N,Đã gửi email xác nhận booking.,2026-07-16 11:10:00
228,36,CHECKED_IN,9,Khách hàng đã check-in tại Spa.,2026-07-23 10:48:00
229,36,SERVICE_STARTED,17,Staff bắt đầu thực hiện dịch vụ.,2026-07-23 11:04:00
230,36,COMPLETED,17,Booking đã hoàn thành.,2026-07-23 11:41:00
231,37,CREATED,131,Booking LNR-20260618-00037 được tạo.,2026-06-13 07:00:00
232,37,STAFF_ASSIGNED,\N,Đã phân Staff account #11.,2026-06-13 07:05:00
233,37,PAYMENT_RECEIVED,\N,Thanh toán PAY-20260618-00037 thành công.,2026-06-18 08:57:00
234,37,CHECKED_IN,8,Khách hàng đã check-in tại Spa.,2026-06-18 08:57:00
235,37,SERVICE_STARTED,11,Staff bắt đầu thực hiện dịch vụ.,2026-06-18 09:03:00
236,37,COMPLETED,11,Booking đã hoàn thành.,2026-06-18 10:29:00
237,38,CREATED,108,Booking LNR-20260613-00038 được tạo.,2026-05-31 10:00:00
238,38,STAFF_ASSIGNED,108,Đã phân Staff account #23.,2026-05-31 10:05:00
239,38,PAYMENT_RECEIVED,\N,Thanh toán PAY-20260613-00038 thành công.,2026-06-13 10:55:00
240,38,CHECKED_IN,7,Khách hàng đã check-in tại Spa.,2026-06-13 10:55:00
241,38,SERVICE_STARTED,23,Staff bắt đầu thực hiện dịch vụ.,2026-06-13 11:05:00
242,38,COMPLETED,23,Booking đã hoàn thành.,2026-06-13 12:25:00
243,39,CREATED,128,Booking LNR-20260617-00039 được tạo.,2026-05-30 11:30:00
244,39,STAFF_ASSIGNED,\N,Đã phân Staff account #24.,2026-05-30 11:35:00
245,39,PAYMENT_RECEIVED,\N,Thanh toán PAY-20260617-00039 thành công.,2026-05-30 18:30:00
246,39,CHECKED_IN,6,Khách hàng đã check-in tại Spa.,2026-06-17 15:18:00
247,39,SERVICE_STARTED,24,Staff bắt đầu thực hiện dịch vụ.,2026-06-17 15:32:00
248,39,COMPLETED,24,Booking đã hoàn thành.,2026-06-17 17:13:00
249,40,CREATED,150,Booking LNR-20260612-00040 được tạo.,2026-06-09 04:00:00
250,40,STAFF_ASSIGNED,\N,Đã phân Staff account #10.,2026-06-09 04:05:00
251,40,PAYMENT_RECEIVED,\N,Thanh toán PAY-20260612-00040 thành công.,2026-06-12 08:51:00
252,40,CHECKED_IN,8,Khách hàng đã check-in tại Spa.,2026-06-12 08:51:00
253,40,SERVICE_STARTED,10,Staff bắt đầu thực hiện dịch vụ.,2026-06-12 09:01:00
254,40,COMPLETED,10,Booking đã hoàn thành.,2026-06-12 10:28:00
255,41,CREATED,146,Booking LNR-20260730-00041 được tạo.,2026-07-26 15:30:00
256,41,STAFF_ASSIGNED,\N,Đã phân Staff account #19.,2026-07-26 15:35:00
257,41,PAYMENT_RECEIVED,\N,Thanh toán PAY-20260730-00041 thành công.,2026-07-27 00:30:00
258,41,EMAIL_SENT,\N,Đã gửi email xác nhận booking.,2026-07-26 15:40:00
259,41,CHECKED_IN,9,Khách hàng đã check-in tại Spa.,2026-07-30 15:18:00
260,41,SERVICE_STARTED,19,Staff bắt đầu thực hiện dịch vụ.,2026-07-30 15:32:00
261,41,COMPLETED,19,Booking đã hoàn thành.,2026-07-30 17:15:00
262,42,CREATED,50,Booking LNR-20260626-00042 được tạo.,2026-06-25 08:00:00
263,42,STAFF_ASSIGNED,50,Đã phân Staff account #18.,2026-06-25 08:05:00
264,42,PAYMENT_RECEIVED,\N,Thanh toán PAY-20260626-00042 thành công.,2026-06-25 10:00:00
265,42,CHECKED_IN,9,Khách hàng đã check-in tại Spa.,2026-06-26 08:49:00
266,42,SERVICE_STARTED,18,Staff bắt đầu thực hiện dịch vụ.,2026-06-26 09:02:00
267,42,COMPLETED,18,Booking đã hoàn thành.,2026-06-26 09:58:00
268,43,CREATED,96,Booking LNR-20260807-00043 được tạo.,2026-08-03 06:00:00
269,43,STAFF_ASSIGNED,\N,Đã phân Staff account #22.,2026-08-03 06:05:00
270,43,PAYMENT_RECEIVED,\N,Thanh toán PAY-20260807-00043 thành công.,2026-08-03 09:00:00
271,43,CHECKED_IN,7,Khách hàng đã check-in tại Spa.,2026-08-07 10:55:00
272,43,SERVICE_STARTED,22,Staff bắt đầu thực hiện dịch vụ.,2026-08-07 11:02:00
273,43,COMPLETED,22,Booking đã hoàn thành.,2026-08-07 11:44:00
274,44,CREATED,2,Booking LNR-20260629-00044 được tạo.,2026-06-16 03:00:00
275,44,STAFF_ASSIGNED,2,Đã phân Staff account #15.,2026-06-16 03:05:00
276,44,PAYMENT_RECEIVED,\N,Thanh toán PAY-20260629-00044 thành công.,2026-06-29 08:55:00
277,44,CHECKED_IN,9,Khách hàng đã check-in tại Spa.,2026-06-29 08:55:00
278,44,SERVICE_STARTED,15,Staff bắt đầu thực hiện dịch vụ.,2026-06-29 09:02:00
279,44,COMPLETED,15,Booking đã hoàn thành.,2026-06-29 10:11:00
280,45,CREATED,149,Booking LNR-20260813-00045 được tạo.,2026-08-02 08:30:00
281,45,STAFF_ASSIGNED,149,Đã phân Staff account #14.,2026-08-02 08:35:00
282,45,PAYMENT_RECEIVED,\N,Thanh toán PAY-20260813-00045 thành công.,2026-08-13 13:23:00
283,45,CHECKED_IN,8,Khách hàng đã check-in tại Spa.,2026-08-13 13:23:00
284,45,SERVICE_STARTED,14,Staff bắt đầu thực hiện dịch vụ.,2026-08-13 13:35:00
285,45,COMPLETED,14,Booking đã hoàn thành.,2026-08-13 14:27:00
286,46,CREATED,130,Booking LNR-20260724-00046 được tạo.,2026-07-16 15:30:00
287,46,STAFF_ASSIGNED,\N,Đã phân Staff account #12.,2026-07-16 15:35:00
288,46,PAYMENT_RECEIVED,\N,Thanh toán PAY-20260724-00046 thành công.,2026-07-24 15:20:00
289,46,CHECKED_IN,9,Khách hàng đã check-in tại Spa.,2026-07-24 15:20:00
290,46,SERVICE_STARTED,12,Staff bắt đầu thực hiện dịch vụ.,2026-07-24 15:32:00
291,46,COMPLETED,12,Booking đã hoàn thành.,2026-07-24 17:00:00
292,47,CREATED,166,Booking LNR-20260904-00047 được tạo.,2026-08-24 10:30:00
293,47,STAFF_ASSIGNED,\N,Đã phân Staff account #14.,2026-08-24 10:35:00
294,47,PAYMENT_RECEIVED,\N,Thanh toán PAY-20260904-00047 thành công.,2026-08-24 19:30:00
295,47,EMAIL_SENT,\N,Đã gửi email xác nhận booking.,2026-08-24 10:40:00
296,47,CHECKED_IN,7,Khách hàng đã check-in tại Spa.,2026-09-04 13:25:00
297,47,SERVICE_STARTED,14,Staff bắt đầu thực hiện dịch vụ.,2026-09-04 13:34:00
298,47,COMPLETED,14,Booking đã hoàn thành.,2026-09-04 14:14:00
299,48,CREATED,91,Booking LNR-20260807-00048 được tạo.,2026-08-03 14:30:00
300,48,STAFF_ASSIGNED,\N,Đã phân Staff account #19.,2026-08-03 14:35:00
301,48,PAYMENT_RECEIVED,\N,Thanh toán PAY-20260807-00048 thành công.,2026-08-03 22:30:00
302,48,CHECKED_IN,8,Khách hàng đã check-in tại Spa.,2026-08-07 15:18:00
303,48,SERVICE_STARTED,19,Staff bắt đầu thực hiện dịch vụ.,2026-08-07 15:34:00
304,48,COMPLETED,19,Booking đã hoàn thành.,2026-08-07 16:25:00
305,49,CREATED,46,Booking LNR-20260617-00049 được tạo.,2026-06-04 10:30:00
306,49,STAFF_ASSIGNED,\N,Đã phân Staff account #16.,2026-06-04 10:35:00
307,49,PAYMENT_RECEIVED,\N,Thanh toán PAY-20260617-00049 thành công.,2026-06-04 19:30:00
308,49,CHECKED_IN,8,Khách hàng đã check-in tại Spa.,2026-06-17 13:21:00
309,49,SERVICE_STARTED,16,Staff bắt đầu thực hiện dịch vụ.,2026-06-17 13:31:00
310,49,COMPLETED,16,Booking đã hoàn thành.,2026-06-17 14:28:00
311,50,CREATED,103,Booking LNR-20260707-00050 được tạo.,2026-06-19 09:00:00
312,50,STAFF_ASSIGNED,103,Đã phân Staff account #13.,2026-06-19 09:05:00
313,50,PAYMENT_RECEIVED,\N,Thanh toán PAY-20260707-00050 thành công.,2026-06-19 15:00:00
314,50,CHECKED_IN,8,Khách hàng đã check-in tại Spa.,2026-07-07 08:51:00
315,50,SERVICE_STARTED,13,Staff bắt đầu thực hiện dịch vụ.,2026-07-07 09:02:00
316,50,COMPLETED,13,Booking đã hoàn thành.,2026-07-07 10:55:00
317,51,CREATED,31,Booking LNR-20260812-00051 được tạo.,2026-08-01 05:00:00
318,51,STAFF_ASSIGNED,31,Đã phân Staff account #21.,2026-08-01 05:05:00
319,51,PAYMENT_RECEIVED,\N,Thanh toán PAY-20260812-00051 thành công.,2026-08-01 11:00:00
320,51,EMAIL_SENT,\N,Đã gửi email xác nhận booking.,2026-08-01 05:10:00
321,51,CHECKED_IN,7,Khách hàng đã check-in tại Spa.,2026-08-12 08:49:00
322,51,SERVICE_STARTED,21,Staff bắt đầu thực hiện dịch vụ.,2026-08-12 09:01:00
323,51,COMPLETED,21,Booking đã hoàn thành.,2026-08-12 10:57:00
324,52,CREATED,113,Booking LNR-20260605-00052 được tạo.,2026-05-23 03:00:00
325,52,STAFF_ASSIGNED,113,Đã phân Staff account #13.,2026-05-23 03:05:00
326,52,PAYMENT_RECEIVED,\N,Thanh toán PAY-20260605-00052 thành công.,2026-05-23 07:00:00
327,52,CHECKED_IN,8,Khách hàng đã check-in tại Spa.,2026-06-05 08:54:00
328,52,SERVICE_STARTED,13,Staff bắt đầu thực hiện dịch vụ.,2026-06-05 09:00:00
329,52,COMPLETED,13,Booking đã hoàn thành.,2026-06-05 09:57:00
330,53,CREATED,107,Booking LNR-20260716-00053 được tạo.,2026-07-13 07:30:00
331,53,STAFF_ASSIGNED,107,Đã phân Staff account #11.,2026-07-13 07:35:00
332,53,PAYMENT_RECEIVED,\N,Thanh toán PAY-20260716-00053 thành công.,2026-07-13 11:30:00
333,53,EMAIL_SENT,\N,Đã gửi email xác nhận booking.,2026-07-13 07:40:00
334,53,CHECKED_IN,8,Khách hàng đã check-in tại Spa.,2026-07-16 13:22:00
335,53,SERVICE_STARTED,11,Staff bắt đầu thực hiện dịch vụ.,2026-07-16 13:34:00
336,53,COMPLETED,11,Booking đã hoàn thành.,2026-07-16 14:26:00
337,54,CREATED,161,Booking LNR-20260727-00054 được tạo.,2026-07-26 10:00:00
338,54,STAFF_ASSIGNED,161,Đã phân Staff account #17.,2026-07-26 10:05:00
339,54,PAYMENT_RECEIVED,\N,Thanh toán PAY-20260727-00054 thành công.,2026-07-26 14:00:00
340,54,CHECKED_IN,8,Khách hàng đã check-in tại Spa.,2026-07-27 10:53:00
341,54,SERVICE_STARTED,17,Staff bắt đầu thực hiện dịch vụ.,2026-07-27 11:01:00
342,54,COMPLETED,17,Booking đã hoàn thành.,2026-07-27 12:30:00
343,55,CREATED,78,Booking LNR-20260822-00055 được tạo.,2026-08-11 10:00:00
344,55,STAFF_ASSIGNED,\N,Đã phân Staff account #14.,2026-08-11 10:05:00
345,55,PAYMENT_RECEIVED,\N,Thanh toán PAY-20260822-00055 thành công.,2026-08-11 18:00:00
346,55,CHECKED_IN,8,Khách hàng đã check-in tại Spa.,2026-08-22 10:54:00
347,55,SERVICE_STARTED,14,Staff bắt đầu thực hiện dịch vụ.,2026-08-22 11:03:00
348,55,COMPLETED,14,Booking đã hoàn thành.,2026-08-22 12:28:00
349,56,CREATED,6,Booking LNR-20260708-00056 được tạo.,2026-06-29 13:30:00
350,56,STAFF_ASSIGNED,6,Đã phân Staff account #12.,2026-06-29 13:35:00
351,56,PAYMENT_RECEIVED,\N,Thanh toán PAY-20260708-00056 thành công.,2026-06-30 00:30:00
352,56,CHECKED_IN,8,Khách hàng đã check-in tại Spa.,2026-07-08 13:21:00
353,56,SERVICE_STARTED,12,Staff bắt đầu thực hiện dịch vụ.,2026-07-08 13:34:00
354,56,COMPLETED,12,Booking đã hoàn thành.,2026-07-08 15:14:00
355,57,CREATED,122,Booking LNR-20260801-00057 được tạo.,2026-07-27 07:00:00
356,57,STAFF_ASSIGNED,122,Đã phân Staff account #13.,2026-07-27 07:05:00
357,57,PAYMENT_RECEIVED,\N,Thanh toán PAY-20260801-00057 thành công.,2026-08-01 10:53:00
358,57,CHECKED_IN,9,Khách hàng đã check-in tại Spa.,2026-08-01 10:53:00
359,57,SERVICE_STARTED,13,Staff bắt đầu thực hiện dịch vụ.,2026-08-01 11:02:00
360,57,COMPLETED,13,Booking đã hoàn thành.,2026-08-01 11:58:00
361,58,CREATED,7,Booking LNR-20260725-00058 được tạo.,2026-07-18 07:00:00
362,58,STAFF_ASSIGNED,7,Đã phân Staff account #17.,2026-07-18 07:05:00
363,58,PAYMENT_RECEIVED,\N,Thanh toán PAY-20260725-00058 thành công.,2026-07-25 08:52:00
364,58,CHECKED_IN,8,Khách hàng đã check-in tại Spa.,2026-07-25 08:52:00
365,58,SERVICE_STARTED,17,Staff bắt đầu thực hiện dịch vụ.,2026-07-25 09:01:00
366,58,COMPLETED,17,Booking đã hoàn thành.,2026-07-25 10:12:00
367,59,CREATED,86,Booking LNR-20260718-00059 được tạo.,2026-07-10 08:00:00
368,59,STAFF_ASSIGNED,86,Đã phân Staff account #19.,2026-07-10 08:05:00
369,59,PAYMENT_RECEIVED,\N,Thanh toán PAY-20260718-00059 thành công.,2026-07-10 19:00:00
370,59,CHECKED_IN,7,Khách hàng đã check-in tại Spa.,2026-07-18 10:49:00
371,59,SERVICE_STARTED,19,Staff bắt đầu thực hiện dịch vụ.,2026-07-18 11:04:00
372,59,COMPLETED,19,Booking đã hoàn thành.,2026-07-18 12:27:00
373,60,CREATED,51,Booking LNR-20260709-00060 được tạo.,2026-06-28 08:00:00
374,60,STAFF_ASSIGNED,\N,Đã phân Staff account #16.,2026-06-28 08:05:00
375,60,PAYMENT_RECEIVED,\N,Thanh toán PAY-20260709-00060 thành công.,2026-07-09 10:53:00
376,60,EMAIL_SENT,\N,Đã gửi email xác nhận booking.,2026-06-28 08:10:00
377,60,CHECKED_IN,9,Khách hàng đã check-in tại Spa.,2026-07-09 10:53:00
378,60,SERVICE_STARTED,16,Staff bắt đầu thực hiện dịch vụ.,2026-07-09 11:05:00
379,60,COMPLETED,16,Booking đã hoàn thành.,2026-07-09 11:56:00
380,61,CREATED,153,Booking LNR-20260704-00061 được tạo.,2026-07-02 09:00:00
381,61,STAFF_ASSIGNED,\N,Đã phân Staff account #18.,2026-07-02 09:05:00
382,61,PAYMENT_RECEIVED,\N,Thanh toán PAY-20260704-00061 thành công.,2026-07-02 13:00:00
383,61,EMAIL_SENT,\N,Đã gửi email xác nhận booking.,2026-07-02 09:10:00
384,61,CHECKED_IN,7,Khách hàng đã check-in tại Spa.,2026-07-04 10:57:00
385,61,SERVICE_STARTED,18,Staff bắt đầu thực hiện dịch vụ.,2026-07-04 11:02:00
386,61,COMPLETED,18,Booking đã hoàn thành.,2026-07-04 12:26:00
387,62,CREATED,52,Booking LNR-20260619-00062 được tạo.,2026-06-09 13:30:00
388,62,STAFF_ASSIGNED,\N,Đã phân Staff account #18.,2026-06-09 13:35:00
389,62,PAYMENT_RECEIVED,\N,Thanh toán PAY-20260619-00062 thành công.,2026-06-09 20:30:00
390,62,CHECKED_IN,9,Khách hàng đã check-in tại Spa.,2026-06-19 15:25:00
391,62,SERVICE_STARTED,18,Staff bắt đầu thực hiện dịch vụ.,2026-06-19 15:31:00
392,62,COMPLETED,18,Booking đã hoàn thành.,2026-06-19 16:29:00
393,63,CREATED,47,Booking LNR-20260619-00063 được tạo.,2026-06-11 05:00:00
394,63,STAFF_ASSIGNED,47,Đã phân Staff account #14.,2026-06-11 05:05:00
395,63,PAYMENT_RECEIVED,\N,Thanh toán PAY-20260619-00063 thành công.,2026-06-11 07:00:00
396,63,CHECKED_IN,7,Khách hàng đã check-in tại Spa.,2026-06-19 10:50:00
397,63,SERVICE_STARTED,14,Staff bắt đầu thực hiện dịch vụ.,2026-06-19 11:01:00
398,63,COMPLETED,14,Booking đã hoàn thành.,2026-06-19 13:00:00
399,64,CREATED,173,Booking LNR-20260606-00064 được tạo.,2026-05-28 07:00:00
400,64,STAFF_ASSIGNED,173,Đã phân Staff account #19.,2026-05-28 07:05:00
401,64,PAYMENT_RECEIVED,\N,Thanh toán PAY-20260606-00064 thành công.,2026-05-28 09:00:00
402,64,CHECKED_IN,6,Khách hàng đã check-in tại Spa.,2026-06-06 10:49:00
403,64,SERVICE_STARTED,19,Staff bắt đầu thực hiện dịch vụ.,2026-06-06 11:03:00
404,64,COMPLETED,19,Booking đã hoàn thành.,2026-06-06 11:41:00
405,65,CREATED,110,Booking LNR-20260815-00065 được tạo.,2026-08-07 07:00:00
406,65,STAFF_ASSIGNED,110,Đã phân Staff account #18.,2026-08-07 07:05:00
407,65,PAYMENT_RECEIVED,\N,Thanh toán PAY-20260815-00065 thành công.,2026-08-07 09:00:00
408,65,CHECKED_IN,7,Khách hàng đã check-in tại Spa.,2026-08-15 10:57:00
409,65,SERVICE_STARTED,18,Staff bắt đầu thực hiện dịch vụ.,2026-08-15 11:01:00
410,65,COMPLETED,18,Booking đã hoàn thành.,2026-08-15 11:55:00
411,66,CREATED,127,Booking LNR-20260729-00066 được tạo.,2026-07-12 09:00:00
412,66,STAFF_ASSIGNED,127,Đã phân Staff account #17.,2026-07-12 09:05:00
413,66,PAYMENT_RECEIVED,\N,Thanh toán PAY-20260729-00066 thành công.,2026-07-12 18:00:00
414,66,EMAIL_SENT,\N,Đã gửi email xác nhận booking.,2026-07-12 09:10:00
415,66,CHECKED_IN,9,Khách hàng đã check-in tại Spa.,2026-07-29 10:54:00
416,66,SERVICE_STARTED,17,Staff bắt đầu thực hiện dịch vụ.,2026-07-29 11:00:00
417,66,COMPLETED,17,Booking đã hoàn thành.,2026-07-29 11:55:00
418,67,CREATED,38,Booking LNR-20260707-00067 được tạo.,2026-06-28 15:30:00
419,67,STAFF_ASSIGNED,\N,Đã phân Staff account #13.,2026-06-28 15:35:00
420,67,PAYMENT_RECEIVED,\N,Thanh toán PAY-20260707-00067 thành công.,2026-07-07 15:24:00
421,67,CHECKED_IN,6,Khách hàng đã check-in tại Spa.,2026-07-07 15:24:00
422,67,SERVICE_STARTED,13,Staff bắt đầu thực hiện dịch vụ.,2026-07-07 15:30:00
423,67,COMPLETED,13,Booking đã hoàn thành.,2026-07-07 16:26:00
424,68,CREATED,135,Booking LNR-20260812-00068 được tạo.,2026-07-28 15:30:00
425,68,STAFF_ASSIGNED,\N,Đã phân Staff account #12.,2026-07-28 15:35:00
426,68,PAYMENT_RECEIVED,\N,Thanh toán PAY-20260812-00068 thành công.,2026-08-12 15:22:00
427,68,CHECKED_IN,9,Khách hàng đã check-in tại Spa.,2026-08-12 15:22:00
428,68,SERVICE_STARTED,12,Staff bắt đầu thực hiện dịch vụ.,2026-08-12 15:34:00
429,68,COMPLETED,12,Booking đã hoàn thành.,2026-08-12 17:30:00
430,69,CREATED,89,Booking LNR-20260713-00069 được tạo.,2026-07-10 15:30:00
431,69,STAFF_ASSIGNED,\N,Đã phân Staff account #17.,2026-07-10 15:35:00
432,69,PAYMENT_RECEIVED,\N,Thanh toán PAY-20260713-00069 thành công.,2026-07-13 15:23:00
433,69,CHECKED_IN,8,Khách hàng đã check-in tại Spa.,2026-07-13 15:23:00
434,69,SERVICE_STARTED,17,Staff bắt đầu thực hiện dịch vụ.,2026-07-13 15:35:00
435,69,COMPLETED,17,Booking đã hoàn thành.,2026-07-13 16:55:00
436,70,CREATED,142,Booking LNR-20260605-00070 được tạo.,2026-05-30 03:00:00
437,70,STAFF_ASSIGNED,142,Đã phân Staff account #12.,2026-05-30 03:05:00
438,70,PAYMENT_RECEIVED,\N,Thanh toán PAY-20260605-00070 thành công.,2026-05-30 04:00:00
439,70,CHECKED_IN,6,Khách hàng đã check-in tại Spa.,2026-06-05 08:56:00
440,70,SERVICE_STARTED,12,Staff bắt đầu thực hiện dịch vụ.,2026-06-05 09:05:00
441,70,COMPLETED,12,Booking đã hoàn thành.,2026-06-05 10:28:00
442,71,CREATED,5,Booking LNR-20260709-00071 được tạo.,2026-06-29 09:30:00
443,71,STAFF_ASSIGNED,5,Đã phân Staff account #11.,2026-06-29 09:35:00
444,71,PAYMENT_RECEIVED,\N,Thanh toán PAY-20260709-00071 thành công.,2026-06-29 16:30:00
445,71,CHECKED_IN,7,Khách hàng đã check-in tại Spa.,2026-07-09 13:23:00
446,71,SERVICE_STARTED,11,Staff bắt đầu thực hiện dịch vụ.,2026-07-09 13:34:00
447,71,COMPLETED,11,Booking đã hoàn thành.,2026-07-09 14:41:00
448,72,CREATED,6,Booking LNR-20260701-00072 được tạo.,2026-06-20 03:00:00
449,72,STAFF_ASSIGNED,6,Đã phân Staff account #19.,2026-06-20 03:05:00
450,72,PAYMENT_RECEIVED,\N,Thanh toán PAY-20260701-00072 thành công.,2026-06-20 13:00:00
451,72,CHECKED_IN,6,Khách hàng đã check-in tại Spa.,2026-07-01 08:50:00
452,72,SERVICE_STARTED,19,Staff bắt đầu thực hiện dịch vụ.,2026-07-01 09:05:00
453,72,COMPLETED,19,Booking đã hoàn thành.,2026-07-01 10:28:00
454,73,CREATED,129,Booking LNR-20260819-00073 được tạo.,2026-08-18 04:00:00
455,73,STAFF_ASSIGNED,\N,Đã phân Staff account #12.,2026-08-18 04:05:00
456,73,PAYMENT_RECEIVED,\N,Thanh toán PAY-20260819-00073 thành công.,2026-08-19 08:52:00
457,73,EMAIL_SENT,\N,Đã gửi email xác nhận booking.,2026-08-18 04:10:00
458,73,CHECKED_IN,8,Khách hàng đã check-in tại Spa.,2026-08-19 08:52:00
459,73,SERVICE_STARTED,12,Staff bắt đầu thực hiện dịch vụ.,2026-08-19 09:00:00
460,73,COMPLETED,12,Booking đã hoàn thành.,2026-08-19 10:00:00
461,74,CREATED,147,Booking LNR-20260612-00074 được tạo.,2026-06-03 12:30:00
462,74,STAFF_ASSIGNED,147,Đã phân Staff account #22.,2026-06-03 12:35:00
463,74,PAYMENT_RECEIVED,\N,Thanh toán PAY-20260612-00074 thành công.,2026-06-03 13:30:00
464,74,CHECKED_IN,8,Khách hàng đã check-in tại Spa.,2026-06-12 15:19:00
465,74,SERVICE_STARTED,22,Staff bắt đầu thực hiện dịch vụ.,2026-06-12 15:35:00
466,74,COMPLETED,22,Booking đã hoàn thành.,2026-06-12 16:30:00
467,75,CREATED,34,Booking LNR-20260619-00075 được tạo.,2026-06-03 11:30:00
468,75,STAFF_ASSIGNED,34,Đã phân Staff account #16.,2026-06-03 11:35:00
469,75,PAYMENT_RECEIVED,\N,Thanh toán PAY-20260619-00075 thành công.,2026-06-03 13:30:00
470,75,EMAIL_SENT,\N,Đã gửi email xác nhận booking.,2026-06-03 11:40:00
471,75,CHECKED_IN,6,Khách hàng đã check-in tại Spa.,2026-06-19 13:24:00
472,75,SERVICE_STARTED,16,Staff bắt đầu thực hiện dịch vụ.,2026-06-19 13:33:00
473,75,COMPLETED,16,Booking đã hoàn thành.,2026-06-19 14:27:00
474,76,CREATED,68,Booking LNR-20260908-00076 được tạo.,2026-08-21 13:30:00
475,76,STAFF_ASSIGNED,\N,Đã phân Staff account #24.,2026-08-21 13:35:00
476,76,PAYMENT_RECEIVED,\N,Thanh toán PAY-20260908-00076 thành công.,2026-08-21 15:30:00
477,76,EMAIL_SENT,\N,Đã gửi email xác nhận booking.,2026-08-21 13:40:00
478,76,CHECKED_IN,6,Khách hàng đã check-in tại Spa.,2026-09-08 15:21:00
479,76,SERVICE_STARTED,24,Staff bắt đầu thực hiện dịch vụ.,2026-09-08 15:33:00
480,76,COMPLETED,24,Booking đã hoàn thành.,2026-09-08 16:29:00
481,77,CREATED,31,Booking LNR-20260613-00077 được tạo.,2026-06-12 13:30:00
482,77,STAFF_ASSIGNED,31,Đã phân Staff account #13.,2026-06-12 13:35:00
483,77,PAYMENT_RECEIVED,\N,Thanh toán PAY-20260613-00077 thành công.,2026-06-12 20:30:00
484,77,CHECKED_IN,7,Khách hàng đã check-in tại Spa.,2026-06-13 13:27:00
485,77,SERVICE_STARTED,13,Staff bắt đầu thực hiện dịch vụ.,2026-06-13 13:30:00
486,77,COMPLETED,13,Booking đã hoàn thành.,2026-06-13 15:28:00
487,78,CREATED,96,Booking LNR-20260901-00078 được tạo.,2026-08-27 07:00:00
488,78,STAFF_ASSIGNED,96,Đã phân Staff account #14.,2026-08-27 07:05:00
489,78,PAYMENT_RECEIVED,\N,Thanh toán PAY-20260901-00078 thành công.,2026-08-27 08:00:00
490,78,CHECKED_IN,9,Khách hàng đã check-in tại Spa.,2026-09-01 08:50:00
491,78,SERVICE_STARTED,14,Staff bắt đầu thực hiện dịch vụ.,2026-09-01 09:04:00
492,78,COMPLETED,14,Booking đã hoàn thành.,2026-09-01 09:56:00
493,79,CREATED,149,Booking LNR-20260714-00079 được tạo.,2026-07-05 06:00:00
494,79,STAFF_ASSIGNED,149,Đã phân Staff account #22.,2026-07-05 06:05:00
495,79,PAYMENT_RECEIVED,\N,Thanh toán PAY-20260714-00079 thành công.,2026-07-05 12:00:00
496,79,CHECKED_IN,8,Khách hàng đã check-in tại Spa.,2026-07-14 08:54:00
497,79,SERVICE_STARTED,22,Staff bắt đầu thực hiện dịch vụ.,2026-07-14 09:03:00
498,79,COMPLETED,22,Booking đã hoàn thành.,2026-07-14 10:13:00
499,80,CREATED,161,Booking LNR-20260826-00080 được tạo.,2026-08-08 06:00:00
500,80,STAFF_ASSIGNED,\N,Đã phân Staff account #18.,2026-08-08 06:05:00
501,80,PAYMENT_RECEIVED,\N,Thanh toán PAY-20260826-00080 thành công.,2026-08-08 17:00:00
502,80,EMAIL_SENT,\N,Đã gửi email xác nhận booking.,2026-08-08 06:10:00
503,80,CHECKED_IN,6,Khách hàng đã check-in tại Spa.,2026-08-26 08:49:00
504,80,SERVICE_STARTED,18,Staff bắt đầu thực hiện dịch vụ.,2026-08-26 09:02:00
505,80,COMPLETED,18,Booking đã hoàn thành.,2026-08-26 09:44:00
506,81,CREATED,62,Booking LNR-20260717-00081 được tạo.,2026-07-15 13:30:00
507,81,STAFF_ASSIGNED,62,Đã phân Staff account #18.,2026-07-15 13:35:00
508,81,PAYMENT_RECEIVED,\N,Thanh toán PAY-20260717-00081 thành công.,2026-07-17 13:20:00
509,81,CHECKED_IN,7,Khách hàng đã check-in tại Spa.,2026-07-17 13:20:00
510,81,SERVICE_STARTED,18,Staff bắt đầu thực hiện dịch vụ.,2026-07-17 13:32:00
511,81,COMPLETED,18,Booking đã hoàn thành.,2026-07-17 14:27:00
512,82,CREATED,6,Booking LNR-20260604-00082 được tạo.,2026-05-31 12:30:00
513,82,STAFF_ASSIGNED,6,Đã phân Staff account #24.,2026-05-31 12:35:00
514,82,PAYMENT_RECEIVED,\N,Thanh toán PAY-20260604-00082 thành công.,2026-05-31 18:30:00
515,82,EMAIL_SENT,\N,Đã gửi email xác nhận booking.,2026-05-31 12:40:00
516,82,CHECKED_IN,8,Khách hàng đã check-in tại Spa.,2026-06-04 13:21:00
517,82,SERVICE_STARTED,24,Staff bắt đầu thực hiện dịch vụ.,2026-06-04 13:32:00
518,82,COMPLETED,24,Booking đã hoàn thành.,2026-06-04 14:29:00
519,83,CREATED,6,Booking LNR-20260806-00083 được tạo.,2026-07-22 04:00:00
520,83,STAFF_ASSIGNED,6,Đã phân Staff account #15.,2026-07-22 04:05:00
521,83,PAYMENT_RECEIVED,\N,Thanh toán PAY-20260806-00083 thành công.,2026-08-06 08:56:00
522,83,CHECKED_IN,6,Khách hàng đã check-in tại Spa.,2026-08-06 08:56:00
523,83,SERVICE_STARTED,15,Staff bắt đầu thực hiện dịch vụ.,2026-08-06 09:03:00
524,83,COMPLETED,15,Booking đã hoàn thành.,2026-08-06 10:29:00
525,84,CREATED,117,Booking LNR-20260623-00084 được tạo.,2026-06-20 09:30:00
526,84,STAFF_ASSIGNED,117,Đã phân Staff account #15.,2026-06-20 09:35:00
527,84,PAYMENT_RECEIVED,\N,Thanh toán PAY-20260623-00084 thành công.,2026-06-20 11:30:00
528,84,CHECKED_IN,9,Khách hàng đã check-in tại Spa.,2026-06-23 13:22:00
529,84,SERVICE_STARTED,15,Staff bắt đầu thực hiện dịch vụ.,2026-06-23 13:32:00
530,84,COMPLETED,15,Booking đã hoàn thành.,2026-06-23 14:28:00
531,85,CREATED,3,Booking LNR-20260622-00085 được tạo.,2026-06-18 11:30:00
532,85,STAFF_ASSIGNED,3,Đã phân Staff account #13.,2026-06-18 11:35:00
533,85,PAYMENT_RECEIVED,\N,Thanh toán PAY-20260622-00085 thành công.,2026-06-22 15:18:00
534,85,EMAIL_SENT,\N,Đã gửi email xác nhận booking.,2026-06-18 11:40:00
535,85,CHECKED_IN,8,Khách hàng đã check-in tại Spa.,2026-06-22 15:18:00
536,85,SERVICE_STARTED,13,Staff bắt đầu thực hiện dịch vụ.,2026-06-22 15:34:00
537,85,COMPLETED,13,Booking đã hoàn thành.,2026-06-22 16:43:00
538,86,CREATED,46,Booking LNR-20260819-00086 được tạo.,2026-08-09 06:00:00
539,86,STAFF_ASSIGNED,\N,Đã phân Staff account #15.,2026-08-09 06:05:00
540,86,PAYMENT_RECEIVED,\N,Thanh toán PAY-20260819-00086 thành công.,2026-08-09 14:00:00
541,86,CHECKED_IN,6,Khách hàng đã check-in tại Spa.,2026-08-19 10:50:00
542,86,SERVICE_STARTED,15,Staff bắt đầu thực hiện dịch vụ.,2026-08-19 11:05:00
543,86,COMPLETED,15,Booking đã hoàn thành.,2026-08-19 11:59:00
544,87,CREATED,48,Booking LNR-20260831-00087 được tạo.,2026-08-23 12:30:00
545,87,STAFF_ASSIGNED,48,Đã phân Staff account #24.,2026-08-23 12:35:00
546,87,PAYMENT_RECEIVED,\N,Thanh toán PAY-20260831-00087 thành công.,2026-08-23 21:30:00
547,87,EMAIL_SENT,\N,Đã gửi email xác nhận booking.,2026-08-23 12:40:00
548,87,CHECKED_IN,7,Khách hàng đã check-in tại Spa.,2026-08-31 15:19:00
549,87,SERVICE_STARTED,24,Staff bắt đầu thực hiện dịch vụ.,2026-08-31 15:31:00
550,87,COMPLETED,24,Booking đã hoàn thành.,2026-08-31 16:26:00
551,88,CREATED,8,Booking LNR-20260610-00088 được tạo.,2026-05-31 12:30:00
552,88,STAFF_ASSIGNED,8,Đã phân Staff account #13.,2026-05-31 12:35:00
553,88,PAYMENT_RECEIVED,\N,Thanh toán PAY-20260610-00088 thành công.,2026-05-31 18:30:00
554,88,EMAIL_SENT,\N,Đã gửi email xác nhận booking.,2026-05-31 12:40:00
555,88,CHECKED_IN,8,Khách hàng đã check-in tại Spa.,2026-06-10 13:27:00
556,88,SERVICE_STARTED,13,Staff bắt đầu thực hiện dịch vụ.,2026-06-10 13:31:00
557,88,COMPLETED,13,Booking đã hoàn thành.,2026-06-10 14:42:00
558,89,CREATED,2,Booking LNR-20260905-00089 được tạo.,2026-08-26 08:00:00
559,89,STAFF_ASSIGNED,2,Đã phân Staff account #13.,2026-08-26 08:05:00
560,89,PAYMENT_RECEIVED,\N,Thanh toán PAY-20260905-00089 thành công.,2026-09-05 10:50:00
561,89,CHECKED_IN,8,Khách hàng đã check-in tại Spa.,2026-09-05 10:50:00
562,89,SERVICE_STARTED,13,Staff bắt đầu thực hiện dịch vụ.,2026-09-05 11:00:00
563,89,COMPLETED,13,Booking đã hoàn thành.,2026-09-05 12:26:00
564,90,CREATED,96,Booking LNR-20260622-00090 được tạo.,2026-06-14 07:00:00
565,90,STAFF_ASSIGNED,\N,Đã phân Staff account #10.,2026-06-14 07:05:00
566,90,PAYMENT_RECEIVED,\N,Thanh toán PAY-20260622-00090 thành công.,2026-06-14 16:00:00
567,90,EMAIL_SENT,\N,Đã gửi email xác nhận booking.,2026-06-14 07:10:00
568,90,CHECKED_IN,9,Khách hàng đã check-in tại Spa.,2026-06-22 10:51:00
569,90,SERVICE_STARTED,10,Staff bắt đầu thực hiện dịch vụ.,2026-06-22 11:01:00
570,90,COMPLETED,10,Booking đã hoàn thành.,2026-06-22 11:59:00
571,91,CREATED,37,Booking LNR-20260624-00091 được tạo.,2026-06-11 14:30:00
572,91,STAFF_ASSIGNED,37,Đã phân Staff account #23.,2026-06-11 14:35:00
573,91,PAYMENT_RECEIVED,\N,Thanh toán PAY-20260624-00091 thành công.,2026-06-11 16:30:00
574,91,EMAIL_SENT,\N,Đã gửi email xác nhận booking.,2026-06-11 14:40:00
575,91,CHECKED_IN,7,Khách hàng đã check-in tại Spa.,2026-06-24 15:27:00
576,91,SERVICE_STARTED,23,Staff bắt đầu thực hiện dịch vụ.,2026-06-24 15:33:00
577,91,COMPLETED,23,Booking đã hoàn thành.,2026-06-24 16:59:00
578,92,CREATED,32,Booking LNR-20260717-00092 được tạo.,2026-07-12 07:00:00
579,92,STAFF_ASSIGNED,32,Đã phân Staff account #10.,2026-07-12 07:05:00
580,92,PAYMENT_RECEIVED,\N,Thanh toán PAY-20260717-00092 thành công.,2026-07-17 08:53:00
581,92,CHECKED_IN,9,Khách hàng đã check-in tại Spa.,2026-07-17 08:53:00
582,92,SERVICE_STARTED,10,Staff bắt đầu thực hiện dịch vụ.,2026-07-17 09:00:00
583,92,COMPLETED,10,Booking đã hoàn thành.,2026-07-17 09:55:00
584,93,CREATED,62,Booking LNR-20260715-00093 được tạo.,2026-07-11 11:30:00
585,93,STAFF_ASSIGNED,\N,Đã phân Staff account #18.,2026-07-11 11:35:00
586,93,PAYMENT_RECEIVED,\N,Thanh toán PAY-20260715-00093 thành công.,2026-07-11 15:30:00
587,93,CHECKED_IN,9,Khách hàng đã check-in tại Spa.,2026-07-15 15:23:00
588,93,SERVICE_STARTED,18,Staff bắt đầu thực hiện dịch vụ.,2026-07-15 15:32:00
589,93,COMPLETED,18,Booking đã hoàn thành.,2026-07-15 16:43:00
590,94,CREATED,93,Booking LNR-20260729-00094 được tạo.,2026-07-20 11:30:00
591,94,STAFF_ASSIGNED,\N,Đã phân Staff account #13.,2026-07-20 11:35:00
592,94,PAYMENT_RECEIVED,\N,Thanh toán PAY-20260729-00094 thành công.,2026-07-20 13:30:00
593,94,CHECKED_IN,6,Khách hàng đã check-in tại Spa.,2026-07-29 15:21:00
594,94,SERVICE_STARTED,13,Staff bắt đầu thực hiện dịch vụ.,2026-07-29 15:31:00
595,94,COMPLETED,13,Booking đã hoàn thành.,2026-07-29 16:25:00
596,95,CREATED,37,Booking LNR-20260606-00095 được tạo.,2026-05-29 12:30:00
597,95,STAFF_ASSIGNED,\N,Đã phân Staff account #17.,2026-05-29 12:35:00
598,95,PAYMENT_RECEIVED,\N,Thanh toán PAY-20260606-00095 thành công.,2026-05-30 00:30:00
599,95,EMAIL_SENT,\N,Đã gửi email xác nhận booking.,2026-05-29 12:40:00
600,95,CHECKED_IN,8,Khách hàng đã check-in tại Spa.,2026-06-06 15:26:00
601,95,SERVICE_STARTED,17,Staff bắt đầu thực hiện dịch vụ.,2026-06-06 15:31:00
602,95,COMPLETED,17,Booking đã hoàn thành.,2026-06-06 16:28:00
603,96,CREATED,6,Booking LNR-20260630-00096 được tạo.,2026-06-18 07:30:00
604,96,STAFF_ASSIGNED,6,Đã phân Staff account #20.,2026-06-18 07:35:00
605,96,PAYMENT_RECEIVED,\N,Thanh toán PAY-20260630-00096 thành công.,2026-06-30 13:26:00
606,96,EMAIL_SENT,\N,Đã gửi email xác nhận booking.,2026-06-18 07:40:00
607,96,CHECKED_IN,7,Khách hàng đã check-in tại Spa.,2026-06-30 13:26:00
608,96,SERVICE_STARTED,20,Staff bắt đầu thực hiện dịch vụ.,2026-06-30 13:35:00
609,96,COMPLETED,20,Booking đã hoàn thành.,2026-06-30 14:55:00
610,97,CREATED,160,Booking LNR-20260907-00097 được tạo.,2026-08-27 09:30:00
611,97,STAFF_ASSIGNED,\N,Đã phân Staff account #20.,2026-08-27 09:35:00
612,97,PAYMENT_RECEIVED,\N,Thanh toán PAY-20260907-00097 thành công.,2026-08-27 21:30:00
613,97,CHECKED_IN,8,Khách hàng đã check-in tại Spa.,2026-09-07 15:27:00
614,97,SERVICE_STARTED,20,Staff bắt đầu thực hiện dịch vụ.,2026-09-07 15:32:00
615,97,COMPLETED,20,Booking đã hoàn thành.,2026-09-07 16:26:00
616,98,CREATED,139,Booking LNR-20260703-00098 được tạo.,2026-06-18 06:00:00
617,98,STAFF_ASSIGNED,\N,Đã phân Staff account #16.,2026-06-18 06:05:00
618,98,PAYMENT_RECEIVED,\N,Thanh toán PAY-20260703-00098 thành công.,2026-07-03 08:57:00
619,98,EMAIL_SENT,\N,Đã gửi email xác nhận booking.,2026-06-18 06:10:00
620,98,CHECKED_IN,6,Khách hàng đã check-in tại Spa.,2026-07-03 08:57:00
621,98,SERVICE_STARTED,16,Staff bắt đầu thực hiện dịch vụ.,2026-07-03 09:01:00
622,98,COMPLETED,16,Booking đã hoàn thành.,2026-07-03 10:27:00
623,99,CREATED,9,Booking LNR-20260814-00099 được tạo.,2026-08-11 09:30:00
624,99,STAFF_ASSIGNED,9,Đã phân Staff account #17.,2026-08-11 09:35:00
625,99,PAYMENT_RECEIVED,\N,Thanh toán PAY-20260814-00099 thành công.,2026-08-14 15:20:00
626,99,EMAIL_SENT,\N,Đã gửi email xác nhận booking.,2026-08-11 09:40:00
627,99,CHECKED_IN,9,Khách hàng đã check-in tại Spa.,2026-08-14 15:20:00
628,99,SERVICE_STARTED,17,Staff bắt đầu thực hiện dịch vụ.,2026-08-14 15:31:00
629,99,COMPLETED,17,Booking đã hoàn thành.,2026-08-14 16:57:00
630,100,CREATED,91,Booking LNR-20260817-00100 được tạo.,2026-08-08 13:30:00
631,100,STAFF_ASSIGNED,\N,Đã phân Staff account #17.,2026-08-08 13:35:00
632,100,PAYMENT_RECEIVED,\N,Thanh toán PAY-20260817-00100 thành công.,2026-08-08 14:30:00
633,100,EMAIL_SENT,\N,Đã gửi email xác nhận booking.,2026-08-08 13:40:00
634,100,CHECKED_IN,6,Khách hàng đã check-in tại Spa.,2026-08-17 15:27:00
635,100,SERVICE_STARTED,17,Staff bắt đầu thực hiện dịch vụ.,2026-08-17 15:32:00
636,100,COMPLETED,17,Booking đã hoàn thành.,2026-08-17 17:29:00
637,101,CREATED,155,Booking LNR-20260731-00101 được tạo.,2026-07-15 13:30:00
638,101,STAFF_ASSIGNED,\N,Đã phân Staff account #10.,2026-07-15 13:35:00
639,101,PAYMENT_RECEIVED,\N,Thanh toán PAY-20260731-00101 thành công.,2026-07-15 18:30:00
640,101,CHECKED_IN,8,Khách hàng đã check-in tại Spa.,2026-07-31 13:23:00
641,101,SERVICE_STARTED,10,Staff bắt đầu thực hiện dịch vụ.,2026-07-31 13:34:00
642,101,COMPLETED,10,Booking đã hoàn thành.,2026-07-31 14:25:00
643,102,CREATED,138,Booking LNR-20260730-00102 được tạo.,2026-07-19 13:30:00
644,102,STAFF_ASSIGNED,138,Đã phân Staff account #12.,2026-07-19 13:35:00
645,102,PAYMENT_RECEIVED,\N,Thanh toán PAY-20260730-00102 thành công.,2026-07-19 18:30:00
646,102,EMAIL_SENT,\N,Đã gửi email xác nhận booking.,2026-07-19 13:40:00
647,102,CHECKED_IN,7,Khách hàng đã check-in tại Spa.,2026-07-30 13:25:00
648,102,SERVICE_STARTED,12,Staff bắt đầu thực hiện dịch vụ.,2026-07-30 13:34:00
649,102,COMPLETED,12,Booking đã hoàn thành.,2026-07-30 15:28:00
650,103,CREATED,4,Booking LNR-20260615-00103 được tạo.,2026-05-29 04:00:00
651,103,STAFF_ASSIGNED,4,Đã phân Staff account #21.,2026-05-29 04:05:00
652,103,PAYMENT_RECEIVED,\N,Thanh toán PAY-20260615-00103 thành công.,2026-06-15 08:56:00
653,103,CHECKED_IN,9,Khách hàng đã check-in tại Spa.,2026-06-15 08:56:00
654,103,SERVICE_STARTED,21,Staff bắt đầu thực hiện dịch vụ.,2026-06-15 09:00:00
655,103,COMPLETED,21,Booking đã hoàn thành.,2026-06-15 09:44:00
656,104,CREATED,50,Booking LNR-20260911-00104 được tạo.,2026-09-06 10:30:00
657,104,STAFF_ASSIGNED,\N,Đã phân Staff account #10.,2026-09-06 10:35:00
658,104,PAYMENT_RECEIVED,\N,Thanh toán PAY-20260911-00104 thành công.,2026-09-11 13:19:00
659,104,CHECKED_IN,6,Khách hàng đã check-in tại Spa.,2026-09-11 13:19:00
660,104,SERVICE_STARTED,10,Staff bắt đầu thực hiện dịch vụ.,2026-09-11 13:33:00
661,104,COMPLETED,10,Booking đã hoàn thành.,2026-09-11 15:00:00
662,105,CREATED,3,Booking LNR-20260717-00105 được tạo.,2026-07-05 10:30:00
663,105,STAFF_ASSIGNED,3,Đã phân Staff account #10.,2026-07-05 10:35:00
664,105,PAYMENT_RECEIVED,\N,Thanh toán PAY-20260717-00105 thành công.,2026-07-05 21:30:00
665,105,EMAIL_SENT,\N,Đã gửi email xác nhận booking.,2026-07-05 10:40:00
666,105,CHECKED_IN,7,Khách hàng đã check-in tại Spa.,2026-07-17 15:23:00
667,105,SERVICE_STARTED,10,Staff bắt đầu thực hiện dịch vụ.,2026-07-17 15:33:00
668,105,COMPLETED,10,Booking đã hoàn thành.,2026-07-17 16:28:00
669,106,CREATED,65,Booking LNR-20260618-00106 được tạo.,2026-06-15 08:00:00
670,106,STAFF_ASSIGNED,\N,Đã phân Staff account #12.,2026-06-15 08:05:00
671,106,PAYMENT_RECEIVED,\N,Thanh toán PAY-20260618-00106 thành công.,2026-06-18 10:57:00
672,106,CHECKED_IN,6,Khách hàng đã check-in tại Spa.,2026-06-18 10:57:00
673,106,SERVICE_STARTED,12,Staff bắt đầu thực hiện dịch vụ.,2026-06-18 11:05:00
674,106,COMPLETED,12,Booking đã hoàn thành.,2026-06-18 11:58:00
675,107,CREATED,57,Booking LNR-20260828-00107 được tạo.,2026-08-14 10:00:00
676,107,STAFF_ASSIGNED,\N,Đã phân Staff account #22.,2026-08-14 10:05:00
677,107,PAYMENT_RECEIVED,\N,Thanh toán PAY-20260828-00107 thành công.,2026-08-28 10:49:00
678,107,CHECKED_IN,8,Khách hàng đã check-in tại Spa.,2026-08-28 10:49:00
679,107,SERVICE_STARTED,22,Staff bắt đầu thực hiện dịch vụ.,2026-08-28 11:05:00
680,107,COMPLETED,22,Booking đã hoàn thành.,2026-08-28 12:15:00
681,108,CREATED,9,Booking LNR-20260624-00108 được tạo.,2026-06-14 11:30:00
682,108,STAFF_ASSIGNED,9,Đã phân Staff account #20.,2026-06-14 11:35:00
683,108,PAYMENT_RECEIVED,\N,Thanh toán PAY-20260624-00108 thành công.,2026-06-14 14:30:00
684,108,CHECKED_IN,9,Khách hàng đã check-in tại Spa.,2026-06-24 13:26:00
685,108,SERVICE_STARTED,20,Staff bắt đầu thực hiện dịch vụ.,2026-06-24 13:30:00
686,108,COMPLETED,20,Booking đã hoàn thành.,2026-06-24 14:10:00
687,109,CREATED,2,Booking LNR-20260627-00109 được tạo.,2026-06-20 05:00:00
688,109,STAFF_ASSIGNED,2,Đã phân Staff account #18.,2026-06-20 05:05:00
689,109,PAYMENT_RECEIVED,\N,Thanh toán PAY-20260627-00109 thành công.,2026-06-20 16:00:00
690,109,EMAIL_SENT,\N,Đã gửi email xác nhận booking.,2026-06-20 05:10:00
691,109,CHECKED_IN,9,Khách hàng đã check-in tại Spa.,2026-06-27 08:57:00
692,109,SERVICE_STARTED,18,Staff bắt đầu thực hiện dịch vụ.,2026-06-27 09:04:00
693,109,COMPLETED,18,Booking đã hoàn thành.,2026-06-27 11:00:00
694,110,CREATED,31,Booking LNR-20260801-00110 được tạo.,2026-07-19 04:00:00
695,110,STAFF_ASSIGNED,\N,Đã phân Staff account #16.,2026-07-19 04:05:00
696,110,PAYMENT_RECEIVED,\N,Thanh toán PAY-20260801-00110 thành công.,2026-08-01 08:50:00
697,110,CHECKED_IN,7,Khách hàng đã check-in tại Spa.,2026-08-01 08:50:00
698,110,SERVICE_STARTED,16,Staff bắt đầu thực hiện dịch vụ.,2026-08-01 09:00:00
699,110,COMPLETED,16,Booking đã hoàn thành.,2026-08-01 10:11:00
700,111,CREATED,5,Booking LNR-20260715-00111 được tạo.,2026-07-11 12:30:00
701,111,STAFF_ASSIGNED,5,Đã phân Staff account #15.,2026-07-11 12:35:00
702,111,PAYMENT_RECEIVED,\N,Thanh toán PAY-20260715-00111 thành công.,2026-07-11 20:30:00
703,111,CHECKED_IN,7,Khách hàng đã check-in tại Spa.,2026-07-15 15:25:00
704,111,SERVICE_STARTED,15,Staff bắt đầu thực hiện dịch vụ.,2026-07-15 15:34:00
705,111,COMPLETED,15,Booking đã hoàn thành.,2026-07-15 16:26:00
706,112,CREATED,66,Booking LNR-20260828-00112 được tạo.,2026-08-11 11:00:00
707,112,STAFF_ASSIGNED,\N,Đã phân Staff account #16.,2026-08-11 11:05:00
708,112,PAYMENT_RECEIVED,\N,Thanh toán PAY-20260828-00112 thành công.,2026-08-28 10:52:00
709,112,CHECKED_IN,8,Khách hàng đã check-in tại Spa.,2026-08-28 10:52:00
710,112,SERVICE_STARTED,16,Staff bắt đầu thực hiện dịch vụ.,2026-08-28 11:03:00
711,112,COMPLETED,16,Booking đã hoàn thành.,2026-08-28 11:45:00
712,113,CREATED,144,Booking LNR-20260720-00113 được tạo.,2026-07-17 11:30:00
713,113,STAFF_ASSIGNED,144,Đã phân Staff account #21.,2026-07-17 11:35:00
714,113,PAYMENT_RECEIVED,\N,Thanh toán PAY-20260720-00113 thành công.,2026-07-20 15:26:00
715,113,EMAIL_SENT,\N,Đã gửi email xác nhận booking.,2026-07-17 11:40:00
716,113,CHECKED_IN,9,Khách hàng đã check-in tại Spa.,2026-07-20 15:26:00
717,113,SERVICE_STARTED,21,Staff bắt đầu thực hiện dịch vụ.,2026-07-20 15:35:00
718,113,COMPLETED,21,Booking đã hoàn thành.,2026-07-20 16:25:00
719,114,CREATED,127,Booking LNR-20260904-00114 được tạo.,2026-08-24 11:30:00
720,114,STAFF_ASSIGNED,\N,Đã phân Staff account #24.,2026-08-24 11:35:00
721,114,PAYMENT_RECEIVED,\N,Thanh toán PAY-20260904-00114 thành công.,2026-08-24 22:30:00
722,114,CHECKED_IN,8,Khách hàng đã check-in tại Spa.,2026-09-04 13:24:00
723,114,SERVICE_STARTED,24,Staff bắt đầu thực hiện dịch vụ.,2026-09-04 13:34:00
724,114,COMPLETED,24,Booking đã hoàn thành.,2026-09-04 15:27:00
725,115,CREATED,3,Booking LNR-20260821-00115 được tạo.,2026-08-09 09:00:00
726,115,STAFF_ASSIGNED,3,Đã phân Staff account #24.,2026-08-09 09:05:00
727,115,PAYMENT_RECEIVED,\N,Thanh toán PAY-20260821-00115 thành công.,2026-08-09 11:00:00
728,115,CHECKED_IN,7,Khách hàng đã check-in tại Spa.,2026-08-21 08:50:00
729,115,SERVICE_STARTED,24,Staff bắt đầu thực hiện dịch vụ.,2026-08-21 09:00:00
730,115,COMPLETED,24,Booking đã hoàn thành.,2026-08-21 09:44:00
731,116,CREATED,7,Booking LNR-20260908-00116 được tạo.,2026-08-24 06:00:00
732,116,STAFF_ASSIGNED,7,Đã phân Staff account #22.,2026-08-24 06:05:00
733,116,PAYMENT_RECEIVED,\N,Thanh toán PAY-20260908-00116 thành công.,2026-08-24 12:00:00
734,116,CHECKED_IN,9,Khách hàng đã check-in tại Spa.,2026-09-08 08:55:00
735,116,SERVICE_STARTED,22,Staff bắt đầu thực hiện dịch vụ.,2026-09-08 09:05:00
736,116,COMPLETED,22,Booking đã hoàn thành.,2026-09-08 09:57:00
737,117,CREATED,9,Booking LNR-20260713-00117 được tạo.,2026-07-09 10:00:00
738,117,STAFF_ASSIGNED,9,Đã phân Staff account #10.,2026-07-09 10:05:00
739,117,PAYMENT_RECEIVED,\N,Thanh toán PAY-20260713-00117 thành công.,2026-07-09 12:00:00
740,117,CHECKED_IN,6,Khách hàng đã check-in tại Spa.,2026-07-13 10:51:00
741,117,SERVICE_STARTED,10,Staff bắt đầu thực hiện dịch vụ.,2026-07-13 11:03:00
742,117,COMPLETED,10,Booking đã hoàn thành.,2026-07-13 12:00:00
743,118,CREATED,158,Booking LNR-20260902-00118 được tạo.,2026-08-23 11:30:00
744,118,STAFF_ASSIGNED,\N,Đã phân Staff account #13.,2026-08-23 11:35:00
745,118,PAYMENT_RECEIVED,\N,Thanh toán PAY-20260902-00118 thành công.,2026-08-23 23:30:00
746,118,CHECKED_IN,7,Khách hàng đã check-in tại Spa.,2026-09-02 15:23:00
747,118,SERVICE_STARTED,13,Staff bắt đầu thực hiện dịch vụ.,2026-09-02 15:35:00
748,118,COMPLETED,13,Booking đã hoàn thành.,2026-09-02 16:27:00
749,119,CREATED,7,Booking LNR-20260812-00119 được tạo.,2026-07-30 08:30:00
750,119,STAFF_ASSIGNED,7,Đã phân Staff account #24.,2026-07-30 08:35:00
751,119,PAYMENT_RECEIVED,\N,Thanh toán PAY-20260812-00119 thành công.,2026-07-30 18:30:00
752,119,CHECKED_IN,6,Khách hàng đã check-in tại Spa.,2026-08-12 13:23:00
753,119,SERVICE_STARTED,24,Staff bắt đầu thực hiện dịch vụ.,2026-08-12 13:32:00
754,119,COMPLETED,24,Booking đã hoàn thành.,2026-08-12 14:43:00
755,120,CREATED,2,Booking LNR-20260627-00120 được tạo.,2026-06-26 13:30:00
756,120,STAFF_ASSIGNED,2,Đã phân Staff account #15.,2026-06-26 13:35:00
757,120,PAYMENT_RECEIVED,\N,Thanh toán PAY-20260627-00120 thành công.,2026-06-27 15:23:00
758,120,CHECKED_IN,8,Khách hàng đã check-in tại Spa.,2026-06-27 15:23:00
759,120,SERVICE_STARTED,15,Staff bắt đầu thực hiện dịch vụ.,2026-06-27 15:31:00
760,120,COMPLETED,15,Booking đã hoàn thành.,2026-06-27 16:45:00
761,121,CREATED,135,Booking LNR-20260901-00121 được tạo.,2026-08-17 12:30:00
762,121,STAFF_ASSIGNED,\N,Đã phân Staff account #24.,2026-08-17 12:35:00
763,121,PAYMENT_RECEIVED,\N,Thanh toán PAY-20260901-00121 thành công.,2026-08-17 20:30:00
764,121,CHECKED_IN,8,Khách hàng đã check-in tại Spa.,2026-09-01 15:22:00
765,121,SERVICE_STARTED,24,Staff bắt đầu thực hiện dịch vụ.,2026-09-01 15:32:00
766,121,COMPLETED,24,Booking đã hoàn thành.,2026-09-01 16:43:00
767,122,CREATED,6,Booking LNR-20260709-00122 được tạo.,2026-07-06 07:30:00
768,122,STAFF_ASSIGNED,6,Đã phân Staff account #18.,2026-07-06 07:35:00
769,122,PAYMENT_RECEIVED,\N,Thanh toán PAY-20260709-00122 thành công.,2026-07-09 13:21:00
770,122,CHECKED_IN,7,Khách hàng đã check-in tại Spa.,2026-07-09 13:21:00
771,122,SERVICE_STARTED,18,Staff bắt đầu thực hiện dịch vụ.,2026-07-09 13:32:00
772,122,COMPLETED,18,Booking đã hoàn thành.,2026-07-09 14:30:00
773,123,CREATED,149,Booking LNR-20260811-00123 được tạo.,2026-08-06 09:00:00
774,123,STAFF_ASSIGNED,149,Đã phân Staff account #20.,2026-08-06 09:05:00
775,123,PAYMENT_RECEIVED,\N,Thanh toán PAY-20260811-00123 thành công.,2026-08-06 15:00:00
776,123,EMAIL_SENT,\N,Đã gửi email xác nhận booking.,2026-08-06 09:10:00
777,123,CHECKED_IN,7,Khách hàng đã check-in tại Spa.,2026-08-11 08:55:00
778,123,SERVICE_STARTED,20,Staff bắt đầu thực hiện dịch vụ.,2026-08-11 09:05:00
779,123,COMPLETED,20,Booking đã hoàn thành.,2026-08-11 10:58:00
780,124,CREATED,54,Booking LNR-20260604-00124 được tạo.,2026-05-27 12:30:00
781,124,STAFF_ASSIGNED,54,Đã phân Staff account #23.,2026-05-27 12:35:00
782,124,PAYMENT_RECEIVED,\N,Thanh toán PAY-20260604-00124 thành công.,2026-05-27 16:30:00
783,124,CHECKED_IN,7,Khách hàng đã check-in tại Spa.,2026-06-04 15:26:00
784,124,SERVICE_STARTED,23,Staff bắt đầu thực hiện dịch vụ.,2026-06-04 15:34:00
785,124,COMPLETED,23,Booking đã hoàn thành.,2026-06-04 16:30:00
786,125,CREATED,168,Booking LNR-20260707-00125 được tạo.,2026-07-01 09:00:00
787,125,STAFF_ASSIGNED,\N,Đã phân Staff account #13.,2026-07-01 09:05:00
788,125,PAYMENT_RECEIVED,\N,Thanh toán PAY-20260707-00125 thành công.,2026-07-01 14:00:00
789,125,CHECKED_IN,9,Khách hàng đã check-in tại Spa.,2026-07-07 10:49:00
790,125,SERVICE_STARTED,13,Staff bắt đầu thực hiện dịch vụ.,2026-07-07 11:02:00
791,125,COMPLETED,13,Booking đã hoàn thành.,2026-07-07 12:30:00
792,126,CREATED,95,Booking LNR-20260912-00126 được tạo.,2026-09-09 07:00:00
793,126,STAFF_ASSIGNED,\N,Đã phân Staff account #10.,2026-09-09 07:05:00
794,126,PAYMENT_RECEIVED,\N,Thanh toán PAY-20260912-00126 thành công.,2026-09-09 10:00:00
795,126,CHECKED_IN,8,Khách hàng đã check-in tại Spa.,2026-09-12 10:52:00
796,126,SERVICE_STARTED,10,Staff bắt đầu thực hiện dịch vụ.,2026-09-12 11:03:00
797,126,COMPLETED,10,Booking đã hoàn thành.,2026-09-12 11:41:00
798,127,CREATED,5,Booking LNR-20260812-00127 được tạo.,2026-07-28 04:00:00
799,127,STAFF_ASSIGNED,5,Đã phân Staff account #14.,2026-07-28 04:05:00
800,127,PAYMENT_RECEIVED,\N,Thanh toán PAY-20260812-00127 thành công.,2026-08-12 08:54:00
801,127,EMAIL_SENT,\N,Đã gửi email xác nhận booking.,2026-07-28 04:10:00
802,127,CHECKED_IN,6,Khách hàng đã check-in tại Spa.,2026-08-12 08:54:00
803,127,SERVICE_STARTED,14,Staff bắt đầu thực hiện dịch vụ.,2026-08-12 09:03:00
804,127,COMPLETED,14,Booking đã hoàn thành.,2026-08-12 10:00:00
805,128,CREATED,82,Booking LNR-20260608-00128 được tạo.,2026-06-05 05:00:00
806,128,STAFF_ASSIGNED,\N,Đã phân Staff account #17.,2026-06-05 05:05:00
807,128,PAYMENT_RECEIVED,\N,Thanh toán PAY-20260608-00128 thành công.,2026-06-08 10:53:00
808,128,CHECKED_IN,8,Khách hàng đã check-in tại Spa.,2026-06-08 10:53:00
809,128,SERVICE_STARTED,17,Staff bắt đầu thực hiện dịch vụ.,2026-06-08 11:04:00
810,128,COMPLETED,17,Booking đã hoàn thành.,2026-06-08 11:59:00
811,129,CREATED,9,Booking LNR-20260907-00129 được tạo.,2026-09-02 07:00:00
812,129,STAFF_ASSIGNED,9,Đã phân Staff account #14.,2026-09-02 07:05:00
813,129,PAYMENT_RECEIVED,\N,Thanh toán PAY-20260907-00129 thành công.,2026-09-02 17:00:00
814,129,CHECKED_IN,6,Khách hàng đã check-in tại Spa.,2026-09-07 10:53:00
815,129,SERVICE_STARTED,14,Staff bắt đầu thực hiện dịch vụ.,2026-09-07 11:04:00
816,129,COMPLETED,14,Booking đã hoàn thành.,2026-09-07 12:57:00
817,130,CREATED,98,Booking LNR-20260731-00130 được tạo.,2026-07-29 06:00:00
818,130,STAFF_ASSIGNED,\N,Đã phân Staff account #12.,2026-07-29 06:05:00
819,130,PAYMENT_RECEIVED,\N,Thanh toán PAY-20260731-00130 thành công.,2026-07-29 13:00:00
820,130,CHECKED_IN,9,Khách hàng đã check-in tại Spa.,2026-07-31 10:50:00
821,130,SERVICE_STARTED,12,Staff bắt đầu thực hiện dịch vụ.,2026-07-31 11:01:00
822,130,COMPLETED,12,Booking đã hoàn thành.,2026-07-31 11:59:00
823,131,CREATED,85,Booking LNR-20260813-00131 được tạo.,2026-08-04 07:30:00
824,131,STAFF_ASSIGNED,85,Đã phân Staff account #22.,2026-08-04 07:35:00
825,131,PAYMENT_RECEIVED,\N,Thanh toán PAY-20260813-00131 thành công.,2026-08-13 13:21:00
826,131,CHECKED_IN,8,Khách hàng đã check-in tại Spa.,2026-08-13 13:21:00
827,131,SERVICE_STARTED,22,Staff bắt đầu thực hiện dịch vụ.,2026-08-13 13:34:00
828,131,COMPLETED,22,Booking đã hoàn thành.,2026-08-13 14:10:00
829,132,CREATED,153,Booking LNR-20260911-00132 được tạo.,2026-08-31 05:00:00
830,132,STAFF_ASSIGNED,153,Đã phân Staff account #24.,2026-08-31 05:05:00
831,132,PAYMENT_RECEIVED,\N,Thanh toán PAY-20260911-00132 thành công.,2026-09-11 08:54:00
832,132,EMAIL_SENT,\N,Đã gửi email xác nhận booking.,2026-08-31 05:10:00
833,132,CHECKED_IN,7,Khách hàng đã check-in tại Spa.,2026-09-11 08:54:00
834,132,SERVICE_STARTED,24,Staff bắt đầu thực hiện dịch vụ.,2026-09-11 09:01:00
835,132,COMPLETED,24,Booking đã hoàn thành.,2026-09-11 10:14:00
836,133,CREATED,31,Booking LNR-20260903-00133 được tạo.,2026-08-27 08:30:00
837,133,STAFF_ASSIGNED,\N,Đã phân Staff account #16.,2026-08-27 08:35:00
838,133,PAYMENT_RECEIVED,\N,Thanh toán PAY-20260903-00133 thành công.,2026-09-03 13:18:00
839,133,CHECKED_IN,8,Khách hàng đã check-in tại Spa.,2026-09-03 13:18:00
840,133,SERVICE_STARTED,16,Staff bắt đầu thực hiện dịch vụ.,2026-09-03 13:35:00
841,133,COMPLETED,16,Booking đã hoàn thành.,2026-09-03 14:25:00
842,134,CREATED,38,Booking LNR-20260624-00134 được tạo.,2026-06-15 05:00:00
843,134,STAFF_ASSIGNED,38,Đã phân Staff account #22.,2026-06-15 05:05:00
844,134,PAYMENT_RECEIVED,\N,Thanh toán PAY-20260624-00134 thành công.,2026-06-15 08:00:00
845,134,CHECKED_IN,6,Khách hàng đã check-in tại Spa.,2026-06-24 10:49:00
846,134,SERVICE_STARTED,22,Staff bắt đầu thực hiện dịch vụ.,2026-06-24 11:05:00
847,134,COMPLETED,22,Booking đã hoàn thành.,2026-06-24 11:56:00
848,135,CREATED,81,Booking LNR-20260714-00135 được tạo.,2026-07-04 09:00:00
849,135,STAFF_ASSIGNED,81,Đã phân Staff account #11.,2026-07-04 09:05:00
850,135,PAYMENT_RECEIVED,\N,Thanh toán PAY-20260714-00135 thành công.,2026-07-14 10:57:00
851,135,CHECKED_IN,9,Khách hàng đã check-in tại Spa.,2026-07-14 10:57:00
852,135,SERVICE_STARTED,11,Staff bắt đầu thực hiện dịch vụ.,2026-07-14 11:04:00
853,135,COMPLETED,11,Booking đã hoàn thành.,2026-07-14 11:55:00
854,136,CREATED,107,Booking LNR-20260714-00136 được tạo.,2026-07-08 06:00:00
855,136,STAFF_ASSIGNED,107,Đã phân Staff account #24.,2026-07-08 06:05:00
856,136,PAYMENT_RECEIVED,\N,Thanh toán PAY-20260714-00136 thành công.,2026-07-08 16:00:00
857,136,CHECKED_IN,9,Khách hàng đã check-in tại Spa.,2026-07-14 10:51:00
858,136,SERVICE_STARTED,24,Staff bắt đầu thực hiện dịch vụ.,2026-07-14 11:05:00
859,136,COMPLETED,24,Booking đã hoàn thành.,2026-07-14 12:55:00
860,137,CREATED,6,Booking LNR-20260601-00137 được tạo.,2026-05-30 09:30:00
861,137,STAFF_ASSIGNED,6,Đã phân Staff account #23.,2026-05-30 09:35:00
862,137,PAYMENT_RECEIVED,\N,Thanh toán PAY-20260601-00137 thành công.,2026-06-01 15:24:00
863,137,CHECKED_IN,9,Khách hàng đã check-in tại Spa.,2026-06-01 15:24:00
864,137,SERVICE_STARTED,23,Staff bắt đầu thực hiện dịch vụ.,2026-06-01 15:30:00
865,137,COMPLETED,23,Booking đã hoàn thành.,2026-06-01 16:14:00
866,138,CREATED,56,Booking LNR-20260623-00138 được tạo.,2026-06-10 09:30:00
867,138,STAFF_ASSIGNED,56,Đã phân Staff account #11.,2026-06-10 09:35:00
868,138,PAYMENT_RECEIVED,\N,Thanh toán PAY-20260623-00138 thành công.,2026-06-10 14:30:00
869,138,EMAIL_SENT,\N,Đã gửi email xác nhận booking.,2026-06-10 09:40:00
870,138,CHECKED_IN,9,Khách hàng đã check-in tại Spa.,2026-06-23 13:26:00
871,138,SERVICE_STARTED,11,Staff bắt đầu thực hiện dịch vụ.,2026-06-23 13:33:00
872,138,COMPLETED,11,Booking đã hoàn thành.,2026-06-23 14:27:00
873,139,CREATED,99,Booking LNR-20260622-00139 được tạo.,2026-06-17 08:00:00
874,139,STAFF_ASSIGNED,99,Đã phân Staff account #17.,2026-06-17 08:05:00
875,139,PAYMENT_RECEIVED,\N,Thanh toán PAY-20260622-00139 thành công.,2026-06-17 18:00:00
876,139,EMAIL_SENT,\N,Đã gửi email xác nhận booking.,2026-06-17 08:10:00
877,139,CHECKED_IN,8,Khách hàng đã check-in tại Spa.,2026-06-22 08:52:00
878,139,SERVICE_STARTED,17,Staff bắt đầu thực hiện dịch vụ.,2026-06-22 09:00:00
879,139,COMPLETED,17,Booking đã hoàn thành.,2026-06-22 10:00:00
880,140,CREATED,144,Booking LNR-20260803-00140 được tạo.,2026-07-22 09:30:00
881,140,STAFF_ASSIGNED,144,Đã phân Staff account #15.,2026-07-22 09:35:00
882,140,PAYMENT_RECEIVED,\N,Thanh toán PAY-20260803-00140 thành công.,2026-08-03 13:26:00
883,140,EMAIL_SENT,\N,Đã gửi email xác nhận booking.,2026-07-22 09:40:00
884,140,CHECKED_IN,7,Khách hàng đã check-in tại Spa.,2026-08-03 13:26:00
885,140,SERVICE_STARTED,15,Staff bắt đầu thực hiện dịch vụ.,2026-08-03 13:31:00
886,140,COMPLETED,15,Booking đã hoàn thành.,2026-08-03 14:25:00
887,141,CREATED,9,Booking LNR-20260907-00141 được tạo.,2026-08-28 07:00:00
888,141,STAFF_ASSIGNED,9,Đã phân Staff account #11.,2026-08-28 07:05:00
889,141,PAYMENT_RECEIVED,\N,Thanh toán PAY-20260907-00141 thành công.,2026-09-07 10:48:00
890,141,CHECKED_IN,9,Khách hàng đã check-in tại Spa.,2026-09-07 10:48:00
891,141,SERVICE_STARTED,11,Staff bắt đầu thực hiện dịch vụ.,2026-09-07 11:05:00
892,141,COMPLETED,11,Booking đã hoàn thành.,2026-09-07 12:12:00
893,142,CREATED,37,Booking LNR-20260610-00142 được tạo.,2026-06-04 05:00:00
894,142,STAFF_ASSIGNED,37,Đã phân Staff account #22.,2026-06-04 05:05:00
895,142,PAYMENT_RECEIVED,\N,Thanh toán PAY-20260610-00142 thành công.,2026-06-04 17:00:00
896,142,CHECKED_IN,9,Khách hàng đã check-in tại Spa.,2026-06-10 08:48:00
897,142,SERVICE_STARTED,22,Staff bắt đầu thực hiện dịch vụ.,2026-06-10 09:05:00
898,142,COMPLETED,22,Booking đã hoàn thành.,2026-06-10 09:59:00
899,143,CREATED,82,Booking LNR-20260716-00143 được tạo.,2026-07-12 09:30:00
900,143,STAFF_ASSIGNED,82,Đã phân Staff account #21.,2026-07-12 09:35:00
901,143,PAYMENT_RECEIVED,\N,Thanh toán PAY-20260716-00143 thành công.,2026-07-12 12:30:00
902,143,CHECKED_IN,8,Khách hàng đã check-in tại Spa.,2026-07-16 13:24:00
903,143,SERVICE_STARTED,21,Staff bắt đầu thực hiện dịch vụ.,2026-07-16 13:31:00
904,143,COMPLETED,21,Booking đã hoàn thành.,2026-07-16 14:13:00
905,144,CREATED,38,Booking LNR-20260701-00144 được tạo.,2026-06-29 09:00:00
906,144,STAFF_ASSIGNED,\N,Đã phân Staff account #18.,2026-06-29 09:05:00
907,144,PAYMENT_RECEIVED,\N,Thanh toán PAY-20260701-00144 thành công.,2026-07-01 10:55:00
908,144,CHECKED_IN,8,Khách hàng đã check-in tại Spa.,2026-07-01 10:55:00
909,144,SERVICE_STARTED,18,Staff bắt đầu thực hiện dịch vụ.,2026-07-01 11:01:00
910,144,COMPLETED,18,Booking đã hoàn thành.,2026-07-01 12:27:00
911,145,CREATED,3,Booking LNR-20260801-00145 được tạo.,2026-07-18 11:30:00
912,145,STAFF_ASSIGNED,3,Đã phân Staff account #19.,2026-07-18 11:35:00
913,145,PAYMENT_RECEIVED,\N,Thanh toán PAY-20260801-00145 thành công.,2026-07-18 16:30:00
914,145,CHECKED_IN,9,Khách hàng đã check-in tại Spa.,2026-08-01 13:22:00
915,145,SERVICE_STARTED,19,Staff bắt đầu thực hiện dịch vụ.,2026-08-01 13:30:00
916,145,COMPLETED,19,Booking đã hoàn thành.,2026-08-01 14:12:00
917,146,CREATED,141,Booking LNR-20260904-00146 được tạo.,2026-08-20 12:30:00
918,146,STAFF_ASSIGNED,\N,Đã phân Staff account #19.,2026-08-20 12:35:00
919,146,PAYMENT_RECEIVED,\N,Thanh toán PAY-20260904-00146 thành công.,2026-09-04 15:25:00
920,146,EMAIL_SENT,\N,Đã gửi email xác nhận booking.,2026-08-20 12:40:00
921,146,CHECKED_IN,6,Khách hàng đã check-in tại Spa.,2026-09-04 15:25:00
922,146,SERVICE_STARTED,19,Staff bắt đầu thực hiện dịch vụ.,2026-09-04 15:32:00
923,146,COMPLETED,19,Booking đã hoàn thành.,2026-09-04 17:11:00
924,147,CREATED,45,Booking LNR-20260708-00147 được tạo.,2026-07-04 13:30:00
925,147,STAFF_ASSIGNED,45,Đã phân Staff account #24.,2026-07-04 13:35:00
926,147,PAYMENT_RECEIVED,\N,Thanh toán PAY-20260708-00147 thành công.,2026-07-04 18:30:00
927,147,EMAIL_SENT,\N,Đã gửi email xác nhận booking.,2026-07-04 13:40:00
928,147,CHECKED_IN,7,Khách hàng đã check-in tại Spa.,2026-07-08 15:21:00
929,147,SERVICE_STARTED,24,Staff bắt đầu thực hiện dịch vụ.,2026-07-08 15:30:00
930,147,COMPLETED,24,Booking đã hoàn thành.,2026-07-08 16:28:00
931,148,CREATED,71,Booking LNR-20260824-00148 được tạo.,2026-08-16 08:00:00
932,148,STAFF_ASSIGNED,\N,Đã phân Staff account #21.,2026-08-16 08:05:00
933,148,PAYMENT_RECEIVED,\N,Thanh toán PAY-20260824-00148 thành công.,2026-08-24 10:56:00
934,148,CHECKED_IN,9,Khách hàng đã check-in tại Spa.,2026-08-24 10:56:00
935,148,SERVICE_STARTED,21,Staff bắt đầu thực hiện dịch vụ.,2026-08-24 11:05:00
936,148,COMPLETED,21,Booking đã hoàn thành.,2026-08-24 11:59:00
937,149,CREATED,122,Booking LNR-20260711-00149 được tạo.,2026-07-10 15:30:00
938,149,STAFF_ASSIGNED,\N,Đã phân Staff account #23.,2026-07-10 15:35:00
939,149,PAYMENT_RECEIVED,\N,Thanh toán PAY-20260711-00149 thành công.,2026-07-11 15:21:00
940,149,EMAIL_SENT,\N,Đã gửi email xác nhận booking.,2026-07-10 15:40:00
941,149,CHECKED_IN,8,Khách hàng đã check-in tại Spa.,2026-07-11 15:21:00
942,149,SERVICE_STARTED,23,Staff bắt đầu thực hiện dịch vụ.,2026-07-11 15:33:00
943,149,COMPLETED,23,Booking đã hoàn thành.,2026-07-11 16:26:00
944,150,CREATED,8,Booking LNR-20260706-00150 được tạo.,2026-06-19 10:30:00
945,150,STAFF_ASSIGNED,8,Đã phân Staff account #13.,2026-06-19 10:35:00
946,150,PAYMENT_RECEIVED,\N,Thanh toán PAY-20260706-00150 thành công.,2026-07-06 13:18:00
947,150,EMAIL_SENT,\N,Đã gửi email xác nhận booking.,2026-06-19 10:40:00
948,150,CHECKED_IN,9,Khách hàng đã check-in tại Spa.,2026-07-06 13:18:00
949,150,SERVICE_STARTED,13,Staff bắt đầu thực hiện dịch vụ.,2026-07-06 13:35:00
950,150,COMPLETED,13,Booking đã hoàn thành.,2026-07-06 14:30:00
951,151,CREATED,124,Booking LNR-20260602-00151 được tạo.,2026-05-28 09:00:00
952,151,STAFF_ASSIGNED,124,Đã phân Staff account #10.,2026-05-28 09:05:00
953,151,PAYMENT_RECEIVED,\N,Thanh toán PAY-20260602-00151 thành công.,2026-05-28 16:00:00
954,151,CHECKED_IN,8,Khách hàng đã check-in tại Spa.,2026-06-02 10:50:00
955,151,SERVICE_STARTED,10,Staff bắt đầu thực hiện dịch vụ.,2026-06-02 11:04:00
956,151,COMPLETED,10,Booking đã hoàn thành.,2026-06-02 12:30:00
957,152,CREATED,7,Booking LNR-20260725-00152 được tạo.,2026-07-12 06:00:00
958,152,STAFF_ASSIGNED,7,Đã phân Staff account #24.,2026-07-12 06:05:00
959,152,PAYMENT_RECEIVED,\N,Thanh toán PAY-20260725-00152 thành công.,2026-07-12 16:00:00
960,152,EMAIL_SENT,\N,Đã gửi email xác nhận booking.,2026-07-12 06:10:00
961,152,CHECKED_IN,9,Khách hàng đã check-in tại Spa.,2026-07-25 08:49:00
962,152,SERVICE_STARTED,24,Staff bắt đầu thực hiện dịch vụ.,2026-07-25 09:03:00
963,152,COMPLETED,24,Booking đã hoàn thành.,2026-07-25 10:58:00
964,153,CREATED,93,Booking LNR-20260810-00153 được tạo.,2026-07-25 12:30:00
965,153,STAFF_ASSIGNED,93,Đã phân Staff account #10.,2026-07-25 12:35:00
966,153,PAYMENT_RECEIVED,\N,Thanh toán PAY-20260810-00153 thành công.,2026-07-25 15:30:00
967,153,CHECKED_IN,9,Khách hàng đã check-in tại Spa.,2026-08-10 15:20:00
968,153,SERVICE_STARTED,10,Staff bắt đầu thực hiện dịch vụ.,2026-08-10 15:32:00
969,153,COMPLETED,10,Booking đã hoàn thành.,2026-08-10 16:11:00
970,154,CREATED,51,Booking LNR-20260707-00154 được tạo.,2026-07-04 07:00:00
971,154,STAFF_ASSIGNED,\N,Đã phân Staff account #21.,2026-07-04 07:05:00
972,154,PAYMENT_RECEIVED,\N,Thanh toán PAY-20260707-00154 thành công.,2026-07-04 11:00:00
973,154,CHECKED_IN,9,Khách hàng đã check-in tại Spa.,2026-07-07 08:54:00
974,154,SERVICE_STARTED,21,Staff bắt đầu thực hiện dịch vụ.,2026-07-07 09:02:00
975,154,COMPLETED,21,Booking đã hoàn thành.,2026-07-07 09:41:00
976,155,CREATED,75,Booking LNR-20260725-00155 được tạo.,2026-07-10 11:30:00
977,155,STAFF_ASSIGNED,\N,Đã phân Staff account #15.,2026-07-10 11:35:00
978,155,PAYMENT_RECEIVED,\N,Thanh toán PAY-20260725-00155 thành công.,2026-07-10 22:30:00
979,155,EMAIL_SENT,\N,Đã gửi email xác nhận booking.,2026-07-10 11:40:00
980,155,CHECKED_IN,9,Khách hàng đã check-in tại Spa.,2026-07-25 15:18:00
981,155,SERVICE_STARTED,15,Staff bắt đầu thực hiện dịch vụ.,2026-07-25 15:30:00
982,155,COMPLETED,15,Booking đã hoàn thành.,2026-07-25 16:58:00
983,156,CREATED,66,Booking LNR-20260610-00156 được tạo.,2026-05-30 11:00:00
984,156,STAFF_ASSIGNED,\N,Đã phân Staff account #17.,2026-05-30 11:05:00
985,156,PAYMENT_RECEIVED,\N,Thanh toán PAY-20260610-00156 thành công.,2026-05-30 16:00:00
986,156,EMAIL_SENT,\N,Đã gửi email xác nhận booking.,2026-05-30 11:10:00
987,156,CHECKED_IN,7,Khách hàng đã check-in tại Spa.,2026-06-10 10:53:00
988,156,SERVICE_STARTED,17,Staff bắt đầu thực hiện dịch vụ.,2026-06-10 11:01:00
989,156,COMPLETED,17,Booking đã hoàn thành.,2026-06-10 12:10:00
990,157,CREATED,147,Booking LNR-20260729-00157 được tạo.,2026-07-22 10:00:00
991,157,STAFF_ASSIGNED,147,Đã phân Staff account #21.,2026-07-22 10:05:00
992,157,PAYMENT_RECEIVED,\N,Thanh toán PAY-20260729-00157 thành công.,2026-07-22 20:00:00
993,157,EMAIL_SENT,\N,Đã gửi email xác nhận booking.,2026-07-22 10:10:00
994,157,CHECKED_IN,9,Khách hàng đã check-in tại Spa.,2026-07-29 10:54:00
995,157,SERVICE_STARTED,21,Staff bắt đầu thực hiện dịch vụ.,2026-07-29 11:04:00
996,157,COMPLETED,21,Booking đã hoàn thành.,2026-07-29 12:26:00
997,158,CREATED,170,Booking LNR-20260721-00158 được tạo.,2026-07-18 10:00:00
998,158,STAFF_ASSIGNED,\N,Đã phân Staff account #20.,2026-07-18 10:05:00
999,158,PAYMENT_RECEIVED,\N,Thanh toán PAY-20260721-00158 thành công.,2026-07-18 12:00:00
1000,158,EMAIL_SENT,\N,Đã gửi email xác nhận booking.,2026-07-18 10:10:00
1001,158,CHECKED_IN,6,Khách hàng đã check-in tại Spa.,2026-07-21 10:56:00
1002,158,SERVICE_STARTED,20,Staff bắt đầu thực hiện dịch vụ.,2026-07-21 11:05:00
1003,158,COMPLETED,20,Booking đã hoàn thành.,2026-07-21 11:55:00
1004,159,CREATED,2,Booking LNR-20260810-00159 được tạo.,2026-08-04 04:00:00
1005,159,STAFF_ASSIGNED,2,Đã phân Staff account #22.,2026-08-04 04:05:00
1006,159,PAYMENT_RECEIVED,\N,Thanh toán PAY-20260810-00159 thành công.,2026-08-04 05:00:00
1007,159,CHECKED_IN,9,Khách hàng đã check-in tại Spa.,2026-08-10 08:55:00
1008,159,SERVICE_STARTED,22,Staff bắt đầu thực hiện dịch vụ.,2026-08-10 09:01:00
1009,159,COMPLETED,22,Booking đã hoàn thành.,2026-08-10 10:00:00
1010,160,CREATED,7,Booking LNR-20260818-00160 được tạo.,2026-08-05 12:30:00
1011,160,STAFF_ASSIGNED,7,Đã phân Staff account #20.,2026-08-05 12:35:00
1012,160,PAYMENT_RECEIVED,\N,Thanh toán PAY-20260818-00160 thành công.,2026-08-05 17:30:00
1013,160,CHECKED_IN,7,Khách hàng đã check-in tại Spa.,2026-08-18 13:23:00
1014,160,SERVICE_STARTED,20,Staff bắt đầu thực hiện dịch vụ.,2026-08-18 13:34:00
1015,160,COMPLETED,20,Booking đã hoàn thành.,2026-08-18 14:27:00
1016,161,CREATED,151,Booking LNR-20260710-00161 được tạo.,2026-06-30 10:30:00
1017,161,STAFF_ASSIGNED,\N,Đã phân Staff account #14.,2026-06-30 10:35:00
1018,161,PAYMENT_RECEIVED,\N,Thanh toán PAY-20260710-00161 thành công.,2026-06-30 20:30:00
1019,161,EMAIL_SENT,\N,Đã gửi email xác nhận booking.,2026-06-30 10:40:00
1020,161,CHECKED_IN,6,Khách hàng đã check-in tại Spa.,2026-07-10 13:23:00
1021,161,SERVICE_STARTED,14,Staff bắt đầu thực hiện dịch vụ.,2026-07-10 13:35:00
1022,161,COMPLETED,14,Booking đã hoàn thành.,2026-07-10 14:28:00
1023,162,CREATED,77,Booking LNR-20260902-00162 được tạo.,2026-08-17 08:00:00
1024,162,STAFF_ASSIGNED,77,Đã phân Staff account #10.,2026-08-17 08:05:00
1025,162,PAYMENT_RECEIVED,\N,Thanh toán PAY-20260902-00162 thành công.,2026-09-02 08:57:00
1026,162,CHECKED_IN,8,Khách hàng đã check-in tại Spa.,2026-09-02 08:57:00
1027,162,SERVICE_STARTED,10,Staff bắt đầu thực hiện dịch vụ.,2026-09-02 09:00:00
1028,162,COMPLETED,10,Booking đã hoàn thành.,2026-09-02 11:00:00
1029,163,CREATED,9,Booking LNR-20260721-00163 được tạo.,2026-07-19 15:30:00
1030,163,STAFF_ASSIGNED,9,Đã phân Staff account #11.,2026-07-19 15:35:00
1031,163,PAYMENT_RECEIVED,\N,Thanh toán PAY-20260721-00163 thành công.,2026-07-20 02:30:00
1032,163,CHECKED_IN,6,Khách hàng đã check-in tại Spa.,2026-07-21 15:23:00
1033,163,SERVICE_STARTED,11,Staff bắt đầu thực hiện dịch vụ.,2026-07-21 15:34:00
1034,163,COMPLETED,11,Booking đã hoàn thành.,2026-07-21 16:42:00
1035,164,CREATED,8,Booking LNR-20260819-00164 được tạo.,2026-08-13 05:00:00
1036,164,STAFF_ASSIGNED,8,Đã phân Staff account #20.,2026-08-13 05:05:00
1037,164,PAYMENT_RECEIVED,\N,Thanh toán PAY-20260819-00164 thành công.,2026-08-19 08:49:00
1038,164,CHECKED_IN,8,Khách hàng đã check-in tại Spa.,2026-08-19 08:49:00
1039,164,SERVICE_STARTED,20,Staff bắt đầu thực hiện dịch vụ.,2026-08-19 09:04:00
1040,164,COMPLETED,20,Booking đã hoàn thành.,2026-08-19 10:27:00
1041,165,CREATED,6,Booking LNR-20260824-00165 được tạo.,2026-08-22 06:00:00
1042,165,STAFF_ASSIGNED,6,Đã phân Staff account #17.,2026-08-22 06:05:00
1043,165,PAYMENT_RECEIVED,\N,Thanh toán PAY-20260824-00165 thành công.,2026-08-22 12:00:00
1044,165,EMAIL_SENT,\N,Đã gửi email xác nhận booking.,2026-08-22 06:10:00
1045,165,CHECKED_IN,6,Khách hàng đã check-in tại Spa.,2026-08-24 08:53:00
1046,165,SERVICE_STARTED,17,Staff bắt đầu thực hiện dịch vụ.,2026-08-24 09:01:00
1047,165,COMPLETED,17,Booking đã hoàn thành.,2026-08-24 10:11:00
1048,166,CREATED,69,Booking LNR-20260908-00166 được tạo.,2026-08-26 08:30:00
1049,166,STAFF_ASSIGNED,\N,Đã phân Staff account #12.,2026-08-26 08:35:00
1050,166,PAYMENT_RECEIVED,\N,Thanh toán PAY-20260908-00166 thành công.,2026-08-26 20:30:00
1051,166,CHECKED_IN,9,Khách hàng đã check-in tại Spa.,2026-09-08 13:26:00
1052,166,SERVICE_STARTED,12,Staff bắt đầu thực hiện dịch vụ.,2026-09-08 13:30:00
1053,166,COMPLETED,12,Booking đã hoàn thành.,2026-09-08 15:00:00
1054,167,CREATED,6,Booking LNR-20260820-00167 được tạo.,2026-08-11 09:00:00
1055,167,STAFF_ASSIGNED,6,Đã phân Staff account #18.,2026-08-11 09:05:00
1056,167,PAYMENT_RECEIVED,\N,Thanh toán PAY-20260820-00167 thành công.,2026-08-11 19:00:00
1057,167,EMAIL_SENT,\N,Đã gửi email xác nhận booking.,2026-08-11 09:10:00
1058,167,CHECKED_IN,6,Khách hàng đã check-in tại Spa.,2026-08-20 10:52:00
1059,167,SERVICE_STARTED,18,Staff bắt đầu thực hiện dịch vụ.,2026-08-20 11:05:00
1060,167,COMPLETED,18,Booking đã hoàn thành.,2026-08-20 11:59:00
1061,168,CREATED,143,Booking LNR-20260729-00168 được tạo.,2026-07-23 10:30:00
1062,168,STAFF_ASSIGNED,\N,Đã phân Staff account #10.,2026-07-23 10:35:00
1063,168,PAYMENT_RECEIVED,\N,Thanh toán PAY-20260729-00168 thành công.,2026-07-29 15:21:00
1064,168,CHECKED_IN,6,Khách hàng đã check-in tại Spa.,2026-07-29 15:21:00
1065,168,SERVICE_STARTED,10,Staff bắt đầu thực hiện dịch vụ.,2026-07-29 15:33:00
1066,168,COMPLETED,10,Booking đã hoàn thành.,2026-07-29 16:57:00
1067,169,CREATED,127,Booking LNR-20260617-00169 được tạo.,2026-06-05 10:00:00
1068,169,STAFF_ASSIGNED,\N,Đã phân Staff account #22.,2026-06-05 10:05:00
1069,169,PAYMENT_RECEIVED,\N,Thanh toán PAY-20260617-00169 thành công.,2026-06-05 17:00:00
1070,169,CHECKED_IN,8,Khách hàng đã check-in tại Spa.,2026-06-17 10:53:00
1071,169,SERVICE_STARTED,22,Staff bắt đầu thực hiện dịch vụ.,2026-06-17 11:01:00
1072,169,COMPLETED,22,Booking đã hoàn thành.,2026-06-17 12:00:00
1073,170,CREATED,7,Booking LNR-20260729-00170 được tạo.,2026-07-25 09:30:00
1074,170,STAFF_ASSIGNED,7,Đã phân Staff account #14.,2026-07-25 09:35:00
1075,170,PAYMENT_RECEIVED,\N,Thanh toán PAY-20260729-00170 thành công.,2026-07-29 15:27:00
1076,170,CHECKED_IN,8,Khách hàng đã check-in tại Spa.,2026-07-29 15:27:00
1077,170,SERVICE_STARTED,14,Staff bắt đầu thực hiện dịch vụ.,2026-07-29 15:33:00
1078,170,COMPLETED,14,Booking đã hoàn thành.,2026-07-29 16:29:00
1079,171,CREATED,167,Booking LNR-20260730-00171 được tạo.,2026-07-13 13:30:00
1080,171,STAFF_ASSIGNED,167,Đã phân Staff account #17.,2026-07-13 13:35:00
1081,171,PAYMENT_RECEIVED,\N,Thanh toán PAY-20260730-00171 thành công.,2026-07-30 13:23:00
1082,171,CHECKED_IN,8,Khách hàng đã check-in tại Spa.,2026-07-30 13:23:00
1083,171,SERVICE_STARTED,17,Staff bắt đầu thực hiện dịch vụ.,2026-07-30 13:31:00
1084,171,COMPLETED,17,Booking đã hoàn thành.,2026-07-30 14:58:00
1085,172,CREATED,59,Booking LNR-20260820-00172 được tạo.,2026-08-18 10:30:00
1086,172,STAFF_ASSIGNED,59,Đã phân Staff account #13.,2026-08-18 10:35:00
1087,172,PAYMENT_RECEIVED,\N,Thanh toán PAY-20260820-00172 thành công.,2026-08-20 13:19:00
1088,172,CHECKED_IN,6,Khách hàng đã check-in tại Spa.,2026-08-20 13:19:00
1089,172,SERVICE_STARTED,13,Staff bắt đầu thực hiện dịch vụ.,2026-08-20 13:31:00
1090,172,COMPLETED,13,Booking đã hoàn thành.,2026-08-20 14:26:00
1091,173,CREATED,149,Booking LNR-20260812-00173 được tạo.,2026-08-05 10:30:00
1092,173,STAFF_ASSIGNED,\N,Đã phân Staff account #21.,2026-08-05 10:35:00
1093,173,PAYMENT_RECEIVED,\N,Thanh toán PAY-20260812-00173 thành công.,2026-08-05 15:30:00
1094,173,CHECKED_IN,7,Khách hàng đã check-in tại Spa.,2026-08-12 13:23:00
1095,173,SERVICE_STARTED,21,Staff bắt đầu thực hiện dịch vụ.,2026-08-12 13:32:00
1096,173,COMPLETED,21,Booking đã hoàn thành.,2026-08-12 14:11:00
1097,174,CREATED,128,Booking LNR-20260912-00174 được tạo.,2026-08-31 12:30:00
1098,174,STAFF_ASSIGNED,128,Đã phân Staff account #11.,2026-08-31 12:35:00
1099,174,PAYMENT_RECEIVED,\N,Thanh toán PAY-20260912-00174 thành công.,2026-08-31 14:30:00
1100,174,CHECKED_IN,6,Khách hàng đã check-in tại Spa.,2026-09-12 13:23:00
1101,174,SERVICE_STARTED,11,Staff bắt đầu thực hiện dịch vụ.,2026-09-12 13:32:00
1102,174,COMPLETED,11,Booking đã hoàn thành.,2026-09-12 14:40:00
1103,175,CREATED,5,Booking LNR-20260828-00175 được tạo.,2026-08-10 04:00:00
1104,175,STAFF_ASSIGNED,5,Đã phân Staff account #11.,2026-08-10 04:05:00
1105,175,PAYMENT_RECEIVED,\N,Thanh toán PAY-20260828-00175 thành công.,2026-08-28 08:57:00
1106,175,EMAIL_SENT,\N,Đã gửi email xác nhận booking.,2026-08-10 04:10:00
1107,175,CHECKED_IN,9,Khách hàng đã check-in tại Spa.,2026-08-28 08:57:00
1108,175,SERVICE_STARTED,11,Staff bắt đầu thực hiện dịch vụ.,2026-08-28 09:03:00
1109,175,COMPLETED,11,Booking đã hoàn thành.,2026-08-28 10:11:00
1110,176,CREATED,130,Booking LNR-20260811-00176 được tạo.,2026-08-01 07:00:00
1111,176,STAFF_ASSIGNED,130,Đã phân Staff account #17.,2026-08-01 07:05:00
1112,176,PAYMENT_RECEIVED,\N,Thanh toán PAY-20260811-00176 thành công.,2026-08-11 10:51:00
1113,176,EMAIL_SENT,\N,Đã gửi email xác nhận booking.,2026-08-01 07:10:00
1114,176,CHECKED_IN,7,Khách hàng đã check-in tại Spa.,2026-08-11 10:51:00
1115,176,SERVICE_STARTED,17,Staff bắt đầu thực hiện dịch vụ.,2026-08-11 11:01:00
1116,176,COMPLETED,17,Booking đã hoàn thành.,2026-08-11 12:29:00
1117,177,CREATED,5,Booking LNR-20260804-00177 được tạo.,2026-07-27 04:00:00
1118,177,STAFF_ASSIGNED,5,Đã phân Staff account #20.,2026-07-27 04:05:00
1119,177,PAYMENT_RECEIVED,\N,Thanh toán PAY-20260804-00177 thành công.,2026-07-27 06:00:00
1120,177,CHECKED_IN,7,Khách hàng đã check-in tại Spa.,2026-08-04 08:53:00
1121,177,SERVICE_STARTED,20,Staff bắt đầu thực hiện dịch vụ.,2026-08-04 09:03:00
1122,177,COMPLETED,20,Booking đã hoàn thành.,2026-08-04 09:55:00
1123,178,CREATED,69,Booking LNR-20260613-00178 được tạo.,2026-06-08 09:30:00
1124,178,STAFF_ASSIGNED,69,Đã phân Staff account #23.,2026-06-08 09:35:00
1125,178,PAYMENT_RECEIVED,\N,Thanh toán PAY-20260613-00178 thành công.,2026-06-13 13:24:00
1126,178,CHECKED_IN,9,Khách hàng đã check-in tại Spa.,2026-06-13 13:24:00
1127,178,SERVICE_STARTED,23,Staff bắt đầu thực hiện dịch vụ.,2026-06-13 13:34:00
1128,178,COMPLETED,23,Booking đã hoàn thành.,2026-06-13 14:12:00
1129,179,CREATED,7,Booking LNR-20260710-00179 được tạo.,2026-07-09 10:30:00
1130,179,STAFF_ASSIGNED,7,Đã phân Staff account #16.,2026-07-09 10:35:00
1131,179,PAYMENT_RECEIVED,\N,Thanh toán PAY-20260710-00179 thành công.,2026-07-09 22:30:00
1132,179,CHECKED_IN,6,Khách hàng đã check-in tại Spa.,2026-07-10 15:24:00
1133,179,SERVICE_STARTED,16,Staff bắt đầu thực hiện dịch vụ.,2026-07-10 15:34:00
1134,179,COMPLETED,16,Booking đã hoàn thành.,2026-07-10 16:30:00
1135,180,CREATED,65,Booking LNR-20260620-00180 được tạo.,2026-06-16 13:30:00
1136,180,STAFF_ASSIGNED,\N,Đã phân Staff account #17.,2026-06-16 13:35:00
1137,180,PAYMENT_RECEIVED,\N,Thanh toán PAY-20260620-00180 thành công.,2026-06-16 23:30:00
1138,180,EMAIL_SENT,\N,Đã gửi email xác nhận booking.,2026-06-16 13:40:00
1139,180,CHECKED_IN,6,Khách hàng đã check-in tại Spa.,2026-06-20 15:18:00
1140,180,SERVICE_STARTED,17,Staff bắt đầu thực hiện dịch vụ.,2026-06-20 15:35:00
1141,180,COMPLETED,17,Booking đã hoàn thành.,2026-06-20 16:28:00
1142,181,CREATED,7,Booking LNR-20260625-00181 được tạo.,2026-06-11 06:00:00
1143,181,STAFF_ASSIGNED,7,Đã phân Staff account #15.,2026-06-11 06:05:00
1144,181,PAYMENT_RECEIVED,\N,Thanh toán PAY-20260625-00181 thành công.,2026-06-25 10:52:00
1145,181,EMAIL_SENT,\N,Đã gửi email xác nhận booking.,2026-06-11 06:10:00
1146,181,CHECKED_IN,8,Khách hàng đã check-in tại Spa.,2026-06-25 10:52:00
1147,181,SERVICE_STARTED,15,Staff bắt đầu thực hiện dịch vụ.,2026-06-25 11:03:00
1148,181,COMPLETED,15,Booking đã hoàn thành.,2026-06-25 11:44:00
1149,182,CREATED,8,Booking LNR-20260724-00182 được tạo.,2026-07-23 11:00:00
1150,182,STAFF_ASSIGNED,8,Đã phân Staff account #17.,2026-07-23 11:05:00
1151,182,PAYMENT_RECEIVED,\N,Thanh toán PAY-20260724-00182 thành công.,2026-07-24 10:54:00
1152,182,CHECKED_IN,9,Khách hàng đã check-in tại Spa.,2026-07-24 10:54:00
1153,182,SERVICE_STARTED,17,Staff bắt đầu thực hiện dịch vụ.,2026-07-24 11:02:00
1154,182,COMPLETED,17,Booking đã hoàn thành.,2026-07-24 12:28:00
1155,183,CREATED,2,Booking LNR-20260909-00183 được tạo.,2026-08-25 14:30:00
1156,183,STAFF_ASSIGNED,2,Đã phân Staff account #21.,2026-08-25 14:35:00
1157,183,PAYMENT_RECEIVED,\N,Thanh toán PAY-20260909-00183 thành công.,2026-08-25 20:30:00
1158,183,CHECKED_IN,9,Khách hàng đã check-in tại Spa.,2026-09-09 15:25:00
1159,183,SERVICE_STARTED,21,Staff bắt đầu thực hiện dịch vụ.,2026-09-09 15:33:00
1160,183,COMPLETED,21,Booking đã hoàn thành.,2026-09-09 16:41:00
1161,184,CREATED,66,Booking LNR-20260728-00184 được tạo.,2026-07-10 07:30:00
1162,184,STAFF_ASSIGNED,66,Đã phân Staff account #15.,2026-07-10 07:35:00
1163,184,PAYMENT_RECEIVED,\N,Thanh toán PAY-20260728-00184 thành công.,2026-07-10 12:30:00
1164,184,CHECKED_IN,7,Khách hàng đã check-in tại Spa.,2026-07-28 13:19:00
1165,184,SERVICE_STARTED,15,Staff bắt đầu thực hiện dịch vụ.,2026-07-28 13:35:00
1166,184,COMPLETED,15,Booking đã hoàn thành.,2026-07-28 14:45:00
1167,185,CREATED,45,Booking LNR-20260814-00185 được tạo.,2026-08-06 04:00:00
1168,185,STAFF_ASSIGNED,\N,Đã phân Staff account #11.,2026-08-06 04:05:00
1169,185,PAYMENT_RECEIVED,\N,Thanh toán PAY-20260814-00185 thành công.,2026-08-06 05:00:00
1170,185,CHECKED_IN,6,Khách hàng đã check-in tại Spa.,2026-08-14 08:51:00
1171,185,SERVICE_STARTED,11,Staff bắt đầu thực hiện dịch vụ.,2026-08-14 09:03:00
1172,185,COMPLETED,11,Booking đã hoàn thành.,2026-08-14 09:40:00
1173,186,CREATED,35,Booking LNR-20260620-00186 được tạo.,2026-06-15 12:30:00
1174,186,STAFF_ASSIGNED,\N,Đã phân Staff account #19.,2026-06-15 12:35:00
1175,186,PAYMENT_RECEIVED,\N,Thanh toán PAY-20260620-00186 thành công.,2026-06-20 15:25:00
1176,186,CHECKED_IN,6,Khách hàng đã check-in tại Spa.,2026-06-20 15:25:00
1177,186,SERVICE_STARTED,19,Staff bắt đầu thực hiện dịch vụ.,2026-06-20 15:35:00
1178,186,COMPLETED,19,Booking đã hoàn thành.,2026-06-20 17:11:00
1179,187,CREATED,92,Booking LNR-20260606-00187 được tạo.,2026-05-24 11:30:00
1180,187,STAFF_ASSIGNED,92,Đã phân Staff account #14.,2026-05-24 11:35:00
1181,187,PAYMENT_RECEIVED,\N,Thanh toán PAY-20260606-00187 thành công.,2026-05-24 21:30:00
1182,187,CHECKED_IN,9,Khách hàng đã check-in tại Spa.,2026-06-06 15:18:00
1183,187,SERVICE_STARTED,14,Staff bắt đầu thực hiện dịch vụ.,2026-06-06 15:30:00
1184,187,COMPLETED,14,Booking đã hoàn thành.,2026-06-06 16:26:00
1185,188,CREATED,123,Booking LNR-20260810-00188 được tạo.,2026-08-05 13:30:00
1186,188,STAFF_ASSIGNED,\N,Đã phân Staff account #17.,2026-08-05 13:35:00
1187,188,PAYMENT_RECEIVED,\N,Thanh toán PAY-20260810-00188 thành công.,2026-08-05 20:30:00
1188,188,CHECKED_IN,9,Khách hàng đã check-in tại Spa.,2026-08-10 15:24:00
1189,188,SERVICE_STARTED,17,Staff bắt đầu thực hiện dịch vụ.,2026-08-10 15:35:00
1190,188,COMPLETED,17,Booking đã hoàn thành.,2026-08-10 16:30:00
1191,189,CREATED,46,Booking LNR-20260625-00189 được tạo.,2026-06-19 06:00:00
1192,189,STAFF_ASSIGNED,46,Đã phân Staff account #19.,2026-06-19 06:05:00
1193,189,PAYMENT_RECEIVED,\N,Thanh toán PAY-20260625-00189 thành công.,2026-06-19 14:00:00
1194,189,CHECKED_IN,6,Khách hàng đã check-in tại Spa.,2026-06-25 10:50:00
1195,189,SERVICE_STARTED,19,Staff bắt đầu thực hiện dịch vụ.,2026-06-25 11:04:00
1196,189,COMPLETED,19,Booking đã hoàn thành.,2026-06-25 11:56:00
1197,190,CREATED,146,Booking LNR-20260706-00190 được tạo.,2026-06-26 11:30:00
1198,190,STAFF_ASSIGNED,146,Đã phân Staff account #16.,2026-06-26 11:35:00
1199,190,PAYMENT_RECEIVED,\N,Thanh toán PAY-20260706-00190 thành công.,2026-07-06 13:19:00
1200,190,CHECKED_IN,7,Khách hàng đã check-in tại Spa.,2026-07-06 13:19:00
1201,190,SERVICE_STARTED,16,Staff bắt đầu thực hiện dịch vụ.,2026-07-06 13:31:00
1202,190,COMPLETED,16,Booking đã hoàn thành.,2026-07-06 14:25:00
1203,191,CREATED,4,Booking LNR-20260730-00191 được tạo.,2026-07-19 07:00:00
1204,191,STAFF_ASSIGNED,4,Đã phân Staff account #11.,2026-07-19 07:05:00
1205,191,PAYMENT_RECEIVED,\N,Thanh toán PAY-20260730-00191 thành công.,2026-07-30 08:50:00
1206,191,CHECKED_IN,7,Khách hàng đã check-in tại Spa.,2026-07-30 08:50:00
1207,191,SERVICE_STARTED,11,Staff bắt đầu thực hiện dịch vụ.,2026-07-30 09:05:00
1208,191,COMPLETED,11,Booking đã hoàn thành.,2026-07-30 10:28:00
1209,192,CREATED,97,Booking LNR-20260729-00192 được tạo.,2026-07-14 11:00:00
1210,192,STAFF_ASSIGNED,97,Đã phân Staff account #24.,2026-07-14 11:05:00
1211,192,PAYMENT_RECEIVED,\N,Thanh toán PAY-20260729-00192 thành công.,2026-07-29 10:48:00
1212,192,CHECKED_IN,8,Khách hàng đã check-in tại Spa.,2026-07-29 10:48:00
1213,192,SERVICE_STARTED,24,Staff bắt đầu thực hiện dịch vụ.,2026-07-29 11:02:00
1214,192,COMPLETED,24,Booking đã hoàn thành.,2026-07-29 12:27:00
1215,193,CREATED,41,Booking LNR-20260914-00193 được tạo.,2026-08-27 11:30:00
1216,193,STAFF_ASSIGNED,41,Đã phân Staff account #15.,2026-08-27 11:35:00
1217,193,PAYMENT_RECEIVED,\N,Thanh toán PAY-20260914-00193 thành công.,2026-09-14 13:18:00
1218,193,CHECKED_IN,9,Khách hàng đã check-in tại Spa.,2026-09-14 13:18:00
1219,193,SERVICE_STARTED,15,Staff bắt đầu thực hiện dịch vụ.,2026-09-14 13:33:00
1220,193,COMPLETED,15,Booking đã hoàn thành.,2026-09-14 14:45:00
1221,194,CREATED,38,Booking LNR-20260620-00194 được tạo.,2026-06-10 12:30:00
1222,194,STAFF_ASSIGNED,\N,Đã phân Staff account #17.,2026-06-10 12:35:00
1223,194,PAYMENT_RECEIVED,\N,Thanh toán PAY-20260620-00194 thành công.,2026-06-10 16:30:00
1224,194,CHECKED_IN,8,Khách hàng đã check-in tại Spa.,2026-06-20 13:20:00
1225,194,SERVICE_STARTED,17,Staff bắt đầu thực hiện dịch vụ.,2026-06-20 13:30:00
1226,194,COMPLETED,17,Booking đã hoàn thành.,2026-06-20 14:25:00
1227,195,CREATED,173,Booking LNR-20260622-00195 được tạo.,2026-06-05 12:30:00
1228,195,STAFF_ASSIGNED,\N,Đã phân Staff account #17.,2026-06-05 12:35:00
1229,195,PAYMENT_RECEIVED,\N,Thanh toán PAY-20260622-00195 thành công.,2026-06-22 13:25:00
1230,195,CHECKED_IN,9,Khách hàng đã check-in tại Spa.,2026-06-22 13:25:00
1231,195,SERVICE_STARTED,17,Staff bắt đầu thực hiện dịch vụ.,2026-06-22 13:31:00
1232,195,COMPLETED,17,Booking đã hoàn thành.,2026-06-22 14:56:00
1233,196,CREATED,6,Booking LNR-20260616-00196 được tạo.,2026-06-12 12:30:00
1234,196,STAFF_ASSIGNED,6,Đã phân Staff account #11.,2026-06-12 12:35:00
1235,196,PAYMENT_RECEIVED,\N,Thanh toán PAY-20260616-00196 thành công.,2026-06-12 20:30:00
1236,196,EMAIL_SENT,\N,Đã gửi email xác nhận booking.,2026-06-12 12:40:00
1237,196,CHECKED_IN,8,Khách hàng đã check-in tại Spa.,2026-06-16 15:25:00
1238,196,SERVICE_STARTED,11,Staff bắt đầu thực hiện dịch vụ.,2026-06-16 15:30:00
1239,196,COMPLETED,11,Booking đã hoàn thành.,2026-06-16 16:25:00
1240,197,CREATED,82,Booking LNR-20260828-00197 được tạo.,2026-08-16 08:30:00
1241,197,STAFF_ASSIGNED,\N,Đã phân Staff account #16.,2026-08-16 08:35:00
1242,197,PAYMENT_RECEIVED,\N,Thanh toán PAY-20260828-00197 thành công.,2026-08-16 12:30:00
1243,197,EMAIL_SENT,\N,Đã gửi email xác nhận booking.,2026-08-16 08:40:00
1244,197,CHECKED_IN,6,Khách hàng đã check-in tại Spa.,2026-08-28 13:18:00
1245,197,SERVICE_STARTED,16,Staff bắt đầu thực hiện dịch vụ.,2026-08-28 13:34:00
1246,197,COMPLETED,16,Booking đã hoàn thành.,2026-08-28 14:58:00
1247,198,CREATED,2,Booking LNR-20260912-00198 được tạo.,2026-08-30 11:00:00
1248,198,STAFF_ASSIGNED,2,Đã phân Staff account #19.,2026-08-30 11:05:00
1249,198,PAYMENT_RECEIVED,\N,Thanh toán PAY-20260912-00198 thành công.,2026-08-30 19:00:00
1250,198,EMAIL_SENT,\N,Đã gửi email xác nhận booking.,2026-08-30 11:10:00
1251,198,CHECKED_IN,8,Khách hàng đã check-in tại Spa.,2026-09-12 10:52:00
1252,198,SERVICE_STARTED,19,Staff bắt đầu thực hiện dịch vụ.,2026-09-12 11:03:00
1253,198,COMPLETED,19,Booking đã hoàn thành.,2026-09-12 12:30:00
1254,199,CREATED,81,Booking LNR-20260812-00199 được tạo.,2026-08-09 10:30:00
1255,199,STAFF_ASSIGNED,\N,Đã phân Staff account #10.,2026-08-09 10:35:00
1256,199,PAYMENT_RECEIVED,\N,Thanh toán PAY-20260812-00199 thành công.,2026-08-09 13:30:00
1257,199,EMAIL_SENT,\N,Đã gửi email xác nhận booking.,2026-08-09 10:40:00
1258,199,CHECKED_IN,8,Khách hàng đã check-in tại Spa.,2026-08-12 15:20:00
1259,199,SERVICE_STARTED,10,Staff bắt đầu thực hiện dịch vụ.,2026-08-12 15:30:00
1260,199,COMPLETED,10,Booking đã hoàn thành.,2026-08-12 16:12:00
1261,200,CREATED,92,Booking LNR-20260828-00200 được tạo.,2026-08-18 07:00:00
1262,200,STAFF_ASSIGNED,\N,Đã phân Staff account #13.,2026-08-18 07:05:00
1263,200,PAYMENT_RECEIVED,\N,Thanh toán PAY-20260828-00200 thành công.,2026-08-18 11:00:00
1264,200,EMAIL_SENT,\N,Đã gửi email xác nhận booking.,2026-08-18 07:10:00
1265,200,CHECKED_IN,7,Khách hàng đã check-in tại Spa.,2026-08-28 10:50:00
1266,200,SERVICE_STARTED,13,Staff bắt đầu thực hiện dịch vụ.,2026-08-28 11:03:00
1267,200,COMPLETED,13,Booking đã hoàn thành.,2026-08-28 12:27:00
1268,201,CREATED,158,Booking LNR-20260811-00201 được tạo.,2026-07-24 12:30:00
1269,201,STAFF_ASSIGNED,\N,Đã phân Staff account #15.,2026-07-24 12:35:00
1270,201,PAYMENT_RECEIVED,\N,Thanh toán PAY-20260811-00201 thành công.,2026-08-11 13:26:00
1271,201,CHECKED_IN,9,Khách hàng đã check-in tại Spa.,2026-08-11 13:26:00
1272,201,SERVICE_STARTED,15,Staff bắt đầu thực hiện dịch vụ.,2026-08-11 13:30:00
1273,201,COMPLETED,15,Booking đã hoàn thành.,2026-08-11 14:28:00
1274,202,CREATED,135,Booking LNR-20260822-00202 được tạo.,2026-08-05 07:00:00
1275,202,STAFF_ASSIGNED,\N,Đã phân Staff account #12.,2026-08-05 07:05:00
1276,202,PAYMENT_RECEIVED,\N,Thanh toán PAY-20260822-00202 thành công.,2026-08-05 11:00:00
1277,202,CHECKED_IN,7,Khách hàng đã check-in tại Spa.,2026-08-22 10:55:00
1278,202,SERVICE_STARTED,12,Staff bắt đầu thực hiện dịch vụ.,2026-08-22 11:03:00
1279,202,COMPLETED,12,Booking đã hoàn thành.,2026-08-22 12:29:00
1280,203,CREATED,7,Booking LNR-20260728-00203 được tạo.,2026-07-15 06:00:00
1281,203,STAFF_ASSIGNED,7,Đã phân Staff account #11.,2026-07-15 06:05:00
1282,203,PAYMENT_RECEIVED,\N,Thanh toán PAY-20260728-00203 thành công.,2026-07-15 14:00:00
1283,203,EMAIL_SENT,\N,Đã gửi email xác nhận booking.,2026-07-15 06:10:00
1284,203,CHECKED_IN,7,Khách hàng đã check-in tại Spa.,2026-07-28 08:51:00
1285,203,SERVICE_STARTED,11,Staff bắt đầu thực hiện dịch vụ.,2026-07-28 09:05:00
1286,203,COMPLETED,11,Booking đã hoàn thành.,2026-07-28 09:56:00
1287,204,CREATED,77,Booking LNR-20260909-00204 được tạo.,2026-08-25 14:30:00
1288,204,STAFF_ASSIGNED,\N,Đã phân Staff account #18.,2026-08-25 14:35:00
1289,204,PAYMENT_RECEIVED,\N,Thanh toán PAY-20260909-00204 thành công.,2026-08-25 19:30:00
1290,204,EMAIL_SENT,\N,Đã gửi email xác nhận booking.,2026-08-25 14:40:00
1291,204,CHECKED_IN,6,Khách hàng đã check-in tại Spa.,2026-09-09 15:18:00
1292,204,SERVICE_STARTED,18,Staff bắt đầu thực hiện dịch vụ.,2026-09-09 15:35:00
1293,204,COMPLETED,18,Booking đã hoàn thành.,2026-09-09 16:41:00
1294,205,CREATED,94,Booking LNR-20260826-00205 được tạo.,2026-08-15 12:30:00
1295,205,STAFF_ASSIGNED,\N,Đã phân Staff account #22.,2026-08-15 12:35:00
1296,205,PAYMENT_RECEIVED,\N,Thanh toán PAY-20260826-00205 thành công.,2026-08-26 13:27:00
1297,205,CHECKED_IN,9,Khách hàng đã check-in tại Spa.,2026-08-26 13:27:00
1298,205,SERVICE_STARTED,22,Staff bắt đầu thực hiện dịch vụ.,2026-08-26 13:30:00
1299,205,COMPLETED,22,Booking đã hoàn thành.,2026-08-26 15:26:00
1300,206,CREATED,82,Booking LNR-20260710-00206 được tạo.,2026-07-06 05:00:00
1301,206,STAFF_ASSIGNED,82,Đã phân Staff account #18.,2026-07-06 05:05:00
1302,206,PAYMENT_RECEIVED,\N,Thanh toán PAY-20260710-00206 thành công.,2026-07-06 12:00:00
1303,206,EMAIL_SENT,\N,Đã gửi email xác nhận booking.,2026-07-06 05:10:00
1304,206,CHECKED_IN,7,Khách hàng đã check-in tại Spa.,2026-07-10 08:50:00
1305,206,SERVICE_STARTED,18,Staff bắt đầu thực hiện dịch vụ.,2026-07-10 09:05:00
1306,206,COMPLETED,18,Booking đã hoàn thành.,2026-07-10 09:58:00
1307,207,CREATED,5,Booking LNR-20260810-00207 được tạo.,2026-08-02 04:00:00
1308,207,STAFF_ASSIGNED,5,Đã phân Staff account #10.,2026-08-02 04:05:00
1309,207,PAYMENT_RECEIVED,\N,Thanh toán PAY-20260810-00207 thành công.,2026-08-02 08:00:00
1310,207,CHECKED_IN,9,Khách hàng đã check-in tại Spa.,2026-08-10 08:48:00
1311,207,SERVICE_STARTED,10,Staff bắt đầu thực hiện dịch vụ.,2026-08-10 09:00:00
1312,207,COMPLETED,10,Booking đã hoàn thành.,2026-08-10 10:00:00
1313,208,CREATED,69,Booking LNR-20260711-00208 được tạo.,2026-07-02 10:00:00
1314,208,STAFF_ASSIGNED,\N,Đã phân Staff account #21.,2026-07-02 10:05:00
1315,208,PAYMENT_RECEIVED,\N,Thanh toán PAY-20260711-00208 thành công.,2026-07-02 17:00:00
1316,208,CHECKED_IN,9,Khách hàng đã check-in tại Spa.,2026-07-11 10:48:00
1317,208,SERVICE_STARTED,21,Staff bắt đầu thực hiện dịch vụ.,2026-07-11 11:02:00
1318,208,COMPLETED,21,Booking đã hoàn thành.,2026-07-11 12:25:00
1319,209,CREATED,172,Booking LNR-20260907-00209 được tạo.,2026-09-04 12:30:00
1320,209,STAFF_ASSIGNED,172,Đã phân Staff account #18.,2026-09-04 12:35:00
1321,209,PAYMENT_RECEIVED,\N,Thanh toán PAY-20260907-00209 thành công.,2026-09-04 16:30:00
1322,209,CHECKED_IN,7,Khách hàng đã check-in tại Spa.,2026-09-07 15:19:00
1323,209,SERVICE_STARTED,18,Staff bắt đầu thực hiện dịch vụ.,2026-09-07 15:33:00
1324,209,COMPLETED,18,Booking đã hoàn thành.,2026-09-07 16:57:00
1325,210,CREATED,89,Booking LNR-20260610-00210 được tạo.,2026-05-28 13:30:00
1326,210,STAFF_ASSIGNED,89,Đã phân Staff account #24.,2026-05-28 13:35:00
1327,210,PAYMENT_RECEIVED,\N,Thanh toán PAY-20260610-00210 thành công.,2026-06-10 13:19:00
1328,210,CHECKED_IN,7,Khách hàng đã check-in tại Spa.,2026-06-10 13:19:00
1329,210,SERVICE_STARTED,24,Staff bắt đầu thực hiện dịch vụ.,2026-06-10 13:31:00
1330,210,COMPLETED,24,Booking đã hoàn thành.,2026-06-10 14:55:00
1331,211,CREATED,3,Booking LNR-20260827-00211 được tạo.,2026-08-20 08:00:00
1332,211,STAFF_ASSIGNED,3,Đã phân Staff account #12.,2026-08-20 08:05:00
1333,211,PAYMENT_RECEIVED,\N,Thanh toán PAY-20260827-00211 thành công.,2026-08-27 08:50:00
1334,211,CHECKED_IN,7,Khách hàng đã check-in tại Spa.,2026-08-27 08:50:00
1335,211,SERVICE_STARTED,12,Staff bắt đầu thực hiện dịch vụ.,2026-08-27 09:05:00
1336,211,COMPLETED,12,Booking đã hoàn thành.,2026-08-27 09:55:00
1337,212,CREATED,41,Booking LNR-20260729-00212 được tạo.,2026-07-19 08:00:00
1338,212,STAFF_ASSIGNED,\N,Đã phân Staff account #20.,2026-07-19 08:05:00
1339,212,PAYMENT_RECEIVED,\N,Thanh toán PAY-20260729-00212 thành công.,2026-07-19 14:00:00
1340,212,CHECKED_IN,9,Khách hàng đã check-in tại Spa.,2026-07-29 10:48:00
1341,212,SERVICE_STARTED,20,Staff bắt đầu thực hiện dịch vụ.,2026-07-29 11:04:00
1342,212,COMPLETED,20,Booking đã hoàn thành.,2026-07-29 12:57:00
1343,213,CREATED,162,Booking LNR-20260724-00213 được tạo.,2026-07-09 06:00:00
1344,213,STAFF_ASSIGNED,\N,Đã phân Staff account #18.,2026-07-09 06:05:00
1345,213,PAYMENT_RECEIVED,\N,Thanh toán PAY-20260724-00213 thành công.,2026-07-24 10:50:00
1346,213,EMAIL_SENT,\N,Đã gửi email xác nhận booking.,2026-07-09 06:10:00
1347,213,CHECKED_IN,9,Khách hàng đã check-in tại Spa.,2026-07-24 10:50:00
1348,213,SERVICE_STARTED,18,Staff bắt đầu thực hiện dịch vụ.,2026-07-24 11:05:00
1349,213,COMPLETED,18,Booking đã hoàn thành.,2026-07-24 11:57:00
1350,214,CREATED,9,Booking LNR-20260622-00214 được tạo.,2026-06-21 12:30:00
1351,214,STAFF_ASSIGNED,9,Đã phân Staff account #10.,2026-06-21 12:35:00
1352,214,PAYMENT_RECEIVED,\N,Thanh toán PAY-20260622-00214 thành công.,2026-06-21 14:30:00
1353,214,EMAIL_SENT,\N,Đã gửi email xác nhận booking.,2026-06-21 12:40:00
1354,214,CHECKED_IN,8,Khách hàng đã check-in tại Spa.,2026-06-22 15:22:00
1355,214,SERVICE_STARTED,10,Staff bắt đầu thực hiện dịch vụ.,2026-06-22 15:32:00
1356,214,COMPLETED,10,Booking đã hoàn thành.,2026-06-22 16:29:00
1357,215,CREATED,167,Booking LNR-20260707-00215 được tạo.,2026-06-21 10:30:00
1358,215,STAFF_ASSIGNED,\N,Đã phân Staff account #13.,2026-06-21 10:35:00
1359,215,PAYMENT_RECEIVED,\N,Thanh toán PAY-20260707-00215 thành công.,2026-06-21 13:30:00
1360,215,CHECKED_IN,8,Khách hàng đã check-in tại Spa.,2026-07-07 13:26:00
1361,215,SERVICE_STARTED,13,Staff bắt đầu thực hiện dịch vụ.,2026-07-07 13:32:00
1362,215,COMPLETED,13,Booking đã hoàn thành.,2026-07-07 14:30:00
1363,216,CREATED,93,Booking LNR-20260611-00216 được tạo.,2026-05-27 13:30:00
1364,216,STAFF_ASSIGNED,\N,Đã phân Staff account #24.,2026-05-27 13:35:00
1365,216,PAYMENT_RECEIVED,\N,Thanh toán PAY-20260611-00216 thành công.,2026-05-27 19:30:00
1366,216,EMAIL_SENT,\N,Đã gửi email xác nhận booking.,2026-05-27 13:40:00
1367,216,CHECKED_IN,8,Khách hàng đã check-in tại Spa.,2026-06-11 15:25:00
1368,216,SERVICE_STARTED,24,Staff bắt đầu thực hiện dịch vụ.,2026-06-11 15:35:00
1369,216,COMPLETED,24,Booking đã hoàn thành.,2026-06-11 17:12:00
1370,217,CREATED,62,Booking LNR-20260622-00217 được tạo.,2026-06-19 05:00:00
1371,217,STAFF_ASSIGNED,62,Đã phân Staff account #12.,2026-06-19 05:05:00
1372,217,PAYMENT_RECEIVED,\N,Thanh toán PAY-20260622-00217 thành công.,2026-06-19 06:00:00
1373,217,CHECKED_IN,9,Khách hàng đã check-in tại Spa.,2026-06-22 08:56:00
1374,217,SERVICE_STARTED,12,Staff bắt đầu thực hiện dịch vụ.,2026-06-22 09:05:00
1375,217,COMPLETED,12,Booking đã hoàn thành.,2026-06-22 10:12:00
1376,218,CREATED,9,Booking LNR-20260729-00218 được tạo.,2026-07-11 04:00:00
1377,218,STAFF_ASSIGNED,9,Đã phân Staff account #16.,2026-07-11 04:05:00
1378,218,PAYMENT_RECEIVED,\N,Thanh toán PAY-20260729-00218 thành công.,2026-07-11 11:00:00
1379,218,EMAIL_SENT,\N,Đã gửi email xác nhận booking.,2026-07-11 04:10:00
1380,218,CHECKED_IN,6,Khách hàng đã check-in tại Spa.,2026-07-29 08:52:00
1381,218,SERVICE_STARTED,16,Staff bắt đầu thực hiện dịch vụ.,2026-07-29 09:01:00
1382,218,COMPLETED,16,Booking đã hoàn thành.,2026-07-29 10:26:00
1383,219,CREATED,6,Booking LNR-20260619-00219 được tạo.,2026-06-04 10:00:00
1384,219,STAFF_ASSIGNED,6,Đã phân Staff account #19.,2026-06-04 10:05:00
1385,219,PAYMENT_RECEIVED,\N,Thanh toán PAY-20260619-00219 thành công.,2026-06-19 10:52:00
1386,219,CHECKED_IN,7,Khách hàng đã check-in tại Spa.,2026-06-19 10:52:00
1387,219,SERVICE_STARTED,19,Staff bắt đầu thực hiện dịch vụ.,2026-06-19 11:01:00
1388,219,COMPLETED,19,Booking đã hoàn thành.,2026-06-19 12:13:00
1389,220,CREATED,146,Booking LNR-20260903-00220 được tạo.,2026-09-02 09:00:00
1390,220,STAFF_ASSIGNED,\N,Đã phân Staff account #16.,2026-09-02 09:05:00
1391,220,PAYMENT_RECEIVED,\N,Thanh toán PAY-20260903-00220 thành công.,2026-09-02 17:00:00
1392,220,CHECKED_IN,9,Khách hàng đã check-in tại Spa.,2026-09-03 08:53:00
1393,220,SERVICE_STARTED,16,Staff bắt đầu thực hiện dịch vụ.,2026-09-03 09:01:00
1394,220,COMPLETED,16,Booking đã hoàn thành.,2026-09-03 10:27:00
1395,221,CREATED,144,Booking LNR-20260715-00221 được tạo.,2026-06-30 06:00:00
1396,221,STAFF_ASSIGNED,144,Đã phân Staff account #14.,2026-06-30 06:05:00
1397,221,PAYMENT_RECEIVED,\N,Thanh toán PAY-20260715-00221 thành công.,2026-06-30 08:00:00
1398,221,EMAIL_SENT,\N,Đã gửi email xác nhận booking.,2026-06-30 06:10:00
1399,221,CHECKED_IN,8,Khách hàng đã check-in tại Spa.,2026-07-15 08:50:00
1400,221,SERVICE_STARTED,14,Staff bắt đầu thực hiện dịch vụ.,2026-07-15 09:01:00
1401,221,COMPLETED,14,Booking đã hoàn thành.,2026-07-15 10:15:00
1402,222,CREATED,63,Booking LNR-20260812-00222 được tạo.,2026-08-05 06:00:00
1403,222,STAFF_ASSIGNED,\N,Đã phân Staff account #13.,2026-08-05 06:05:00
1404,222,PAYMENT_RECEIVED,\N,Thanh toán PAY-20260812-00222 thành công.,2026-08-12 10:49:00
1405,222,CHECKED_IN,9,Khách hàng đã check-in tại Spa.,2026-08-12 10:49:00
1406,222,SERVICE_STARTED,13,Staff bắt đầu thực hiện dịch vụ.,2026-08-12 11:02:00
1407,222,COMPLETED,13,Booking đã hoàn thành.,2026-08-12 12:29:00
1408,223,CREATED,158,Booking LNR-20260711-00223 được tạo.,2026-07-08 09:00:00
1409,223,STAFF_ASSIGNED,158,Đã phân Staff account #22.,2026-07-08 09:05:00
1410,223,PAYMENT_RECEIVED,\N,Thanh toán PAY-20260711-00223 thành công.,2026-07-08 21:00:00
1411,223,EMAIL_SENT,\N,Đã gửi email xác nhận booking.,2026-07-08 09:10:00
1412,223,CHECKED_IN,6,Khách hàng đã check-in tại Spa.,2026-07-11 10:53:00
1413,223,SERVICE_STARTED,22,Staff bắt đầu thực hiện dịch vụ.,2026-07-11 11:04:00
1414,223,COMPLETED,22,Booking đã hoàn thành.,2026-07-11 11:59:00
1415,224,CREATED,4,Booking LNR-20260704-00224 được tạo.,2026-06-26 13:30:00
1416,224,STAFF_ASSIGNED,4,Đã phân Staff account #12.,2026-06-26 13:35:00
1417,224,PAYMENT_RECEIVED,\N,Thanh toán PAY-20260704-00224 thành công.,2026-07-04 13:19:00
1418,224,CHECKED_IN,9,Khách hàng đã check-in tại Spa.,2026-07-04 13:19:00
1419,224,SERVICE_STARTED,12,Staff bắt đầu thực hiện dịch vụ.,2026-07-04 13:33:00
1420,224,COMPLETED,12,Booking đã hoàn thành.,2026-07-04 14:42:00
1421,225,CREATED,32,Booking LNR-20260601-00225 được tạo.,2026-05-16 11:30:00
1422,225,STAFF_ASSIGNED,\N,Đã phân Staff account #15.,2026-05-16 11:35:00
1423,225,PAYMENT_RECEIVED,\N,Thanh toán PAY-20260601-00225 thành công.,2026-05-16 18:30:00
1424,225,CHECKED_IN,7,Khách hàng đã check-in tại Spa.,2026-06-01 13:20:00
1425,225,SERVICE_STARTED,15,Staff bắt đầu thực hiện dịch vụ.,2026-06-01 13:31:00
1426,225,COMPLETED,15,Booking đã hoàn thành.,2026-06-01 14:13:00
1427,226,CREATED,9,Booking LNR-20260826-00226 được tạo.,2026-08-16 05:00:00
1428,226,STAFF_ASSIGNED,9,Đã phân Staff account #19.,2026-08-16 05:05:00
1429,226,PAYMENT_RECEIVED,\N,Thanh toán PAY-20260826-00226 thành công.,2026-08-16 07:00:00
1430,226,EMAIL_SENT,\N,Đã gửi email xác nhận booking.,2026-08-16 05:10:00
1431,226,CHECKED_IN,8,Khách hàng đã check-in tại Spa.,2026-08-26 08:48:00
1432,226,SERVICE_STARTED,19,Staff bắt đầu thực hiện dịch vụ.,2026-08-26 09:04:00
1433,226,COMPLETED,19,Booking đã hoàn thành.,2026-08-26 09:58:00
1434,227,CREATED,149,Booking LNR-20260805-00227 được tạo.,2026-08-02 05:00:00
1435,227,STAFF_ASSIGNED,\N,Đã phân Staff account #10.,2026-08-02 05:05:00
1436,227,PAYMENT_RECEIVED,\N,Thanh toán PAY-20260805-00227 thành công.,2026-08-02 06:00:00
1437,227,CHECKED_IN,7,Khách hàng đã check-in tại Spa.,2026-08-05 08:49:00
1438,227,SERVICE_STARTED,10,Staff bắt đầu thực hiện dịch vụ.,2026-08-05 09:04:00
1439,227,COMPLETED,10,Booking đã hoàn thành.,2026-08-05 10:27:00
1440,228,CREATED,4,Booking LNR-20260902-00228 được tạo.,2026-08-25 12:30:00
1441,228,STAFF_ASSIGNED,4,Đã phân Staff account #11.,2026-08-25 12:35:00
1442,228,PAYMENT_RECEIVED,\N,Thanh toán PAY-20260902-00228 thành công.,2026-09-02 15:19:00
1443,228,EMAIL_SENT,\N,Đã gửi email xác nhận booking.,2026-08-25 12:40:00
1444,228,CHECKED_IN,9,Khách hàng đã check-in tại Spa.,2026-09-02 15:19:00
1445,228,SERVICE_STARTED,11,Staff bắt đầu thực hiện dịch vụ.,2026-09-02 15:31:00
1446,228,COMPLETED,11,Booking đã hoàn thành.,2026-09-02 17:29:00
1447,229,CREATED,137,Booking LNR-20260910-00229 được tạo.,2026-09-08 06:00:00
1448,229,STAFF_ASSIGNED,137,Đã phân Staff account #16.,2026-09-08 06:05:00
1449,229,PAYMENT_RECEIVED,\N,Thanh toán PAY-20260910-00229 thành công.,2026-09-10 08:53:00
1450,229,EMAIL_SENT,\N,Đã gửi email xác nhận booking.,2026-09-08 06:10:00
1451,229,CHECKED_IN,6,Khách hàng đã check-in tại Spa.,2026-09-10 08:53:00
1452,229,SERVICE_STARTED,16,Staff bắt đầu thực hiện dịch vụ.,2026-09-10 09:01:00
1453,229,COMPLETED,16,Booking đã hoàn thành.,2026-09-10 09:41:00
1454,230,CREATED,134,Booking LNR-20260602-00230 được tạo.,2026-06-01 07:30:00
1455,230,STAFF_ASSIGNED,134,Đã phân Staff account #13.,2026-06-01 07:35:00
1456,230,PAYMENT_RECEIVED,\N,Thanh toán PAY-20260602-00230 thành công.,2026-06-01 13:30:00
1457,230,CHECKED_IN,7,Khách hàng đã check-in tại Spa.,2026-06-02 13:18:00
1458,230,SERVICE_STARTED,13,Staff bắt đầu thực hiện dịch vụ.,2026-06-02 13:31:00
1459,230,COMPLETED,13,Booking đã hoàn thành.,2026-06-02 14:45:00
1460,231,CREATED,100,Booking LNR-20260720-00231 được tạo.,2026-07-18 12:30:00
1461,231,STAFF_ASSIGNED,\N,Đã phân Staff account #12.,2026-07-18 12:35:00
1462,231,PAYMENT_RECEIVED,\N,Thanh toán PAY-20260720-00231 thành công.,2026-07-19 00:30:00
1463,231,EMAIL_SENT,\N,Đã gửi email xác nhận booking.,2026-07-18 12:40:00
1464,231,CHECKED_IN,8,Khách hàng đã check-in tại Spa.,2026-07-20 13:25:00
1465,231,SERVICE_STARTED,12,Staff bắt đầu thực hiện dịch vụ.,2026-07-20 13:30:00
1466,231,COMPLETED,12,Booking đã hoàn thành.,2026-07-20 14:29:00
1467,232,CREATED,4,Booking LNR-20260709-00232 được tạo.,2026-07-04 07:30:00
1468,232,STAFF_ASSIGNED,4,Đã phân Staff account #14.,2026-07-04 07:35:00
1469,232,PAYMENT_RECEIVED,\N,Thanh toán PAY-20260709-00232 thành công.,2026-07-04 18:30:00
1470,232,EMAIL_SENT,\N,Đã gửi email xác nhận booking.,2026-07-04 07:40:00
1471,232,CHECKED_IN,6,Khách hàng đã check-in tại Spa.,2026-07-09 13:18:00
1472,232,SERVICE_STARTED,14,Staff bắt đầu thực hiện dịch vụ.,2026-07-09 13:31:00
1473,232,COMPLETED,14,Booking đã hoàn thành.,2026-07-09 14:26:00
1474,233,CREATED,107,Booking LNR-20260715-00233 được tạo.,2026-07-03 06:00:00
1475,233,STAFF_ASSIGNED,107,Đã phân Staff account #12.,2026-07-03 06:05:00
1476,233,PAYMENT_RECEIVED,\N,Thanh toán PAY-20260715-00233 thành công.,2026-07-15 10:56:00
1477,233,EMAIL_SENT,\N,Đã gửi email xác nhận booking.,2026-07-03 06:10:00
1478,233,CHECKED_IN,6,Khách hàng đã check-in tại Spa.,2026-07-15 10:56:00
1479,233,SERVICE_STARTED,12,Staff bắt đầu thực hiện dịch vụ.,2026-07-15 11:03:00
1480,233,COMPLETED,12,Booking đã hoàn thành.,2026-07-15 12:27:00
1481,234,CREATED,34,Booking LNR-20260805-00234 được tạo.,2026-08-04 09:30:00
1482,234,STAFF_ASSIGNED,\N,Đã phân Staff account #11.,2026-08-04 09:35:00
1483,234,PAYMENT_RECEIVED,\N,Thanh toán PAY-20260805-00234 thành công.,2026-08-04 16:30:00
1484,234,EMAIL_SENT,\N,Đã gửi email xác nhận booking.,2026-08-04 09:40:00
1485,234,CHECKED_IN,8,Khách hàng đã check-in tại Spa.,2026-08-05 15:26:00
1486,234,SERVICE_STARTED,11,Staff bắt đầu thực hiện dịch vụ.,2026-08-05 15:31:00
1487,234,COMPLETED,11,Booking đã hoàn thành.,2026-08-05 16:55:00
1488,235,CREATED,4,Booking LNR-20260831-00235 được tạo.,2026-08-24 06:00:00
1489,235,STAFF_ASSIGNED,4,Đã phân Staff account #11.,2026-08-24 06:05:00
1490,235,PAYMENT_RECEIVED,\N,Thanh toán PAY-20260831-00235 thành công.,2026-08-24 15:00:00
1491,235,CHECKED_IN,9,Khách hàng đã check-in tại Spa.,2026-08-31 08:56:00
1492,235,SERVICE_STARTED,11,Staff bắt đầu thực hiện dịch vụ.,2026-08-31 09:00:00
1493,235,COMPLETED,11,Booking đã hoàn thành.,2026-08-31 10:27:00
1494,236,CREATED,162,Booking LNR-20260817-00236 được tạo.,2026-08-15 06:00:00
1495,236,STAFF_ASSIGNED,\N,Đã phân Staff account #14.,2026-08-15 06:05:00
1496,236,PAYMENT_RECEIVED,\N,Thanh toán PAY-20260817-00236 thành công.,2026-08-15 18:00:00
1497,236,EMAIL_SENT,\N,Đã gửi email xác nhận booking.,2026-08-15 06:10:00
1498,236,CHECKED_IN,7,Khách hàng đã check-in tại Spa.,2026-08-17 08:57:00
1499,236,SERVICE_STARTED,14,Staff bắt đầu thực hiện dịch vụ.,2026-08-17 09:00:00
1500,236,COMPLETED,14,Booking đã hoàn thành.,2026-08-17 09:56:00
1501,237,CREATED,132,Booking LNR-20260715-00237 được tạo.,2026-07-04 12:30:00
1502,237,STAFF_ASSIGNED,132,Đã phân Staff account #21.,2026-07-04 12:35:00
1503,237,PAYMENT_RECEIVED,\N,Thanh toán PAY-20260715-00237 thành công.,2026-07-15 13:20:00
1504,237,EMAIL_SENT,\N,Đã gửi email xác nhận booking.,2026-07-04 12:40:00
1505,237,CHECKED_IN,9,Khách hàng đã check-in tại Spa.,2026-07-15 13:20:00
1506,237,SERVICE_STARTED,21,Staff bắt đầu thực hiện dịch vụ.,2026-07-15 13:31:00
1507,237,COMPLETED,21,Booking đã hoàn thành.,2026-07-15 14:42:00
1508,238,CREATED,138,Booking LNR-20260820-00238 được tạo.,2026-08-11 10:30:00
1509,238,STAFF_ASSIGNED,\N,Đã phân Staff account #24.,2026-08-11 10:35:00
1510,238,PAYMENT_RECEIVED,\N,Thanh toán PAY-20260820-00238 thành công.,2026-08-11 19:30:00
1511,238,EMAIL_SENT,\N,Đã gửi email xác nhận booking.,2026-08-11 10:40:00
1512,238,CHECKED_IN,7,Khách hàng đã check-in tại Spa.,2026-08-20 13:23:00
1513,238,SERVICE_STARTED,24,Staff bắt đầu thực hiện dịch vụ.,2026-08-20 13:35:00
1514,238,COMPLETED,24,Booking đã hoàn thành.,2026-08-20 14:13:00
1515,239,CREATED,96,Booking LNR-20260605-00239 được tạo.,2026-05-30 13:30:00
1516,239,STAFF_ASSIGNED,\N,Đã phân Staff account #23.,2026-05-30 13:35:00
1517,239,PAYMENT_RECEIVED,\N,Thanh toán PAY-20260605-00239 thành công.,2026-06-05 13:25:00
1518,239,CHECKED_IN,7,Khách hàng đã check-in tại Spa.,2026-06-05 13:25:00
1519,239,SERVICE_STARTED,23,Staff bắt đầu thực hiện dịch vụ.,2026-06-05 13:32:00
1520,239,COMPLETED,23,Booking đã hoàn thành.,2026-06-05 14:28:00
1521,240,CREATED,93,Booking LNR-20260820-00240 được tạo.,2026-08-06 11:30:00
1522,240,STAFF_ASSIGNED,93,Đã phân Staff account #22.,2026-08-06 11:35:00
1523,240,PAYMENT_RECEIVED,\N,Thanh toán PAY-20260820-00240 thành công.,2026-08-06 17:30:00
1524,240,CHECKED_IN,6,Khách hàng đã check-in tại Spa.,2026-08-20 13:25:00
1525,240,SERVICE_STARTED,22,Staff bắt đầu thực hiện dịch vụ.,2026-08-20 13:35:00
1526,240,COMPLETED,22,Booking đã hoàn thành.,2026-08-20 14:29:00
1527,241,CREATED,79,Booking LNR-20260622-00241 được tạo.,2026-06-06 06:00:00
1528,241,STAFF_ASSIGNED,79,Đã phân Staff account #22.,2026-06-06 06:05:00
1529,241,PAYMENT_RECEIVED,\N,Thanh toán PAY-20260622-00241 thành công.,2026-06-06 13:00:00
1530,241,CHECKED_IN,7,Khách hàng đã check-in tại Spa.,2026-06-22 08:48:00
1531,241,SERVICE_STARTED,22,Staff bắt đầu thực hiện dịch vụ.,2026-06-22 09:05:00
1532,241,COMPLETED,22,Booking đã hoàn thành.,2026-06-22 10:25:00
1533,242,CREATED,68,Booking LNR-20260904-00242 được tạo.,2026-08-23 13:30:00
1534,242,STAFF_ASSIGNED,\N,Đã phân Staff account #13.,2026-08-23 13:35:00
1535,242,PAYMENT_RECEIVED,\N,Thanh toán PAY-20260904-00242 thành công.,2026-09-04 13:19:00
1536,242,CHECKED_IN,8,Khách hàng đã check-in tại Spa.,2026-09-04 13:19:00
1537,242,SERVICE_STARTED,13,Staff bắt đầu thực hiện dịch vụ.,2026-09-04 13:31:00
1538,242,COMPLETED,13,Booking đã hoàn thành.,2026-09-04 14:40:00
1539,243,CREATED,154,Booking LNR-20260804-00243 được tạo.,2026-07-18 10:00:00
1540,243,STAFF_ASSIGNED,154,Đã phân Staff account #15.,2026-07-18 10:05:00
1541,243,PAYMENT_RECEIVED,\N,Thanh toán PAY-20260804-00243 thành công.,2026-07-18 14:00:00
1542,243,CHECKED_IN,6,Khách hàng đã check-in tại Spa.,2026-08-04 10:54:00
1543,243,SERVICE_STARTED,15,Staff bắt đầu thực hiện dịch vụ.,2026-08-04 11:01:00
1544,243,COMPLETED,15,Booking đã hoàn thành.,2026-08-04 12:14:00
1545,244,CREATED,4,Booking LNR-20260717-00244 được tạo.,2026-07-09 13:30:00
1546,244,STAFF_ASSIGNED,4,Đã phân Staff account #12.,2026-07-09 13:35:00
1547,244,PAYMENT_RECEIVED,\N,Thanh toán PAY-20260717-00244 thành công.,2026-07-17 15:22:00
1548,244,EMAIL_SENT,\N,Đã gửi email xác nhận booking.,2026-07-09 13:40:00
1549,244,CHECKED_IN,6,Khách hàng đã check-in tại Spa.,2026-07-17 15:22:00
1550,244,SERVICE_STARTED,12,Staff bắt đầu thực hiện dịch vụ.,2026-07-17 15:33:00
1551,244,COMPLETED,12,Booking đã hoàn thành.,2026-07-17 16:40:00
1552,245,CREATED,105,Booking LNR-20260808-00245 được tạo.,2026-07-25 10:00:00
1553,245,STAFF_ASSIGNED,\N,Đã phân Staff account #20.,2026-07-25 10:05:00
1554,245,PAYMENT_RECEIVED,\N,Thanh toán PAY-20260808-00245 thành công.,2026-08-08 10:56:00
1555,245,CHECKED_IN,7,Khách hàng đã check-in tại Spa.,2026-08-08 10:56:00
1556,245,SERVICE_STARTED,20,Staff bắt đầu thực hiện dịch vụ.,2026-08-08 11:04:00
1557,245,COMPLETED,20,Booking đã hoàn thành.,2026-08-08 11:56:00
1558,246,CREATED,4,Booking LNR-20260808-00246 được tạo.,2026-08-06 14:30:00
1559,246,STAFF_ASSIGNED,4,Đã phân Staff account #10.,2026-08-06 14:35:00
1560,246,PAYMENT_RECEIVED,\N,Thanh toán PAY-20260808-00246 thành công.,2026-08-07 00:30:00
1561,246,EMAIL_SENT,\N,Đã gửi email xác nhận booking.,2026-08-06 14:40:00
1562,246,CHECKED_IN,6,Khách hàng đã check-in tại Spa.,2026-08-08 15:23:00
1563,246,SERVICE_STARTED,10,Staff bắt đầu thực hiện dịch vụ.,2026-08-08 15:35:00
1564,246,COMPLETED,10,Booking đã hoàn thành.,2026-08-08 16:41:00
1565,247,CREATED,83,Booking LNR-20260724-00247 được tạo.,2026-07-14 14:30:00
1566,247,STAFF_ASSIGNED,\N,Đã phân Staff account #18.,2026-07-14 14:35:00
1567,247,PAYMENT_RECEIVED,\N,Thanh toán PAY-20260724-00247 thành công.,2026-07-14 19:30:00
1568,247,CHECKED_IN,9,Khách hàng đã check-in tại Spa.,2026-07-24 15:23:00
1569,247,SERVICE_STARTED,18,Staff bắt đầu thực hiện dịch vụ.,2026-07-24 15:30:00
1570,247,COMPLETED,18,Booking đã hoàn thành.,2026-07-24 16:15:00
1571,248,CREATED,43,Booking LNR-20260825-00248 được tạo.,2026-08-08 10:30:00
1572,248,STAFF_ASSIGNED,43,Đã phân Staff account #22.,2026-08-08 10:35:00
1573,248,PAYMENT_RECEIVED,\N,Thanh toán PAY-20260825-00248 thành công.,2026-08-25 13:26:00
1574,248,CHECKED_IN,7,Khách hàng đã check-in tại Spa.,2026-08-25 13:26:00
1575,248,SERVICE_STARTED,22,Staff bắt đầu thực hiện dịch vụ.,2026-08-25 13:32:00
1576,248,COMPLETED,22,Booking đã hoàn thành.,2026-08-25 14:41:00
1577,249,CREATED,9,Booking LNR-20260626-00249 được tạo.,2026-06-09 08:00:00
1578,249,STAFF_ASSIGNED,9,Đã phân Staff account #16.,2026-06-09 08:05:00
1579,249,PAYMENT_RECEIVED,\N,Thanh toán PAY-20260626-00249 thành công.,2026-06-09 16:00:00
1580,249,CHECKED_IN,6,Khách hàng đã check-in tại Spa.,2026-06-26 10:49:00
1581,249,SERVICE_STARTED,16,Staff bắt đầu thực hiện dịch vụ.,2026-06-26 11:05:00
1582,249,COMPLETED,16,Booking đã hoàn thành.,2026-06-26 11:44:00
1583,250,CREATED,132,Booking LNR-20260901-00250 được tạo.,2026-08-21 13:30:00
1584,250,STAFF_ASSIGNED,\N,Đã phân Staff account #21.,2026-08-21 13:35:00
1585,250,PAYMENT_RECEIVED,\N,Thanh toán PAY-20260901-00250 thành công.,2026-08-21 22:30:00
1586,250,CHECKED_IN,6,Khách hàng đã check-in tại Spa.,2026-09-01 13:27:00
1587,250,SERVICE_STARTED,21,Staff bắt đầu thực hiện dịch vụ.,2026-09-01 13:33:00
1588,250,COMPLETED,21,Booking đã hoàn thành.,2026-09-01 15:13:00
1589,251,CREATED,54,Booking LNR-20260612-00251 được tạo.,2026-06-10 08:00:00
1590,251,STAFF_ASSIGNED,\N,Đã phân Staff account #16.,2026-06-10 08:05:00
1591,251,PAYMENT_RECEIVED,\N,Thanh toán PAY-20260612-00251 thành công.,2026-06-12 08:57:00
1592,251,EMAIL_SENT,\N,Đã gửi email xác nhận booking.,2026-06-10 08:10:00
1593,251,CHECKED_IN,9,Khách hàng đã check-in tại Spa.,2026-06-12 08:57:00
1594,251,SERVICE_STARTED,16,Staff bắt đầu thực hiện dịch vụ.,2026-06-12 09:03:00
1595,251,COMPLETED,16,Booking đã hoàn thành.,2026-06-12 10:27:00
1596,252,CREATED,143,Booking LNR-20260825-00252 được tạo.,2026-08-09 10:00:00
1597,252,STAFF_ASSIGNED,\N,Đã phân Staff account #13.,2026-08-09 10:05:00
1598,252,PAYMENT_RECEIVED,\N,Thanh toán PAY-20260825-00252 thành công.,2026-08-09 20:00:00
1599,252,EMAIL_SENT,\N,Đã gửi email xác nhận booking.,2026-08-09 10:10:00
1600,252,CHECKED_IN,6,Khách hàng đã check-in tại Spa.,2026-08-25 10:53:00
1601,252,SERVICE_STARTED,13,Staff bắt đầu thực hiện dịch vụ.,2026-08-25 11:02:00
1602,252,COMPLETED,13,Booking đã hoàn thành.,2026-08-25 11:58:00
1603,253,CREATED,9,Booking LNR-20260811-00253 được tạo.,2026-08-02 07:00:00
1604,253,STAFF_ASSIGNED,9,Đã phân Staff account #20.,2026-08-02 07:05:00
1605,253,PAYMENT_RECEIVED,\N,Thanh toán PAY-20260811-00253 thành công.,2026-08-02 15:00:00
1606,253,EMAIL_SENT,\N,Đã gửi email xác nhận booking.,2026-08-02 07:10:00
1607,253,CHECKED_IN,8,Khách hàng đã check-in tại Spa.,2026-08-11 10:55:00
1608,253,SERVICE_STARTED,20,Staff bắt đầu thực hiện dịch vụ.,2026-08-11 11:04:00
1609,253,COMPLETED,20,Booking đã hoàn thành.,2026-08-11 11:56:00
1610,254,CREATED,164,Booking LNR-20260806-00254 được tạo.,2026-07-22 08:30:00
1611,254,STAFF_ASSIGNED,164,Đã phân Staff account #24.,2026-07-22 08:35:00
1612,254,PAYMENT_RECEIVED,\N,Thanh toán PAY-20260806-00254 thành công.,2026-07-22 09:30:00
1613,254,CHECKED_IN,7,Khách hàng đã check-in tại Spa.,2026-08-06 13:18:00
1614,254,SERVICE_STARTED,24,Staff bắt đầu thực hiện dịch vụ.,2026-08-06 13:32:00
1615,254,COMPLETED,24,Booking đã hoàn thành.,2026-08-06 14:14:00
1616,255,CREATED,96,Booking LNR-20260805-00255 được tạo.,2026-07-30 11:30:00
1617,255,STAFF_ASSIGNED,96,Đã phân Staff account #20.,2026-07-30 11:35:00
1618,255,PAYMENT_RECEIVED,\N,Thanh toán PAY-20260805-00255 thành công.,2026-07-30 23:30:00
1619,255,CHECKED_IN,9,Khách hàng đã check-in tại Spa.,2026-08-05 15:25:00
1620,255,SERVICE_STARTED,20,Staff bắt đầu thực hiện dịch vụ.,2026-08-05 15:32:00
1621,255,COMPLETED,20,Booking đã hoàn thành.,2026-08-05 16:27:00
1622,256,CREATED,73,Booking LNR-20260807-00256 được tạo.,2026-07-30 11:30:00
1623,256,STAFF_ASSIGNED,\N,Đã phân Staff account #24.,2026-07-30 11:35:00
1624,256,PAYMENT_RECEIVED,\N,Thanh toán PAY-20260807-00256 thành công.,2026-08-07 13:27:00
1625,256,CHECKED_IN,7,Khách hàng đã check-in tại Spa.,2026-08-07 13:27:00
1626,256,SERVICE_STARTED,24,Staff bắt đầu thực hiện dịch vụ.,2026-08-07 13:35:00
1627,256,COMPLETED,24,Booking đã hoàn thành.,2026-08-07 14:29:00
1628,257,CREATED,61,Booking LNR-20260601-00257 được tạo.,2026-05-21 13:30:00
1629,257,STAFF_ASSIGNED,61,Đã phân Staff account #21.,2026-05-21 13:35:00
1630,257,PAYMENT_RECEIVED,\N,Thanh toán PAY-20260601-00257 thành công.,2026-05-21 18:30:00
1631,257,CHECKED_IN,9,Khách hàng đã check-in tại Spa.,2026-06-01 15:22:00
1632,257,SERVICE_STARTED,21,Staff bắt đầu thực hiện dịch vụ.,2026-06-01 15:32:00
1633,257,COMPLETED,21,Booking đã hoàn thành.,2026-06-01 16:43:00
1634,258,CREATED,89,Booking LNR-20260610-00258 được tạo.,2026-05-31 08:00:00
1635,258,STAFF_ASSIGNED,\N,Đã phân Staff account #11.,2026-05-31 08:05:00
1636,258,PAYMENT_RECEIVED,\N,Thanh toán PAY-20260610-00258 thành công.,2026-06-10 08:57:00
1637,258,CHECKED_IN,8,Khách hàng đã check-in tại Spa.,2026-06-10 08:57:00
1638,258,SERVICE_STARTED,11,Staff bắt đầu thực hiện dịch vụ.,2026-06-10 09:02:00
1639,258,COMPLETED,11,Booking đã hoàn thành.,2026-06-10 10:10:00
1640,259,CREATED,169,Booking LNR-20260827-00259 được tạo.,2026-08-11 08:30:00
1641,259,STAFF_ASSIGNED,169,Đã phân Staff account #13.,2026-08-11 08:35:00
1642,259,PAYMENT_RECEIVED,\N,Thanh toán PAY-20260827-00259 thành công.,2026-08-11 17:30:00
1643,259,EMAIL_SENT,\N,Đã gửi email xác nhận booking.,2026-08-11 08:40:00
1644,259,CHECKED_IN,9,Khách hàng đã check-in tại Spa.,2026-08-27 13:23:00
1645,259,SERVICE_STARTED,13,Staff bắt đầu thực hiện dịch vụ.,2026-08-27 13:34:00
1646,259,COMPLETED,13,Booking đã hoàn thành.,2026-08-27 15:00:00
1647,260,CREATED,2,Booking LNR-20260624-00260 được tạo.,2026-06-11 06:00:00
1648,260,STAFF_ASSIGNED,2,Đã phân Staff account #15.,2026-06-11 06:05:00
1649,260,PAYMENT_RECEIVED,\N,Thanh toán PAY-20260624-00260 thành công.,2026-06-24 10:49:00
1650,260,EMAIL_SENT,\N,Đã gửi email xác nhận booking.,2026-06-11 06:10:00
1651,260,CHECKED_IN,7,Khách hàng đã check-in tại Spa.,2026-06-24 10:49:00
1652,260,SERVICE_STARTED,15,Staff bắt đầu thực hiện dịch vụ.,2026-06-24 11:05:00
1653,260,COMPLETED,15,Booking đã hoàn thành.,2026-06-24 12:59:00
1654,261,CREATED,2,Booking LNR-20260622-00261 được tạo.,2026-06-12 11:00:00
1655,261,STAFF_ASSIGNED,2,Đã phân Staff account #19.,2026-06-12 11:05:00
1656,261,PAYMENT_RECEIVED,\N,Thanh toán PAY-20260622-00261 thành công.,2026-06-12 13:00:00
1657,261,EMAIL_SENT,\N,Đã gửi email xác nhận booking.,2026-06-12 11:10:00
1658,261,CHECKED_IN,6,Khách hàng đã check-in tại Spa.,2026-06-22 10:49:00
1659,261,SERVICE_STARTED,19,Staff bắt đầu thực hiện dịch vụ.,2026-06-22 11:02:00
1660,261,COMPLETED,19,Booking đã hoàn thành.,2026-06-22 13:00:00
1661,262,CREATED,6,Booking LNR-20260805-00262 được tạo.,2026-08-04 08:00:00
1662,262,STAFF_ASSIGNED,6,Đã phân Staff account #16.,2026-08-04 08:05:00
1663,262,PAYMENT_RECEIVED,\N,Thanh toán PAY-20260805-00262 thành công.,2026-08-04 12:00:00
1664,262,CHECKED_IN,6,Khách hàng đã check-in tại Spa.,2026-08-05 08:48:00
1665,262,SERVICE_STARTED,16,Staff bắt đầu thực hiện dịch vụ.,2026-08-05 09:01:00
1666,262,COMPLETED,16,Booking đã hoàn thành.,2026-08-05 10:11:00
1667,263,CREATED,29,Booking LNR-20260821-00263 được tạo.,2026-08-19 12:30:00
1668,263,STAFF_ASSIGNED,\N,Đã phân Staff account #21.,2026-08-19 12:35:00
1669,263,PAYMENT_RECEIVED,\N,Thanh toán PAY-20260821-00263 thành công.,2026-08-19 13:30:00
1670,263,CHECKED_IN,8,Khách hàng đã check-in tại Spa.,2026-08-21 15:26:00
1671,263,SERVICE_STARTED,21,Staff bắt đầu thực hiện dịch vụ.,2026-08-21 15:31:00
1672,263,COMPLETED,21,Booking đã hoàn thành.,2026-08-21 17:25:00
1673,264,CREATED,9,Booking LNR-20260630-00264 được tạo.,2026-06-17 11:30:00
1674,264,STAFF_ASSIGNED,9,Đã phân Staff account #14.,2026-06-17 11:35:00
1675,264,PAYMENT_RECEIVED,\N,Thanh toán PAY-20260630-00264 thành công.,2026-06-17 12:30:00
1676,264,CHECKED_IN,8,Khách hàng đã check-in tại Spa.,2026-06-30 15:22:00
1677,264,SERVICE_STARTED,14,Staff bắt đầu thực hiện dịch vụ.,2026-06-30 15:31:00
1678,264,COMPLETED,14,Booking đã hoàn thành.,2026-06-30 17:26:00
1679,265,CREATED,61,Booking LNR-20260808-00265 được tạo.,2026-08-07 07:00:00
1680,265,STAFF_ASSIGNED,61,Đã phân Staff account #21.,2026-08-07 07:05:00
1681,265,PAYMENT_RECEIVED,\N,Thanh toán PAY-20260808-00265 thành công.,2026-08-07 17:00:00
1682,265,CHECKED_IN,6,Khách hàng đã check-in tại Spa.,2026-08-08 08:52:00
1683,265,SERVICE_STARTED,21,Staff bắt đầu thực hiện dịch vụ.,2026-08-08 09:01:00
1684,265,COMPLETED,21,Booking đã hoàn thành.,2026-08-08 09:59:00
1685,266,CREATED,91,Booking LNR-20260604-00266 được tạo.,2026-05-20 11:00:00
1686,266,STAFF_ASSIGNED,\N,Đã phân Staff account #21.,2026-05-20 11:05:00
1687,266,PAYMENT_RECEIVED,\N,Thanh toán PAY-20260604-00266 thành công.,2026-06-04 10:53:00
1688,266,CHECKED_IN,6,Khách hàng đã check-in tại Spa.,2026-06-04 10:53:00
1689,266,SERVICE_STARTED,21,Staff bắt đầu thực hiện dịch vụ.,2026-06-04 11:01:00
1690,266,COMPLETED,21,Booking đã hoàn thành.,2026-06-04 12:25:00
1691,267,CREATED,129,Booking LNR-20260616-00267 được tạo.,2026-05-29 11:30:00
1692,267,STAFF_ASSIGNED,129,Đã phân Staff account #24.,2026-05-29 11:35:00
1693,267,PAYMENT_RECEIVED,\N,Thanh toán PAY-20260616-00267 thành công.,2026-05-29 18:30:00
1694,267,CHECKED_IN,6,Khách hàng đã check-in tại Spa.,2026-06-16 13:23:00
1695,267,SERVICE_STARTED,24,Staff bắt đầu thực hiện dịch vụ.,2026-06-16 13:32:00
1696,267,COMPLETED,24,Booking đã hoàn thành.,2026-06-16 14:57:00
1697,268,CREATED,82,Booking LNR-20260707-00268 được tạo.,2026-06-25 13:30:00
1698,268,STAFF_ASSIGNED,\N,Đã phân Staff account #10.,2026-06-25 13:35:00
1699,268,PAYMENT_RECEIVED,\N,Thanh toán PAY-20260707-00268 thành công.,2026-06-25 22:30:00
1700,268,CHECKED_IN,7,Khách hàng đã check-in tại Spa.,2026-07-07 13:25:00
1701,268,SERVICE_STARTED,10,Staff bắt đầu thực hiện dịch vụ.,2026-07-07 13:34:00
1702,268,COMPLETED,10,Booking đã hoàn thành.,2026-07-07 15:25:00
1703,269,CREATED,151,Booking LNR-20260716-00269 được tạo.,2026-07-06 12:30:00
1704,269,STAFF_ASSIGNED,151,Đã phân Staff account #22.,2026-07-06 12:35:00
1705,269,PAYMENT_RECEIVED,\N,Thanh toán PAY-20260716-00269 thành công.,2026-07-16 15:25:00
1706,269,CHECKED_IN,9,Khách hàng đã check-in tại Spa.,2026-07-16 15:25:00
1707,269,SERVICE_STARTED,22,Staff bắt đầu thực hiện dịch vụ.,2026-07-16 15:34:00
1708,269,COMPLETED,22,Booking đã hoàn thành.,2026-07-16 16:58:00
1709,270,CREATED,120,Booking LNR-20260825-00270 được tạo.,2026-08-08 10:30:00
1710,270,STAFF_ASSIGNED,\N,Đã phân Staff account #16.,2026-08-08 10:35:00
1711,270,PAYMENT_RECEIVED,\N,Thanh toán PAY-20260825-00270 thành công.,2026-08-25 13:25:00
1712,270,EMAIL_SENT,\N,Đã gửi email xác nhận booking.,2026-08-08 10:40:00
1713,270,CHECKED_IN,8,Khách hàng đã check-in tại Spa.,2026-08-25 13:25:00
1714,270,SERVICE_STARTED,16,Staff bắt đầu thực hiện dịch vụ.,2026-08-25 13:30:00
1715,270,COMPLETED,16,Booking đã hoàn thành.,2026-08-25 14:12:00
1716,271,CREATED,92,Booking LNR-20260601-00271 được tạo.,2026-05-23 14:30:00
1717,271,STAFF_ASSIGNED,92,Đã phân Staff account #16.,2026-05-23 14:35:00
1718,271,PAYMENT_RECEIVED,\N,Thanh toán PAY-20260601-00271 thành công.,2026-06-01 15:26:00
1719,271,CHECKED_IN,6,Khách hàng đã check-in tại Spa.,2026-06-01 15:26:00
1720,271,SERVICE_STARTED,16,Staff bắt đầu thực hiện dịch vụ.,2026-06-01 15:32:00
1721,271,COMPLETED,16,Booking đã hoàn thành.,2026-06-01 17:00:00
1722,272,CREATED,33,Booking LNR-20260709-00272 được tạo.,2026-07-05 07:00:00
1723,272,STAFF_ASSIGNED,33,Đã phân Staff account #12.,2026-07-05 07:05:00
1724,272,PAYMENT_RECEIVED,\N,Thanh toán PAY-20260709-00272 thành công.,2026-07-09 08:52:00
1725,272,CHECKED_IN,9,Khách hàng đã check-in tại Spa.,2026-07-09 08:52:00
1726,272,SERVICE_STARTED,12,Staff bắt đầu thực hiện dịch vụ.,2026-07-09 09:02:00
1727,272,COMPLETED,12,Booking đã hoàn thành.,2026-07-09 10:59:00
1728,273,CREATED,8,Booking LNR-20260805-00273 được tạo.,2026-08-03 08:00:00
1729,273,STAFF_ASSIGNED,8,Đã phân Staff account #22.,2026-08-03 08:05:00
1730,273,PAYMENT_RECEIVED,\N,Thanh toán PAY-20260805-00273 thành công.,2026-08-05 08:51:00
1731,273,EMAIL_SENT,\N,Đã gửi email xác nhận booking.,2026-08-03 08:10:00
1732,273,CHECKED_IN,9,Khách hàng đã check-in tại Spa.,2026-08-05 08:51:00
1733,273,SERVICE_STARTED,22,Staff bắt đầu thực hiện dịch vụ.,2026-08-05 09:05:00
1734,273,COMPLETED,22,Booking đã hoàn thành.,2026-08-05 10:25:00
1735,274,CREATED,135,Booking LNR-20260806-00274 được tạo.,2026-07-24 09:00:00
1736,274,STAFF_ASSIGNED,135,Đã phân Staff account #23.,2026-07-24 09:05:00
1737,274,PAYMENT_RECEIVED,\N,Thanh toán PAY-20260806-00274 thành công.,2026-08-06 10:48:00
1738,274,CHECKED_IN,6,Khách hàng đã check-in tại Spa.,2026-08-06 10:48:00
1739,274,SERVICE_STARTED,23,Staff bắt đầu thực hiện dịch vụ.,2026-08-06 11:02:00
1740,274,COMPLETED,23,Booking đã hoàn thành.,2026-08-06 12:40:00
1741,275,CREATED,3,Booking LNR-20260627-00275 được tạo.,2026-06-19 10:30:00
1742,275,STAFF_ASSIGNED,3,Đã phân Staff account #11.,2026-06-19 10:35:00
1743,275,PAYMENT_RECEIVED,\N,Thanh toán PAY-20260627-00275 thành công.,2026-06-27 13:27:00
1744,275,CHECKED_IN,6,Khách hàng đã check-in tại Spa.,2026-06-27 13:27:00
1745,275,SERVICE_STARTED,11,Staff bắt đầu thực hiện dịch vụ.,2026-06-27 13:31:00
1746,275,COMPLETED,11,Booking đã hoàn thành.,2026-06-27 14:30:00
1747,276,CREATED,48,Booking LNR-20260810-00276 được tạo.,2026-08-09 07:00:00
1748,276,STAFF_ASSIGNED,\N,Đã phân Staff account #20.,2026-08-09 07:05:00
1749,276,PAYMENT_RECEIVED,\N,Thanh toán PAY-20260810-00276 thành công.,2026-08-09 12:00:00
1750,276,CHECKED_IN,6,Khách hàng đã check-in tại Spa.,2026-08-10 08:49:00
1751,276,SERVICE_STARTED,20,Staff bắt đầu thực hiện dịch vụ.,2026-08-10 09:01:00
1752,276,COMPLETED,20,Booking đã hoàn thành.,2026-08-10 09:42:00
1753,277,CREATED,105,Booking LNR-20260806-00277 được tạo.,2026-07-21 11:00:00
1754,277,STAFF_ASSIGNED,\N,Đã phân Staff account #16.,2026-07-21 11:05:00
1755,277,PAYMENT_RECEIVED,\N,Thanh toán PAY-20260806-00277 thành công.,2026-07-21 22:00:00
1756,277,CHECKED_IN,9,Khách hàng đã check-in tại Spa.,2026-08-06 10:56:00
1757,277,SERVICE_STARTED,16,Staff bắt đầu thực hiện dịch vụ.,2026-08-06 11:04:00
1758,277,COMPLETED,16,Booking đã hoàn thành.,2026-08-06 12:00:00
1759,278,CREATED,9,Booking LNR-20260723-00278 được tạo.,2026-07-17 04:00:00
1760,278,STAFF_ASSIGNED,9,Đã phân Staff account #12.,2026-07-17 04:05:00
1761,278,PAYMENT_RECEIVED,\N,Thanh toán PAY-20260723-00278 thành công.,2026-07-17 07:00:00
1762,278,CHECKED_IN,8,Khách hàng đã check-in tại Spa.,2026-07-23 08:56:00
1763,278,SERVICE_STARTED,12,Staff bắt đầu thực hiện dịch vụ.,2026-07-23 09:03:00
1764,278,COMPLETED,12,Booking đã hoàn thành.,2026-07-23 09:45:00
1765,279,CREATED,126,Booking LNR-20260815-00279 được tạo.,2026-08-04 07:30:00
1766,279,STAFF_ASSIGNED,\N,Đã phân Staff account #19.,2026-08-04 07:35:00
1767,279,PAYMENT_RECEIVED,\N,Thanh toán PAY-20260815-00279 thành công.,2026-08-15 13:22:00
1768,279,EMAIL_SENT,\N,Đã gửi email xác nhận booking.,2026-08-04 07:40:00
1769,279,CHECKED_IN,8,Khách hàng đã check-in tại Spa.,2026-08-15 13:22:00
1770,279,SERVICE_STARTED,19,Staff bắt đầu thực hiện dịch vụ.,2026-08-15 13:31:00
1771,279,COMPLETED,19,Booking đã hoàn thành.,2026-08-15 15:11:00
1772,280,CREATED,68,Booking LNR-20260612-00280 được tạo.,2026-06-04 13:30:00
1773,280,STAFF_ASSIGNED,68,Đã phân Staff account #15.,2026-06-04 13:35:00
1774,280,PAYMENT_RECEIVED,\N,Thanh toán PAY-20260612-00280 thành công.,2026-06-04 21:30:00
1775,280,EMAIL_SENT,\N,Đã gửi email xác nhận booking.,2026-06-04 13:40:00
1776,280,CHECKED_IN,8,Khách hàng đã check-in tại Spa.,2026-06-12 13:25:00
1777,280,SERVICE_STARTED,15,Staff bắt đầu thực hiện dịch vụ.,2026-06-12 13:31:00
1778,280,COMPLETED,15,Booking đã hoàn thành.,2026-06-12 15:28:00
1779,281,CREATED,56,Booking LNR-20260615-00281 được tạo.,2026-06-10 09:30:00
1780,281,STAFF_ASSIGNED,\N,Đã phân Staff account #22.,2026-06-10 09:35:00
1781,281,PAYMENT_RECEIVED,\N,Thanh toán PAY-20260615-00281 thành công.,2026-06-15 13:26:00
1782,281,CHECKED_IN,9,Khách hàng đã check-in tại Spa.,2026-06-15 13:26:00
1783,281,SERVICE_STARTED,22,Staff bắt đầu thực hiện dịch vụ.,2026-06-15 13:30:00
1784,281,COMPLETED,22,Booking đã hoàn thành.,2026-06-15 15:27:00
1785,282,CREATED,61,Booking LNR-20260613-00282 được tạo.,2026-06-07 08:00:00
1786,282,STAFF_ASSIGNED,61,Đã phân Staff account #15.,2026-06-07 08:05:00
1787,282,PAYMENT_RECEIVED,\N,Thanh toán PAY-20260613-00282 thành công.,2026-06-13 10:55:00
1788,282,CHECKED_IN,8,Khách hàng đã check-in tại Spa.,2026-06-13 10:55:00
1789,282,SERVICE_STARTED,15,Staff bắt đầu thực hiện dịch vụ.,2026-06-13 11:02:00
1790,282,COMPLETED,15,Booking đã hoàn thành.,2026-06-13 12:58:00
1791,283,CREATED,164,Booking LNR-20260827-00283 được tạo.,2026-08-23 11:30:00
1792,283,STAFF_ASSIGNED,164,Đã phân Staff account #22.,2026-08-23 11:35:00
1793,283,PAYMENT_RECEIVED,\N,Thanh toán PAY-20260827-00283 thành công.,2026-08-23 15:30:00
1794,283,EMAIL_SENT,\N,Đã gửi email xác nhận booking.,2026-08-23 11:40:00
1795,283,CHECKED_IN,6,Khách hàng đã check-in tại Spa.,2026-08-27 13:22:00
1796,283,SERVICE_STARTED,22,Staff bắt đầu thực hiện dịch vụ.,2026-08-27 13:31:00
1797,283,COMPLETED,22,Booking đã hoàn thành.,2026-08-27 14:13:00
1798,284,CREATED,7,Booking LNR-20260811-00284 được tạo.,2026-08-09 10:30:00
1799,284,STAFF_ASSIGNED,7,Đã phân Staff account #12.,2026-08-09 10:35:00
1800,284,PAYMENT_RECEIVED,\N,Thanh toán PAY-20260811-00284 thành công.,2026-08-11 13:27:00
1801,284,EMAIL_SENT,\N,Đã gửi email xác nhận booking.,2026-08-09 10:40:00
1802,284,CHECKED_IN,6,Khách hàng đã check-in tại Spa.,2026-08-11 13:27:00
1803,284,SERVICE_STARTED,12,Staff bắt đầu thực hiện dịch vụ.,2026-08-11 13:31:00
1804,284,COMPLETED,12,Booking đã hoàn thành.,2026-08-11 14:25:00
1805,285,CREATED,49,Booking LNR-20260801-00285 được tạo.,2026-07-14 11:00:00
1806,285,STAFF_ASSIGNED,49,Đã phân Staff account #18.,2026-07-14 11:05:00
1807,285,PAYMENT_RECEIVED,\N,Thanh toán PAY-20260801-00285 thành công.,2026-08-01 10:50:00
1808,285,CHECKED_IN,6,Khách hàng đã check-in tại Spa.,2026-08-01 10:50:00
1809,285,SERVICE_STARTED,18,Staff bắt đầu thực hiện dịch vụ.,2026-08-01 11:03:00
1810,285,COMPLETED,18,Booking đã hoàn thành.,2026-08-01 11:42:00
1811,286,CREATED,6,Booking LNR-20260820-00286 được tạo.,2026-08-18 10:00:00
1812,286,STAFF_ASSIGNED,6,Đã phân Staff account #19.,2026-08-18 10:05:00
1813,286,PAYMENT_RECEIVED,\N,Thanh toán PAY-20260820-00286 thành công.,2026-08-20 10:55:00
1814,286,CHECKED_IN,9,Khách hàng đã check-in tại Spa.,2026-08-20 10:55:00
1815,286,SERVICE_STARTED,19,Staff bắt đầu thực hiện dịch vụ.,2026-08-20 11:05:00
1816,286,COMPLETED,19,Booking đã hoàn thành.,2026-08-20 12:43:00
1817,287,CREATED,6,Booking LNR-20260902-00287 được tạo.,2026-08-19 12:30:00
1818,287,STAFF_ASSIGNED,6,Đã phân Staff account #15.,2026-08-19 12:35:00
1819,287,PAYMENT_RECEIVED,\N,Thanh toán PAY-20260902-00287 thành công.,2026-08-20 00:30:00
1820,287,EMAIL_SENT,\N,Đã gửi email xác nhận booking.,2026-08-19 12:40:00
1821,287,CHECKED_IN,6,Khách hàng đã check-in tại Spa.,2026-09-02 15:24:00
1822,287,SERVICE_STARTED,15,Staff bắt đầu thực hiện dịch vụ.,2026-09-02 15:35:00
1823,287,COMPLETED,15,Booking đã hoàn thành.,2026-09-02 17:00:00
1824,288,CREATED,81,Booking LNR-20260714-00288 được tạo.,2026-07-01 12:30:00
1825,288,STAFF_ASSIGNED,\N,Đã phân Staff account #11.,2026-07-01 12:35:00
1826,288,PAYMENT_RECEIVED,\N,Thanh toán PAY-20260714-00288 thành công.,2026-07-01 15:30:00
1827,288,CHECKED_IN,6,Khách hàng đã check-in tại Spa.,2026-07-14 13:25:00
1828,288,SERVICE_STARTED,11,Staff bắt đầu thực hiện dịch vụ.,2026-07-14 13:34:00
1829,288,COMPLETED,11,Booking đã hoàn thành.,2026-07-14 15:30:00
1830,289,CREATED,110,Booking LNR-20260605-00289 được tạo.,2026-05-28 09:00:00
1831,289,STAFF_ASSIGNED,110,Đã phân Staff account #23.,2026-05-28 09:05:00
1832,289,PAYMENT_RECEIVED,\N,Thanh toán PAY-20260605-00289 thành công.,2026-06-05 10:53:00
1833,289,CHECKED_IN,7,Khách hàng đã check-in tại Spa.,2026-06-05 10:53:00
1834,289,SERVICE_STARTED,23,Staff bắt đầu thực hiện dịch vụ.,2026-06-05 11:01:00
1835,289,COMPLETED,23,Booking đã hoàn thành.,2026-06-05 12:27:00
1836,290,CREATED,3,Booking LNR-20260805-00290 được tạo.,2026-07-25 10:00:00
1837,290,STAFF_ASSIGNED,3,Đã phân Staff account #15.,2026-07-25 10:05:00
1838,290,PAYMENT_RECEIVED,\N,Thanh toán PAY-20260805-00290 thành công.,2026-08-05 10:52:00
1839,290,CHECKED_IN,6,Khách hàng đã check-in tại Spa.,2026-08-05 10:52:00
1840,290,SERVICE_STARTED,15,Staff bắt đầu thực hiện dịch vụ.,2026-08-05 11:03:00
1841,290,COMPLETED,15,Booking đã hoàn thành.,2026-08-05 11:58:00
1842,291,CREATED,144,Booking LNR-20260714-00291 được tạo.,2026-07-04 07:00:00
1843,291,STAFF_ASSIGNED,\N,Đã phân Staff account #12.,2026-07-04 07:05:00
1844,291,PAYMENT_RECEIVED,\N,Thanh toán PAY-20260714-00291 thành công.,2026-07-14 08:54:00
1845,291,EMAIL_SENT,\N,Đã gửi email xác nhận booking.,2026-07-04 07:10:00
1846,291,CHECKED_IN,6,Khách hàng đã check-in tại Spa.,2026-07-14 08:54:00
1847,291,SERVICE_STARTED,12,Staff bắt đầu thực hiện dịch vụ.,2026-07-14 09:01:00
1848,291,COMPLETED,12,Booking đã hoàn thành.,2026-07-14 10:55:00
1849,292,CREATED,7,Booking LNR-20260629-00292 được tạo.,2026-06-26 13:30:00
1850,292,STAFF_ASSIGNED,7,Đã phân Staff account #17.,2026-06-26 13:35:00
1851,292,PAYMENT_RECEIVED,\N,Thanh toán PAY-20260629-00292 thành công.,2026-06-26 20:30:00
1852,292,CHECKED_IN,6,Khách hàng đã check-in tại Spa.,2026-06-29 13:21:00
1853,292,SERVICE_STARTED,17,Staff bắt đầu thực hiện dịch vụ.,2026-06-29 13:33:00
1854,292,COMPLETED,17,Booking đã hoàn thành.,2026-06-29 14:42:00
1855,293,CREATED,4,Booking LNR-20260623-00293 được tạo.,2026-06-06 03:00:00
1856,293,STAFF_ASSIGNED,4,Đã phân Staff account #17.,2026-06-06 03:05:00
1857,293,PAYMENT_RECEIVED,\N,Thanh toán PAY-20260623-00293 thành công.,2026-06-06 10:00:00
1858,293,CHECKED_IN,8,Khách hàng đã check-in tại Spa.,2026-06-23 08:56:00
1859,293,SERVICE_STARTED,17,Staff bắt đầu thực hiện dịch vụ.,2026-06-23 09:00:00
1860,293,COMPLETED,17,Booking đã hoàn thành.,2026-06-23 10:15:00
1861,294,CREATED,2,Booking LNR-20260822-00294 được tạo.,2026-08-12 11:00:00
1862,294,STAFF_ASSIGNED,2,Đã phân Staff account #11.,2026-08-12 11:05:00
1863,294,PAYMENT_RECEIVED,\N,Thanh toán PAY-20260822-00294 thành công.,2026-08-22 10:57:00
1864,294,CHECKED_IN,9,Khách hàng đã check-in tại Spa.,2026-08-22 10:57:00
1865,294,SERVICE_STARTED,11,Staff bắt đầu thực hiện dịch vụ.,2026-08-22 11:01:00
1866,294,COMPLETED,11,Booking đã hoàn thành.,2026-08-22 12:00:00
1867,295,CREATED,97,Booking LNR-20260604-00295 được tạo.,2026-05-31 13:30:00
1868,295,STAFF_ASSIGNED,\N,Đã phân Staff account #20.,2026-05-31 13:35:00
1869,295,PAYMENT_RECEIVED,\N,Thanh toán PAY-20260604-00295 thành công.,2026-06-04 15:23:00
1870,295,CHECKED_IN,7,Khách hàng đã check-in tại Spa.,2026-06-04 15:23:00
1871,295,SERVICE_STARTED,20,Staff bắt đầu thực hiện dịch vụ.,2026-06-04 15:35:00
1872,295,COMPLETED,20,Booking đã hoàn thành.,2026-06-04 16:58:00
1873,296,CREATED,8,Booking LNR-20260708-00296 được tạo.,2026-06-21 11:30:00
1874,296,STAFF_ASSIGNED,8,Đã phân Staff account #19.,2026-06-21 11:35:00
1875,296,PAYMENT_RECEIVED,\N,Thanh toán PAY-20260708-00296 thành công.,2026-06-21 19:30:00
1876,296,CHECKED_IN,6,Khách hàng đã check-in tại Spa.,2026-07-08 13:21:00
1877,296,SERVICE_STARTED,19,Staff bắt đầu thực hiện dịch vụ.,2026-07-08 13:32:00
1878,296,COMPLETED,19,Booking đã hoàn thành.,2026-07-08 14:30:00
1879,297,CREATED,80,Booking LNR-20260812-00297 được tạo.,2026-07-26 08:00:00
1880,297,STAFF_ASSIGNED,80,Đã phân Staff account #11.,2026-07-26 08:05:00
1881,297,PAYMENT_RECEIVED,\N,Thanh toán PAY-20260812-00297 thành công.,2026-07-26 19:00:00
1882,297,CHECKED_IN,7,Khách hàng đã check-in tại Spa.,2026-08-12 08:49:00
1883,297,SERVICE_STARTED,11,Staff bắt đầu thực hiện dịch vụ.,2026-08-12 09:03:00
1884,297,COMPLETED,11,Booking đã hoàn thành.,2026-08-12 10:28:00
1885,298,CREATED,49,Booking LNR-20260609-00298 được tạo.,2026-06-01 09:30:00
1886,298,STAFF_ASSIGNED,\N,Đã phân Staff account #10.,2026-06-01 09:35:00
1887,298,PAYMENT_RECEIVED,\N,Thanh toán PAY-20260609-00298 thành công.,2026-06-01 16:30:00
1888,298,EMAIL_SENT,\N,Đã gửi email xác nhận booking.,2026-06-01 09:40:00
1889,298,CHECKED_IN,9,Khách hàng đã check-in tại Spa.,2026-06-09 13:18:00
1890,298,SERVICE_STARTED,10,Staff bắt đầu thực hiện dịch vụ.,2026-06-09 13:32:00
1891,298,COMPLETED,10,Booking đã hoàn thành.,2026-06-09 14:10:00
1892,299,CREATED,5,Booking LNR-20260801-00299 được tạo.,2026-07-27 09:00:00
1893,299,STAFF_ASSIGNED,5,Đã phân Staff account #16.,2026-07-27 09:05:00
1894,299,PAYMENT_RECEIVED,\N,Thanh toán PAY-20260801-00299 thành công.,2026-08-01 10:50:00
1895,299,CHECKED_IN,6,Khách hàng đã check-in tại Spa.,2026-08-01 10:50:00
1896,299,SERVICE_STARTED,16,Staff bắt đầu thực hiện dịch vụ.,2026-08-01 11:02:00
1897,299,COMPLETED,16,Booking đã hoàn thành.,2026-08-01 12:14:00
1898,300,CREATED,160,Booking LNR-20260625-00300 được tạo.,2026-06-11 15:30:00
1899,300,STAFF_ASSIGNED,\N,Đã phân Staff account #18.,2026-06-11 15:35:00
1900,300,PAYMENT_RECEIVED,\N,Thanh toán PAY-20260625-00300 thành công.,2026-06-12 02:30:00
1901,300,CHECKED_IN,8,Khách hàng đã check-in tại Spa.,2026-06-25 15:23:00
1902,300,SERVICE_STARTED,18,Staff bắt đầu thực hiện dịch vụ.,2026-06-25 15:32:00
1903,300,COMPLETED,18,Booking đã hoàn thành.,2026-06-25 16:43:00
1904,301,CREATED,2,Booking LNR-20261009-00301 được tạo.,2026-09-15 14:00:00
1905,301,STAFF_ASSIGNED,2,Đã phân Staff account #10.,2026-09-15 14:05:00
1906,301,EMAIL_SENT,\N,Đã gửi email xác nhận booking.,2026-09-15 14:10:00
1907,302,CREATED,125,Booking LNR-20261013-00302 được tạo.,2026-09-14 10:00:00
1908,302,EMAIL_SENT,\N,Đã gửi email xác nhận booking.,2026-09-14 10:10:00
1909,303,CREATED,45,Booking LNR-20261024-00303 được tạo.,2026-09-15 09:00:00
1910,303,STAFF_ASSIGNED,\N,Đã phân Staff account #24.,2026-09-15 09:05:00
1911,304,CREATED,44,Booking LNR-20260917-00304 được tạo.,2026-09-07 08:00:00
1912,304,STAFF_ASSIGNED,44,Đã phân Staff account #17.,2026-09-07 08:05:00
1913,304,EMAIL_SENT,\N,Đã gửi email xác nhận booking.,2026-09-07 08:10:00
1914,305,CREATED,142,Booking LNR-20261017-00305 được tạo.,2026-09-14 13:00:00
1915,305,STAFF_ASSIGNED,\N,Đã phân Staff account #22.,2026-09-14 13:05:00
1916,305,EMAIL_SENT,\N,Đã gửi email xác nhận booking.,2026-09-14 13:10:00
1917,306,CREATED,166,Booking LNR-20261021-00306 được tạo.,2026-09-14 13:00:00
1918,306,EMAIL_SENT,\N,Đã gửi email xác nhận booking.,2026-09-14 13:10:00
1919,307,CREATED,61,Booking LNR-20260923-00307 được tạo.,2026-09-05 14:00:00
1920,308,CREATED,75,Booking LNR-20260925-00308 được tạo.,2026-09-10 05:00:00
1921,308,STAFF_ASSIGNED,\N,Đã phân Staff account #17.,2026-09-10 05:05:00
1922,308,EMAIL_SENT,\N,Đã gửi email xác nhận booking.,2026-09-10 05:10:00
1923,309,CREATED,90,Booking LNR-20261014-00309 được tạo.,2026-09-14 05:00:00
1924,309,EMAIL_SENT,\N,Đã gửi email xác nhận booking.,2026-09-14 05:10:00
1925,310,CREATED,110,Booking LNR-20261019-00310 được tạo.,2026-09-15 12:00:00
1926,311,CREATED,54,Booking LNR-20260922-00311 được tạo.,2026-09-14 22:00:00
1927,311,STAFF_ASSIGNED,54,Đã phân Staff account #13.,2026-09-14 22:05:00
1928,311,EMAIL_SENT,\N,Đã gửi email xác nhận booking.,2026-09-14 22:10:00
1929,312,CREATED,37,Booking LNR-20261009-00312 được tạo.,2026-09-14 06:00:00
1930,313,CREATED,31,Booking LNR-20261007-00313 được tạo.,2026-09-14 07:00:00
1931,313,STAFF_ASSIGNED,\N,Đã phân Staff account #22.,2026-09-14 07:05:00
1932,314,CREATED,102,Booking LNR-20261015-00314 được tạo.,2026-09-14 03:00:00
1933,314,STAFF_ASSIGNED,102,Đã phân Staff account #18.,2026-09-14 03:05:00
1934,315,CREATED,73,Booking LNR-20261023-00315 được tạo.,2026-09-14 05:00:00
1935,315,STAFF_ASSIGNED,\N,Đã phân Staff account #21.,2026-09-14 05:05:00
1936,316,CREATED,48,Booking LNR-20261006-00316 được tạo.,2026-09-15 06:00:00
1937,317,CREATED,76,Booking LNR-20260924-00317 được tạo.,2026-09-13 06:00:00
1938,317,STAFF_ASSIGNED,76,Đã phân Staff account #11.,2026-09-13 06:05:00
1939,318,CREATED,140,Booking LNR-20261029-00318 được tạo.,2026-09-15 14:00:00
1940,318,STAFF_ASSIGNED,140,Đã phân Staff account #20.,2026-09-15 14:05:00
1941,318,EMAIL_SENT,\N,Đã gửi email xác nhận booking.,2026-09-15 14:10:00
1942,319,CREATED,69,Booking LNR-20261030-00319 được tạo.,2026-09-15 01:00:00
1943,319,STAFF_ASSIGNED,69,Đã phân Staff account #14.,2026-09-15 01:05:00
1944,320,CREATED,164,Booking LNR-20260917-00320 được tạo.,2026-09-10 14:00:00
1945,320,EMAIL_SENT,\N,Đã gửi email xác nhận booking.,2026-09-10 14:10:00
1946,321,CREATED,8,Booking LNR-20260928-00321 được tạo.,2026-09-14 16:00:00
1947,321,STAFF_ASSIGNED,8,Đã phân Staff account #12.,2026-09-14 16:05:00
1948,322,CREATED,66,Booking LNR-20261009-00322 được tạo.,2026-09-14 09:00:00
1949,323,CREATED,5,Booking LNR-20260921-00323 được tạo.,2026-09-12 14:00:00
1950,323,EMAIL_SENT,\N,Đã gửi email xác nhận booking.,2026-09-12 14:10:00
1951,324,CREATED,166,Booking LNR-20261010-00324 được tạo.,2026-09-14 03:00:00
1952,325,CREATED,156,Booking LNR-20261026-00325 được tạo.,2026-09-15 00:00:00
1953,325,STAFF_ASSIGNED,156,Đã phân Staff account #22.,2026-09-15 00:05:00
1954,326,CREATED,4,Booking LNR-20261027-00326 được tạo.,2026-09-15 04:00:00
1955,327,CREATED,9,Booking LNR-20260918-00327 được tạo.,2026-09-09 03:00:00
1956,327,STAFF_ASSIGNED,9,Đã phân Staff account #22.,2026-09-09 03:05:00
1957,327,EMAIL_SENT,\N,Đã gửi email xác nhận booking.,2026-09-09 03:10:00
1958,328,CREATED,37,Booking LNR-20261026-00328 được tạo.,2026-09-14 22:00:00
1959,329,CREATED,99,Booking LNR-20260922-00329 được tạo.,2026-09-04 13:00:00
1960,329,EMAIL_SENT,\N,Đã gửi email xác nhận booking.,2026-09-04 13:10:00
1961,330,CREATED,52,Booking LNR-20260919-00330 được tạo.,2026-09-14 22:00:00
1962,330,STAFF_ASSIGNED,52,Đã phân Staff account #23.,2026-09-14 22:05:00
1963,331,CREATED,57,Booking LNR-20260928-00331 được tạo.,2026-09-14 17:00:00
1964,331,STAFF_ASSIGNED,57,Đã phân Staff account #20.,2026-09-14 17:05:00
1965,332,CREATED,39,Booking LNR-20260923-00332 được tạo.,2026-09-14 13:30:00
1966,332,STAFF_ASSIGNED,\N,Đã phân Staff account #12.,2026-09-14 13:35:00
1967,332,EMAIL_SENT,\N,Đã gửi email xác nhận booking.,2026-09-14 13:40:00
1968,333,CREATED,87,Booking LNR-20261013-00333 được tạo.,2026-09-14 14:00:00
1969,334,CREATED,8,Booking LNR-20260921-00334 được tạo.,2026-09-10 09:00:00
1970,334,STAFF_ASSIGNED,8,Đã phân Staff account #17.,2026-09-10 09:05:00
1971,335,CREATED,38,Booking LNR-20261007-00335 được tạo.,2026-09-14 07:00:00
1972,335,STAFF_ASSIGNED,38,Đã phân Staff account #21.,2026-09-14 07:05:00
1973,336,CREATED,8,Booking LNR-20261021-00336 được tạo.,2026-09-14 20:00:00
1974,337,CREATED,2,Booking LNR-20260926-00337 được tạo.,2026-09-14 14:00:00
1975,337,STAFF_ASSIGNED,2,Đã phân Staff account #21.,2026-09-14 14:05:00
1976,337,EMAIL_SENT,\N,Đã gửi email xác nhận booking.,2026-09-14 14:10:00
1977,338,CREATED,97,Booking LNR-20261023-00338 được tạo.,2026-09-14 13:00:00
1978,338,STAFF_ASSIGNED,97,Đã phân Staff account #12.,2026-09-14 13:05:00
1979,339,CREATED,4,Booking LNR-20261008-00339 được tạo.,2026-09-14 12:00:00
1980,339,STAFF_ASSIGNED,4,Đã phân Staff account #18.,2026-09-14 12:05:00
1981,340,CREATED,92,Booking LNR-20261019-00340 được tạo.,2026-09-15 07:00:00
1982,340,STAFF_ASSIGNED,\N,Đã phân Staff account #22.,2026-09-15 07:05:00
1983,341,CREATED,5,Booking LNR-20260922-00341 được tạo.,2026-09-07 07:00:00
1984,342,CREATED,125,Booking LNR-20260925-00342 được tạo.,2026-09-15 07:00:00
1985,342,STAFF_ASSIGNED,\N,Đã phân Staff account #24.,2026-09-15 07:05:00
1986,343,CREATED,35,Booking LNR-20261005-00343 được tạo.,2026-09-15 02:00:00
1987,343,STAFF_ASSIGNED,\N,Đã phân Staff account #14.,2026-09-15 02:05:00
1988,343,EMAIL_SENT,\N,Đã gửi email xác nhận booking.,2026-09-15 02:10:00
1989,344,CREATED,5,Booking LNR-20261023-00344 được tạo.,2026-09-14 11:00:00
1990,344,STAFF_ASSIGNED,5,Đã phân Staff account #18.,2026-09-14 11:05:00
1991,345,CREATED,162,Booking LNR-20261016-00345 được tạo.,2026-09-15 14:00:00
1992,345,STAFF_ASSIGNED,\N,Đã phân Staff account #11.,2026-09-15 14:05:00
1993,345,EMAIL_SENT,\N,Đã gửi email xác nhận booking.,2026-09-15 14:10:00
1994,346,CREATED,7,Booking LNR-20260921-00346 được tạo.,2026-09-03 09:30:00
1995,346,STAFF_ASSIGNED,7,Đã phân Staff account #17.,2026-09-03 09:35:00
1996,347,CREATED,138,Booking LNR-20260925-00347 được tạo.,2026-09-14 14:00:00
1997,347,STAFF_ASSIGNED,\N,Đã phân Staff account #19.,2026-09-14 14:05:00
1998,347,EMAIL_SENT,\N,Đã gửi email xác nhận booking.,2026-09-14 14:10:00
1999,348,CREATED,9,Booking LNR-20260929-00348 được tạo.,2026-09-11 12:00:00
2000,348,EMAIL_SENT,\N,Đã gửi email xác nhận booking.,2026-09-11 12:10:00
2001,349,CREATED,125,Booking LNR-20261027-00349 được tạo.,2026-09-15 11:00:00
2002,349,STAFF_ASSIGNED,\N,Đã phân Staff account #12.,2026-09-15 11:05:00
2003,349,EMAIL_SENT,\N,Đã gửi email xác nhận booking.,2026-09-15 11:10:00
2004,350,CREATED,130,Booking LNR-20261003-00350 được tạo.,2026-09-15 09:00:00
2005,350,STAFF_ASSIGNED,\N,Đã phân Staff account #20.,2026-09-15 09:05:00
2006,350,EMAIL_SENT,\N,Đã gửi email xác nhận booking.,2026-09-15 09:10:00
2007,351,CREATED,4,Booking LNR-20261017-00351 được tạo.,2026-09-14 12:00:00
2008,352,CREATED,116,Booking LNR-20260916-00352 được tạo.,2026-09-08 15:00:00
2009,353,CREATED,130,Booking LNR-20260918-00353 được tạo.,2026-09-13 16:00:00
2010,354,CREATED,37,Booking LNR-20261030-00354 được tạo.,2026-09-14 20:00:00
2011,354,STAFF_ASSIGNED,37,Đã phân Staff account #14.,2026-09-14 20:05:00
2012,355,CREATED,7,Booking LNR-20261024-00355 được tạo.,2026-09-15 12:00:00
2013,355,STAFF_ASSIGNED,7,Đã phân Staff account #19.,2026-09-15 12:05:00
2014,356,CREATED,61,Booking LNR-20261022-00356 được tạo.,2026-09-14 18:00:00
2015,357,CREATED,9,Booking LNR-20261031-00357 được tạo.,2026-09-14 13:00:00
2016,357,EMAIL_SENT,\N,Đã gửi email xác nhận booking.,2026-09-14 13:10:00
2017,358,CREATED,7,Booking LNR-20261010-00358 được tạo.,2026-09-14 13:00:00
2018,358,EMAIL_SENT,\N,Đã gửi email xác nhận booking.,2026-09-14 13:10:00
2019,359,CREATED,127,Booking LNR-20261017-00359 được tạo.,2026-09-15 11:00:00
2020,360,CREATED,89,Booking LNR-20261014-00360 được tạo.,2026-09-14 04:00:00
2021,360,STAFF_ASSIGNED,\N,Đã phân Staff account #20.,2026-09-14 04:05:00
2022,360,EMAIL_SENT,\N,Đã gửi email xác nhận booking.,2026-09-14 04:10:00
2023,361,CREATED,70,Booking LNR-20261001-00361 được tạo.,2026-09-15 02:00:00
2024,361,STAFF_ASSIGNED,\N,Đã phân Staff account #24.,2026-09-15 02:05:00
2025,362,CREATED,173,Booking LNR-20261019-00362 được tạo.,2026-09-14 03:00:00
2026,363,CREATED,108,Booking LNR-20261030-00363 được tạo.,2026-09-15 01:00:00
2027,363,STAFF_ASSIGNED,\N,Đã phân Staff account #21.,2026-09-15 01:05:00
2028,364,CREATED,32,Booking LNR-20261029-00364 được tạo.,2026-09-15 00:00:00
2029,364,STAFF_ASSIGNED,\N,Đã phân Staff account #16.,2026-09-15 00:05:00
2030,364,EMAIL_SENT,\N,Đã gửi email xác nhận booking.,2026-09-15 00:10:00
2031,365,CREATED,92,Booking LNR-20261015-00365 được tạo.,2026-09-14 07:00:00
2032,365,STAFF_ASSIGNED,92,Đã phân Staff account #10.,2026-09-14 07:05:00
2033,366,CREATED,9,Booking LNR-20261002-00366 được tạo.,2026-09-14 12:00:00
2034,366,STAFF_ASSIGNED,9,Đã phân Staff account #17.,2026-09-14 12:05:00
2035,367,CREATED,4,Booking LNR-20261022-00367 được tạo.,2026-09-15 03:00:00
2036,367,EMAIL_SENT,\N,Đã gửi email xác nhận booking.,2026-09-15 03:10:00
2037,368,CREATED,127,Booking LNR-20261016-00368 được tạo.,2026-09-14 16:00:00
2038,368,STAFF_ASSIGNED,\N,Đã phân Staff account #17.,2026-09-14 16:05:00
2039,368,EMAIL_SENT,\N,Đã gửi email xác nhận booking.,2026-09-14 16:10:00
2040,369,CREATED,139,Booking LNR-20260916-00369 được tạo.,2026-09-03 09:00:00
2041,369,STAFF_ASSIGNED,139,Đã phân Staff account #12.,2026-09-03 09:05:00
2042,370,CREATED,57,Booking LNR-20261020-00370 được tạo.,2026-09-14 16:00:00
2043,371,CREATED,115,Booking LNR-20260925-00371 được tạo.,2026-09-15 07:00:00
2044,371,STAFF_ASSIGNED,115,Đã phân Staff account #13.,2026-09-15 07:05:00
2045,371,PAYMENT_RECEIVED,\N,Thanh toán PAY-20260925-00371 thành công.,2026-09-15 12:00:00
2046,372,CREATED,147,Booking LNR-20260929-00372 được tạo.,2026-09-14 05:00:00
2047,372,STAFF_ASSIGNED,\N,Đã phân Staff account #18.,2026-09-14 05:05:00
2048,372,PAYMENT_RECEIVED,\N,Thanh toán PAY-20260929-00372 thành công.,2026-09-14 06:00:00
2049,373,CREATED,169,Booking LNR-20260922-00373 được tạo.,2026-09-15 03:00:00
2050,373,STAFF_ASSIGNED,\N,Đã phân Staff account #22.,2026-09-15 03:05:00
2051,373,PAYMENT_RECEIVED,\N,Thanh toán PAY-20260922-00373 thành công.,2026-09-15 14:00:00
2052,373,EMAIL_SENT,\N,Đã gửi email xác nhận booking.,2026-09-15 03:10:00
2053,374,CREATED,160,Booking LNR-20261015-00374 được tạo.,2026-09-14 14:00:00
2054,374,STAFF_ASSIGNED,\N,Đã phân Staff account #22.,2026-09-14 14:05:00
2055,374,PAYMENT_RECEIVED,\N,Thanh toán PAY-20261015-00374 thành công.,2026-09-15 01:00:00
2056,374,EMAIL_SENT,\N,Đã gửi email xác nhận booking.,2026-09-14 14:10:00
2057,375,CREATED,139,Booking LNR-20261022-00375 được tạo.,2026-09-14 20:00:00
2058,375,STAFF_ASSIGNED,139,Đã phân Staff account #13.,2026-09-14 20:05:00
2059,375,PAYMENT_RECEIVED,\N,Thanh toán PAY-20261022-00375 thành công.,2026-09-15 06:00:00
2060,376,CREATED,130,Booking LNR-20260916-00376 được tạo.,2026-09-04 03:00:00
2061,376,STAFF_ASSIGNED,\N,Đã phân Staff account #10.,2026-09-04 03:05:00
2062,376,PAYMENT_RECEIVED,\N,Thanh toán PAY-20260916-00376 thành công.,2026-09-04 06:00:00
2063,376,EMAIL_SENT,\N,Đã gửi email xác nhận booking.,2026-09-04 03:10:00
2064,377,CREATED,66,Booking LNR-20260928-00377 được tạo.,2026-09-14 22:00:00
2065,377,STAFF_ASSIGNED,66,Đã phân Staff account #23.,2026-09-14 22:05:00
2066,377,PAYMENT_RECEIVED,\N,Thanh toán PAY-20260928-00377 thành công.,2026-09-15 03:00:00
2067,377,EMAIL_SENT,\N,Đã gửi email xác nhận booking.,2026-09-14 22:10:00
2068,378,CREATED,55,Booking LNR-20261015-00378 được tạo.,2026-09-15 06:00:00
2069,378,STAFF_ASSIGNED,\N,Đã phân Staff account #23.,2026-09-15 06:05:00
2070,378,PAYMENT_RECEIVED,\N,Thanh toán PAY-20261015-00378 thành công.,2026-09-15 18:00:00
2071,378,EMAIL_SENT,\N,Đã gửi email xác nhận booking.,2026-09-15 06:10:00
2072,379,CREATED,129,Booking LNR-20261019-00379 được tạo.,2026-09-14 20:00:00
2073,379,STAFF_ASSIGNED,129,Đã phân Staff account #16.,2026-09-14 20:05:00
2074,379,PAYMENT_RECEIVED,\N,Thanh toán PAY-20261019-00379 thành công.,2026-09-15 03:00:00
2075,380,CREATED,163,Booking LNR-20260923-00380 được tạo.,2026-09-15 02:00:00
2076,380,STAFF_ASSIGNED,163,Đã phân Staff account #19.,2026-09-15 02:05:00
2077,380,PAYMENT_RECEIVED,\N,Thanh toán PAY-20260923-00380 thành công.,2026-09-15 07:00:00
2078,381,CREATED,67,Booking LNR-20261021-00381 được tạo.,2026-09-14 05:00:00
2079,381,STAFF_ASSIGNED,\N,Đã phân Staff account #15.,2026-09-14 05:05:00
2080,381,PAYMENT_RECEIVED,\N,Thanh toán PAY-20261021-00381 thành công.,2026-09-14 10:00:00
2081,382,CREATED,50,Booking LNR-20260926-00382 được tạo.,2026-09-12 12:30:00
2082,382,STAFF_ASSIGNED,50,Đã phân Staff account #23.,2026-09-12 12:35:00
2083,382,PAYMENT_RECEIVED,\N,Thanh toán PAY-20260926-00382 thành công.,2026-09-12 23:30:00
2084,383,CREATED,56,Booking LNR-20261016-00383 được tạo.,2026-09-15 11:00:00
2085,383,STAFF_ASSIGNED,\N,Đã phân Staff account #13.,2026-09-15 11:05:00
2086,383,PAYMENT_RECEIVED,\N,Thanh toán PAY-20261016-00383 thành công.,2026-09-15 13:00:00
2087,383,EMAIL_SENT,\N,Đã gửi email xác nhận booking.,2026-09-15 11:10:00
2088,384,CREATED,9,Booking LNR-20261010-00384 được tạo.,2026-09-15 07:00:00
2089,384,STAFF_ASSIGNED,9,Đã phân Staff account #11.,2026-09-15 07:05:00
2090,384,PAYMENT_RECEIVED,\N,Thanh toán PAY-20261010-00384 thành công.,2026-09-15 19:00:00
2091,384,EMAIL_SENT,\N,Đã gửi email xác nhận booking.,2026-09-15 07:10:00
2092,385,CREATED,38,Booking LNR-20260921-00385 được tạo.,2026-09-14 22:00:00
2093,385,STAFF_ASSIGNED,38,Đã phân Staff account #13.,2026-09-14 22:05:00
2094,385,PAYMENT_RECEIVED,\N,Thanh toán PAY-20260921-00385 thành công.,2026-09-15 05:00:00
2095,386,CREATED,30,Booking LNR-20261017-00386 được tạo.,2026-09-14 19:00:00
2096,386,STAFF_ASSIGNED,\N,Đã phân Staff account #16.,2026-09-14 19:05:00
2097,386,PAYMENT_RECEIVED,\N,Thanh toán PAY-20261017-00386 thành công.,2026-09-15 00:00:00
2098,386,EMAIL_SENT,\N,Đã gửi email xác nhận booking.,2026-09-14 19:10:00
2099,387,CREATED,144,Booking LNR-20261009-00387 được tạo.,2026-09-14 14:00:00
2100,387,STAFF_ASSIGNED,\N,Đã phân Staff account #17.,2026-09-14 14:05:00
2101,387,PAYMENT_RECEIVED,\N,Thanh toán PAY-20261009-00387 thành công.,2026-09-14 18:00:00
2102,388,CREATED,140,Booking LNR-20261005-00388 được tạo.,2026-09-15 08:00:00
2103,388,STAFF_ASSIGNED,140,Đã phân Staff account #11.,2026-09-15 08:05:00
2104,388,PAYMENT_RECEIVED,\N,Thanh toán PAY-20261005-00388 thành công.,2026-09-15 10:00:00
2105,388,EMAIL_SENT,\N,Đã gửi email xác nhận booking.,2026-09-15 08:10:00
2106,389,CREATED,7,Booking LNR-20261013-00389 được tạo.,2026-09-14 23:00:00
2107,389,STAFF_ASSIGNED,7,Đã phân Staff account #14.,2026-09-14 23:05:00
2108,389,PAYMENT_RECEIVED,\N,Thanh toán PAY-20261013-00389 thành công.,2026-09-15 02:00:00
2109,390,CREATED,155,Booking LNR-20261024-00390 được tạo.,2026-09-14 07:00:00
2110,390,STAFF_ASSIGNED,\N,Đã phân Staff account #17.,2026-09-14 07:05:00
2111,390,PAYMENT_RECEIVED,\N,Thanh toán PAY-20261024-00390 thành công.,2026-09-14 11:00:00
2112,390,EMAIL_SENT,\N,Đã gửi email xác nhận booking.,2026-09-14 07:10:00
2113,391,CREATED,2,Booking LNR-20261013-00391 được tạo.,2026-09-14 11:00:00
2114,391,STAFF_ASSIGNED,2,Đã phân Staff account #24.,2026-09-14 11:05:00
2115,391,PAYMENT_RECEIVED,\N,Thanh toán PAY-20261013-00391 thành công.,2026-09-14 13:00:00
2116,392,CREATED,4,Booking LNR-20261010-00392 được tạo.,2026-09-15 10:00:00
2117,392,STAFF_ASSIGNED,4,Đã phân Staff account #22.,2026-09-15 10:05:00
2118,392,PAYMENT_RECEIVED,\N,Thanh toán PAY-20261010-00392 thành công.,2026-09-15 17:00:00
2119,392,EMAIL_SENT,\N,Đã gửi email xác nhận booking.,2026-09-15 10:10:00
2120,393,CREATED,60,Booking LNR-20261027-00393 được tạo.,2026-09-15 04:00:00
2121,393,STAFF_ASSIGNED,\N,Đã phân Staff account #20.,2026-09-15 04:05:00
2122,393,PAYMENT_RECEIVED,\N,Thanh toán PAY-20261027-00393 thành công.,2026-09-15 09:00:00
2123,394,CREATED,125,Booking LNR-20260925-00394 được tạo.,2026-09-15 06:00:00
2124,394,STAFF_ASSIGNED,125,Đã phân Staff account #13.,2026-09-15 06:05:00
2125,394,PAYMENT_RECEIVED,\N,Thanh toán PAY-20260925-00394 thành công.,2026-09-15 13:00:00
2126,394,EMAIL_SENT,\N,Đã gửi email xác nhận booking.,2026-09-15 06:10:00
2127,395,CREATED,85,Booking LNR-20260929-00395 được tạo.,2026-09-14 16:00:00
2128,395,STAFF_ASSIGNED,\N,Đã phân Staff account #10.,2026-09-14 16:05:00
2129,395,PAYMENT_RECEIVED,\N,Thanh toán PAY-20260929-00395 thành công.,2026-09-14 21:00:00
2130,396,CREATED,94,Booking LNR-20260922-00396 được tạo.,2026-09-05 13:30:00
2131,396,STAFF_ASSIGNED,\N,Đã phân Staff account #19.,2026-09-05 13:35:00
2132,396,PAYMENT_RECEIVED,\N,Thanh toán PAY-20260922-00396 thành công.,2026-09-05 15:30:00
2133,397,CREATED,112,Booking LNR-20261008-00397 được tạo.,2026-09-15 13:00:00
2134,397,STAFF_ASSIGNED,\N,Đã phân Staff account #17.,2026-09-15 13:05:00
2135,397,PAYMENT_RECEIVED,\N,Thanh toán PAY-20261008-00397 thành công.,2026-09-16 00:00:00
2136,397,EMAIL_SENT,\N,Đã gửi email xác nhận booking.,2026-09-15 13:10:00
2137,398,CREATED,71,Booking LNR-20260926-00398 được tạo.,2026-09-15 08:00:00
2138,398,STAFF_ASSIGNED,71,Đã phân Staff account #10.,2026-09-15 08:05:00
2139,398,PAYMENT_RECEIVED,\N,Thanh toán PAY-20260926-00398 thành công.,2026-09-15 11:00:00
2140,399,CREATED,161,Booking LNR-20261001-00399 được tạo.,2026-09-14 11:30:00
2141,399,STAFF_ASSIGNED,\N,Đã phân Staff account #11.,2026-09-14 11:35:00
2142,399,PAYMENT_RECEIVED,\N,Thanh toán PAY-20261001-00399 thành công.,2026-09-14 13:30:00
2143,399,EMAIL_SENT,\N,Đã gửi email xác nhận booking.,2026-09-14 11:40:00
2144,400,CREATED,146,Booking LNR-20261015-00400 được tạo.,2026-09-15 07:00:00
2145,400,STAFF_ASSIGNED,\N,Đã phân Staff account #21.,2026-09-15 07:05:00
2146,400,PAYMENT_RECEIVED,\N,Thanh toán PAY-20261015-00400 thành công.,2026-09-15 17:00:00
2147,401,CREATED,167,Booking LNR-20260929-00401 được tạo.,2026-09-14 16:00:00
2148,401,STAFF_ASSIGNED,167,Đã phân Staff account #17.,2026-09-14 16:05:00
2149,401,PAYMENT_RECEIVED,\N,Thanh toán PAY-20260929-00401 thành công.,2026-09-14 22:00:00
2150,402,CREATED,7,Booking LNR-20261006-00402 được tạo.,2026-09-15 11:00:00
2151,402,STAFF_ASSIGNED,7,Đã phân Staff account #16.,2026-09-15 11:05:00
2152,402,PAYMENT_RECEIVED,\N,Thanh toán PAY-20261006-00402 thành công.,2026-09-15 14:00:00
2153,402,EMAIL_SENT,\N,Đã gửi email xác nhận booking.,2026-09-15 11:10:00
2154,403,CREATED,8,Booking LNR-20260919-00403 được tạo.,2026-09-06 06:00:00
2155,403,STAFF_ASSIGNED,8,Đã phân Staff account #17.,2026-09-06 06:05:00
2156,403,PAYMENT_RECEIVED,\N,Thanh toán PAY-20260919-00403 thành công.,2026-09-06 13:00:00
2157,403,EMAIL_SENT,\N,Đã gửi email xác nhận booking.,2026-09-06 06:10:00
2158,404,CREATED,58,Booking LNR-20260917-00404 được tạo.,2026-09-15 07:00:00
2159,404,STAFF_ASSIGNED,58,Đã phân Staff account #10.,2026-09-15 07:05:00
2160,404,PAYMENT_RECEIVED,\N,Thanh toán PAY-20260917-00404 thành công.,2026-09-15 10:00:00
2161,405,CREATED,9,Booking LNR-20261007-00405 được tạo.,2026-09-15 13:00:00
2162,405,STAFF_ASSIGNED,9,Đã phân Staff account #12.,2026-09-15 13:05:00
2163,405,PAYMENT_RECEIVED,\N,Thanh toán PAY-20261007-00405 thành công.,2026-09-15 14:00:00
2164,406,CREATED,164,Booking LNR-20261002-00406 được tạo.,2026-09-15 08:00:00
2165,406,STAFF_ASSIGNED,164,Đã phân Staff account #23.,2026-09-15 08:05:00
2166,406,PAYMENT_RECEIVED,\N,Thanh toán PAY-20261002-00406 thành công.,2026-09-15 11:00:00
2167,406,EMAIL_SENT,\N,Đã gửi email xác nhận booking.,2026-09-15 08:10:00
2168,407,CREATED,83,Booking LNR-20260918-00407 được tạo.,2026-09-15 09:00:00
2169,407,STAFF_ASSIGNED,83,Đã phân Staff account #18.,2026-09-15 09:05:00
2170,407,PAYMENT_RECEIVED,\N,Thanh toán PAY-20260918-00407 thành công.,2026-09-15 12:00:00
2171,407,EMAIL_SENT,\N,Đã gửi email xác nhận booking.,2026-09-15 09:10:00
2172,408,CREATED,6,Booking LNR-20261028-00408 được tạo.,2026-09-14 09:00:00
2173,408,STAFF_ASSIGNED,6,Đã phân Staff account #22.,2026-09-14 09:05:00
2174,408,PAYMENT_RECEIVED,\N,Thanh toán PAY-20261028-00408 thành công.,2026-09-14 15:00:00
2175,408,EMAIL_SENT,\N,Đã gửi email xác nhận booking.,2026-09-14 09:10:00
2176,409,CREATED,7,Booking LNR-20261005-00409 được tạo.,2026-09-15 03:00:00
2177,409,STAFF_ASSIGNED,7,Đã phân Staff account #24.,2026-09-15 03:05:00
2178,409,PAYMENT_RECEIVED,\N,Thanh toán PAY-20261005-00409 thành công.,2026-09-15 09:00:00
2179,409,EMAIL_SENT,\N,Đã gửi email xác nhận booking.,2026-09-15 03:10:00
2180,410,CREATED,94,Booking LNR-20260924-00410 được tạo.,2026-09-06 14:30:00
2181,410,STAFF_ASSIGNED,\N,Đã phân Staff account #17.,2026-09-06 14:35:00
2182,410,PAYMENT_RECEIVED,\N,Thanh toán PAY-20260924-00410 thành công.,2026-09-06 18:30:00
2183,410,EMAIL_SENT,\N,Đã gửi email xác nhận booking.,2026-09-06 14:40:00
2184,411,CREATED,3,Booking LNR-20260921-00411 được tạo.,2026-09-10 08:00:00
2185,411,STAFF_ASSIGNED,3,Đã phân Staff account #10.,2026-09-10 08:05:00
2186,411,PAYMENT_RECEIVED,\N,Thanh toán PAY-20260921-00411 thành công.,2026-09-10 14:00:00
2187,412,CREATED,96,Booking LNR-20260916-00412 được tạo.,2026-09-05 05:00:00
2188,412,STAFF_ASSIGNED,96,Đã phân Staff account #24.,2026-09-05 05:05:00
2189,412,PAYMENT_RECEIVED,\N,Thanh toán PAY-20260916-00412 thành công.,2026-09-05 09:00:00
2190,412,EMAIL_SENT,\N,Đã gửi email xác nhận booking.,2026-09-05 05:10:00
2191,413,CREATED,133,Booking LNR-20261023-00413 được tạo.,2026-09-14 08:00:00
2192,413,STAFF_ASSIGNED,133,Đã phân Staff account #17.,2026-09-14 08:05:00
2193,413,PAYMENT_RECEIVED,\N,Thanh toán PAY-20261023-00413 thành công.,2026-09-14 15:00:00
2194,414,CREATED,37,Booking LNR-20261022-00414 được tạo.,2026-09-14 08:00:00
2195,414,STAFF_ASSIGNED,\N,Đã phân Staff account #10.,2026-09-14 08:05:00
2196,414,PAYMENT_RECEIVED,\N,Thanh toán PAY-20261022-00414 thành công.,2026-09-14 16:00:00
2197,415,CREATED,34,Booking LNR-20261030-00415 được tạo.,2026-09-15 00:00:00
2198,415,STAFF_ASSIGNED,\N,Đã phân Staff account #11.,2026-09-15 00:05:00
2199,415,PAYMENT_RECEIVED,\N,Thanh toán PAY-20261030-00415 thành công.,2026-09-15 04:00:00
2200,416,CREATED,3,Booking LNR-20260928-00416 được tạo.,2026-09-15 11:00:00
2201,416,STAFF_ASSIGNED,3,Đã phân Staff account #12.,2026-09-15 11:05:00
2202,416,PAYMENT_RECEIVED,\N,Thanh toán PAY-20260928-00416 thành công.,2026-09-15 21:00:00
2203,417,CREATED,4,Booking LNR-20261021-00417 được tạo.,2026-09-14 16:00:00
2204,417,STAFF_ASSIGNED,4,Đã phân Staff account #16.,2026-09-14 16:05:00
2205,417,PAYMENT_RECEIVED,\N,Thanh toán PAY-20261021-00417 thành công.,2026-09-14 18:00:00
2206,417,EMAIL_SENT,\N,Đã gửi email xác nhận booking.,2026-09-14 16:10:00
2207,418,CREATED,100,Booking LNR-20261026-00418 được tạo.,2026-09-14 12:00:00
2208,418,STAFF_ASSIGNED,\N,Đã phân Staff account #11.,2026-09-14 12:05:00
2209,418,PAYMENT_RECEIVED,\N,Thanh toán PAY-20261026-00418 thành công.,2026-09-14 20:00:00
2210,419,CREATED,73,Booking LNR-20260917-00419 được tạo.,2026-09-01 12:30:00
2211,419,STAFF_ASSIGNED,73,Đã phân Staff account #15.,2026-09-01 12:35:00
2212,419,PAYMENT_RECEIVED,\N,Thanh toán PAY-20260917-00419 thành công.,2026-09-01 17:30:00
2213,420,CREATED,120,Booking LNR-20261023-00420 được tạo.,2026-09-14 12:00:00
2214,420,STAFF_ASSIGNED,\N,Đã phân Staff account #11.,2026-09-14 12:05:00
2215,420,PAYMENT_RECEIVED,\N,Thanh toán PAY-20261023-00420 thành công.,2026-09-14 23:00:00
2216,420,EMAIL_SENT,\N,Đã gửi email xác nhận booking.,2026-09-14 12:10:00
2217,421,CREATED,166,Booking LNR-20261007-00421 được tạo.,2026-09-14 23:00:00
2218,421,STAFF_ASSIGNED,166,Đã phân Staff account #21.,2026-09-14 23:05:00
2219,421,PAYMENT_RECEIVED,\N,Thanh toán PAY-20261007-00421 thành công.,2026-09-15 02:00:00
2220,422,CREATED,122,Booking LNR-20260928-00422 được tạo.,2026-09-15 12:00:00
2221,422,STAFF_ASSIGNED,\N,Đã phân Staff account #16.,2026-09-15 12:05:00
2222,422,PAYMENT_RECEIVED,\N,Thanh toán PAY-20260928-00422 thành công.,2026-09-15 18:00:00
2223,423,CREATED,5,Booking LNR-20260919-00423 được tạo.,2026-09-05 07:00:00
2224,423,STAFF_ASSIGNED,5,Đã phân Staff account #23.,2026-09-05 07:05:00
2225,423,PAYMENT_RECEIVED,\N,Thanh toán PAY-20260919-00423 thành công.,2026-09-05 14:00:00
2226,423,EMAIL_SENT,\N,Đã gửi email xác nhận booking.,2026-09-05 07:10:00
2227,424,CREATED,144,Booking LNR-20261008-00424 được tạo.,2026-09-14 20:00:00
2228,424,STAFF_ASSIGNED,\N,Đã phân Staff account #20.,2026-09-14 20:05:00
2229,424,PAYMENT_RECEIVED,\N,Thanh toán PAY-20261008-00424 thành công.,2026-09-15 07:00:00
2230,425,CREATED,32,Booking LNR-20261028-00425 được tạo.,2026-09-14 14:00:00
2231,425,STAFF_ASSIGNED,32,Đã phân Staff account #21.,2026-09-14 14:05:00
2232,425,PAYMENT_RECEIVED,\N,Thanh toán PAY-20261028-00425 thành công.,2026-09-15 01:00:00
2233,426,CREATED,70,Booking LNR-20261014-00426 được tạo.,2026-09-15 12:00:00
2234,426,STAFF_ASSIGNED,70,Đã phân Staff account #16.,2026-09-15 12:05:00
2235,426,PAYMENT_RECEIVED,\N,Thanh toán PAY-20261014-00426 thành công.,2026-09-15 13:00:00
2236,426,EMAIL_SENT,\N,Đã gửi email xác nhận booking.,2026-09-15 12:10:00
2237,427,CREATED,171,Booking LNR-20260918-00427 được tạo.,2026-09-13 11:00:00
2238,427,STAFF_ASSIGNED,\N,Đã phân Staff account #22.,2026-09-13 11:05:00
2239,427,PAYMENT_RECEIVED,\N,Thanh toán PAY-20260918-00427 thành công.,2026-09-13 14:00:00
2240,428,CREATED,97,Booking LNR-20261021-00428 được tạo.,2026-09-14 10:00:00
2241,428,STAFF_ASSIGNED,97,Đã phân Staff account #22.,2026-09-14 10:05:00
2242,428,PAYMENT_RECEIVED,\N,Thanh toán PAY-20261021-00428 thành công.,2026-09-14 16:00:00
2243,429,CREATED,6,Booking LNR-20261027-00429 được tạo.,2026-09-14 03:00:00
2244,429,STAFF_ASSIGNED,6,Đã phân Staff account #24.,2026-09-14 03:05:00
2245,429,PAYMENT_RECEIVED,\N,Thanh toán PAY-20261027-00429 thành công.,2026-09-14 07:00:00
2246,429,EMAIL_SENT,\N,Đã gửi email xác nhận booking.,2026-09-14 03:10:00
2247,430,CREATED,123,Booking LNR-20261017-00430 được tạo.,2026-09-14 20:00:00
2248,430,STAFF_ASSIGNED,\N,Đã phân Staff account #19.,2026-09-14 20:05:00
2249,430,PAYMENT_RECEIVED,\N,Thanh toán PAY-20261017-00430 thành công.,2026-09-15 07:00:00
2250,430,EMAIL_SENT,\N,Đã gửi email xác nhận booking.,2026-09-14 20:10:00
2251,431,CREATED,159,Booking LNR-20261029-00431 được tạo.,2026-09-14 22:00:00
2252,431,STAFF_ASSIGNED,\N,Đã phân Staff account #22.,2026-09-14 22:05:00
2253,431,PAYMENT_RECEIVED,\N,Thanh toán PAY-20261029-00431 thành công.,2026-09-14 23:00:00
2254,432,CREATED,31,Booking LNR-20260922-00432 được tạo.,2026-09-07 08:00:00
2255,432,STAFF_ASSIGNED,31,Đã phân Staff account #24.,2026-09-07 08:05:00
2256,432,PAYMENT_RECEIVED,\N,Thanh toán PAY-20260922-00432 thành công.,2026-09-07 17:00:00
2257,433,CREATED,170,Booking LNR-20261003-00433 được tạo.,2026-09-14 12:00:00
2258,433,STAFF_ASSIGNED,170,Đã phân Staff account #23.,2026-09-14 12:05:00
2259,433,PAYMENT_RECEIVED,\N,Thanh toán PAY-20261003-00433 thành công.,2026-09-14 15:00:00
2260,434,CREATED,124,Booking LNR-20261023-00434 được tạo.,2026-09-14 06:00:00
2261,434,STAFF_ASSIGNED,124,Đã phân Staff account #21.,2026-09-14 06:05:00
2262,434,PAYMENT_RECEIVED,\N,Thanh toán PAY-20261023-00434 thành công.,2026-09-14 13:00:00
2263,435,CREATED,102,Booking LNR-20261030-00435 được tạo.,2026-09-14 22:00:00
2264,435,STAFF_ASSIGNED,\N,Đã phân Staff account #15.,2026-09-14 22:05:00
2265,435,PAYMENT_RECEIVED,\N,Thanh toán PAY-20261030-00435 thành công.,2026-09-15 09:00:00
2266,436,CREATED,4,Booking LNR-20260925-00436 được tạo.,2026-09-13 10:30:00
2267,436,STAFF_ASSIGNED,4,Đã phân Staff account #17.,2026-09-13 10:35:00
2268,436,PAYMENT_RECEIVED,\N,Thanh toán PAY-20260925-00436 thành công.,2026-09-13 16:30:00
2269,437,CREATED,162,Booking LNR-20261010-00437 được tạo.,2026-09-14 03:00:00
2270,437,STAFF_ASSIGNED,\N,Đã phân Staff account #16.,2026-09-14 03:05:00
2271,437,PAYMENT_RECEIVED,\N,Thanh toán PAY-20261010-00437 thành công.,2026-09-14 11:00:00
2272,438,CREATED,62,Booking LNR-20260919-00438 được tạo.,2026-09-07 12:30:00
2273,438,STAFF_ASSIGNED,\N,Đã phân Staff account #11.,2026-09-07 12:35:00
2274,438,PAYMENT_RECEIVED,\N,Thanh toán PAY-20260919-00438 thành công.,2026-09-07 16:30:00
2275,439,CREATED,36,Booking LNR-20261013-00439 được tạo.,2026-09-14 14:00:00
2276,439,STAFF_ASSIGNED,\N,Đã phân Staff account #18.,2026-09-14 14:05:00
2277,439,PAYMENT_RECEIVED,\N,Thanh toán PAY-20261013-00439 thành công.,2026-09-14 16:00:00
2278,439,EMAIL_SENT,\N,Đã gửi email xác nhận booking.,2026-09-14 14:10:00
2279,440,CREATED,100,Booking LNR-20261012-00440 được tạo.,2026-09-14 19:00:00
2280,440,STAFF_ASSIGNED,\N,Đã phân Staff account #24.,2026-09-14 19:05:00
2281,440,PAYMENT_RECEIVED,\N,Thanh toán PAY-20261012-00440 thành công.,2026-09-15 03:00:00
2282,441,CREATED,131,Booking LNR-20261014-00441 được tạo.,2026-09-15 03:00:00
2283,441,STAFF_ASSIGNED,131,Đã phân Staff account #16.,2026-09-15 03:05:00
2284,441,PAYMENT_RECEIVED,\N,Thanh toán PAY-20261014-00441 thành công.,2026-09-15 06:00:00
2285,441,EMAIL_SENT,\N,Đã gửi email xác nhận booking.,2026-09-15 03:10:00
2286,442,CREATED,7,Booking LNR-20261015-00442 được tạo.,2026-09-14 15:00:00
2287,442,STAFF_ASSIGNED,7,Đã phân Staff account #18.,2026-09-14 15:05:00
2288,442,PAYMENT_RECEIVED,\N,Thanh toán PAY-20261015-00442 thành công.,2026-09-15 00:00:00
2289,442,EMAIL_SENT,\N,Đã gửi email xác nhận booking.,2026-09-14 15:10:00
2290,443,CREATED,138,Booking LNR-20261030-00443 được tạo.,2026-09-14 09:00:00
2291,443,STAFF_ASSIGNED,\N,Đã phân Staff account #21.,2026-09-14 09:05:00
2292,443,PAYMENT_RECEIVED,\N,Thanh toán PAY-20261030-00443 thành công.,2026-09-14 18:00:00
2293,443,EMAIL_SENT,\N,Đã gửi email xác nhận booking.,2026-09-14 09:10:00
2294,444,CREATED,45,Booking LNR-20261029-00444 được tạo.,2026-09-14 16:00:00
2295,444,STAFF_ASSIGNED,45,Đã phân Staff account #22.,2026-09-14 16:05:00
2296,444,PAYMENT_RECEIVED,\N,Thanh toán PAY-20261029-00444 thành công.,2026-09-15 00:00:00
2297,445,CREATED,4,Booking LNR-20260918-00445 được tạo.,2026-09-03 15:30:00
2298,445,STAFF_ASSIGNED,4,Đã phân Staff account #22.,2026-09-03 15:35:00
2299,445,PAYMENT_RECEIVED,\N,Thanh toán PAY-20260918-00445 thành công.,2026-09-04 00:30:00
2300,445,EMAIL_SENT,\N,Đã gửi email xác nhận booking.,2026-09-03 15:40:00
2301,446,CREATED,107,Booking LNR-20260919-00446 được tạo.,2026-09-13 09:30:00
2302,446,STAFF_ASSIGNED,\N,Đã phân Staff account #19.,2026-09-13 09:35:00
2303,446,PAYMENT_RECEIVED,\N,Thanh toán PAY-20260919-00446 thành công.,2026-09-13 11:30:00
2304,447,CREATED,73,Booking LNR-20261015-00447 được tạo.,2026-09-15 12:00:00
2305,447,STAFF_ASSIGNED,\N,Đã phân Staff account #21.,2026-09-15 12:05:00
2306,447,PAYMENT_RECEIVED,\N,Thanh toán PAY-20261015-00447 thành công.,2026-09-15 21:00:00
2307,448,CREATED,6,Booking LNR-20261031-00448 được tạo.,2026-09-15 04:00:00
2308,448,STAFF_ASSIGNED,6,Đã phân Staff account #20.,2026-09-15 04:05:00
2309,448,PAYMENT_RECEIVED,\N,Thanh toán PAY-20261031-00448 thành công.,2026-09-15 15:00:00
2310,448,EMAIL_SENT,\N,Đã gửi email xác nhận booking.,2026-09-15 04:10:00
2311,449,CREATED,44,Booking LNR-20261030-00449 được tạo.,2026-09-14 07:00:00
2312,449,STAFF_ASSIGNED,44,Đã phân Staff account #24.,2026-09-14 07:05:00
2313,449,PAYMENT_RECEIVED,\N,Thanh toán PAY-20261030-00449 thành công.,2026-09-14 13:00:00
2314,449,EMAIL_SENT,\N,Đã gửi email xác nhận booking.,2026-09-14 07:10:00
2315,450,CREATED,127,Booking LNR-20261012-00450 được tạo.,2026-09-15 11:00:00
2316,450,STAFF_ASSIGNED,127,Đã phân Staff account #15.,2026-09-15 11:05:00
2317,450,PAYMENT_RECEIVED,\N,Thanh toán PAY-20261012-00450 thành công.,2026-09-15 15:00:00
2318,451,CREATED,7,Booking LNR-20261010-00451 được tạo.,2026-09-15 10:00:00
2319,451,STAFF_ASSIGNED,7,Đã phân Staff account #22.,2026-09-15 10:05:00
2320,451,PAYMENT_RECEIVED,\N,Thanh toán PAY-20261010-00451 thành công.,2026-09-15 16:00:00
2321,452,CREATED,4,Booking LNR-20261021-00452 được tạo.,2026-09-14 17:00:00
2322,452,STAFF_ASSIGNED,4,Đã phân Staff account #21.,2026-09-14 17:05:00
2323,452,PAYMENT_RECEIVED,\N,Thanh toán PAY-20261021-00452 thành công.,2026-09-15 01:00:00
2324,453,CREATED,88,Booking LNR-20261006-00453 được tạo.,2026-09-15 08:00:00
2325,453,STAFF_ASSIGNED,88,Đã phân Staff account #18.,2026-09-15 08:05:00
2326,453,PAYMENT_RECEIVED,\N,Thanh toán PAY-20261006-00453 thành công.,2026-09-15 11:00:00
2327,454,CREATED,138,Booking LNR-20260926-00454 được tạo.,2026-09-15 05:00:00
2328,454,STAFF_ASSIGNED,138,Đã phân Staff account #19.,2026-09-15 05:05:00
2329,454,PAYMENT_RECEIVED,\N,Thanh toán PAY-20260926-00454 thành công.,2026-09-15 17:00:00
2330,454,EMAIL_SENT,\N,Đã gửi email xác nhận booking.,2026-09-15 05:10:00
2331,455,CREATED,96,Booking LNR-20260922-00455 được tạo.,2026-09-14 04:00:00
2332,455,STAFF_ASSIGNED,\N,Đã phân Staff account #15.,2026-09-14 04:05:00
2333,455,PAYMENT_RECEIVED,\N,Thanh toán PAY-20260922-00455 thành công.,2026-09-14 12:00:00
2334,455,EMAIL_SENT,\N,Đã gửi email xác nhận booking.,2026-09-14 04:10:00
2335,456,CREATED,114,Booking LNR-20261030-00456 được tạo.,2026-09-14 21:00:00
2336,456,STAFF_ASSIGNED,\N,Đã phân Staff account #18.,2026-09-14 21:05:00
2337,456,PAYMENT_RECEIVED,\N,Thanh toán PAY-20261030-00456 thành công.,2026-09-15 09:00:00
2338,457,CREATED,133,Booking LNR-20261030-00457 được tạo.,2026-09-15 10:00:00
2339,457,STAFF_ASSIGNED,\N,Đã phân Staff account #19.,2026-09-15 10:05:00
2340,457,PAYMENT_RECEIVED,\N,Thanh toán PAY-20261030-00457 thành công.,2026-09-15 17:00:00
2341,457,EMAIL_SENT,\N,Đã gửi email xác nhận booking.,2026-09-15 10:10:00
2342,458,CREATED,2,Booking LNR-20261001-00458 được tạo.,2026-09-15 02:00:00
2343,458,STAFF_ASSIGNED,2,Đã phân Staff account #11.,2026-09-15 02:05:00
2344,458,PAYMENT_RECEIVED,\N,Thanh toán PAY-20261001-00458 thành công.,2026-09-15 04:00:00
2345,458,EMAIL_SENT,\N,Đã gửi email xác nhận booking.,2026-09-15 02:10:00
2346,459,CREATED,136,Booking LNR-20261015-00459 được tạo.,2026-09-14 11:00:00
2347,459,STAFF_ASSIGNED,136,Đã phân Staff account #14.,2026-09-14 11:05:00
2348,459,PAYMENT_RECEIVED,\N,Thanh toán PAY-20261015-00459 thành công.,2026-09-14 19:00:00
2349,459,EMAIL_SENT,\N,Đã gửi email xác nhận booking.,2026-09-14 11:10:00
2350,460,CREATED,35,Booking LNR-20261023-00460 được tạo.,2026-09-14 05:00:00
2351,460,STAFF_ASSIGNED,\N,Đã phân Staff account #15.,2026-09-14 05:05:00
2352,460,PAYMENT_RECEIVED,\N,Thanh toán PAY-20261023-00460 thành công.,2026-09-14 06:00:00
2353,460,EMAIL_SENT,\N,Đã gửi email xác nhận booking.,2026-09-14 05:10:00
2354,461,CREATED,156,Booking LNR-20260923-00461 được tạo.,2026-09-10 14:30:00
2355,461,STAFF_ASSIGNED,156,Đã phân Staff account #22.,2026-09-10 14:35:00
2356,461,PAYMENT_RECEIVED,\N,Thanh toán PAY-20260923-00461 thành công.,2026-09-10 16:30:00
2357,462,CREATED,86,Booking LNR-20261031-00462 được tạo.,2026-09-14 14:00:00
2358,462,STAFF_ASSIGNED,86,Đã phân Staff account #13.,2026-09-14 14:05:00
2359,462,PAYMENT_RECEIVED,\N,Thanh toán PAY-20261031-00462 thành công.,2026-09-15 00:00:00
2360,463,CREATED,148,Booking LNR-20261023-00463 được tạo.,2026-09-15 01:00:00
2361,463,STAFF_ASSIGNED,\N,Đã phân Staff account #13.,2026-09-15 01:05:00
2362,463,PAYMENT_RECEIVED,\N,Thanh toán PAY-20261023-00463 thành công.,2026-09-15 06:00:00
2363,464,CREATED,8,Booking LNR-20261013-00464 được tạo.,2026-09-14 12:00:00
2364,464,STAFF_ASSIGNED,8,Đã phân Staff account #18.,2026-09-14 12:05:00
2365,464,PAYMENT_RECEIVED,\N,Thanh toán PAY-20261013-00464 thành công.,2026-09-14 15:00:00
2366,465,CREATED,103,Booking LNR-20260928-00465 được tạo.,2026-09-14 03:00:00
2367,465,STAFF_ASSIGNED,\N,Đã phân Staff account #16.,2026-09-14 03:05:00
2368,465,PAYMENT_RECEIVED,\N,Thanh toán PAY-20260928-00465 thành công.,2026-09-14 05:00:00
2369,466,CREATED,153,Booking LNR-20261020-00466 được tạo.,2026-09-15 05:00:00
2370,466,STAFF_ASSIGNED,\N,Đã phân Staff account #21.,2026-09-15 05:05:00
2371,466,PAYMENT_RECEIVED,\N,Thanh toán PAY-20261020-00466 thành công.,2026-09-15 07:00:00
2372,466,EMAIL_SENT,\N,Đã gửi email xác nhận booking.,2026-09-15 05:10:00
2373,467,CREATED,165,Booking LNR-20261010-00467 được tạo.,2026-09-14 18:00:00
2374,467,STAFF_ASSIGNED,\N,Đã phân Staff account #16.,2026-09-14 18:05:00
2375,467,PAYMENT_RECEIVED,\N,Thanh toán PAY-20261010-00467 thành công.,2026-09-14 22:00:00
2376,468,CREATED,103,Booking LNR-20261012-00468 được tạo.,2026-09-15 12:00:00
2377,468,STAFF_ASSIGNED,103,Đã phân Staff account #24.,2026-09-15 12:05:00
2378,468,PAYMENT_RECEIVED,\N,Thanh toán PAY-20261012-00468 thành công.,2026-09-15 17:00:00
2379,469,CREATED,3,Booking LNR-20261024-00469 được tạo.,2026-09-15 14:00:00
2380,469,STAFF_ASSIGNED,3,Đã phân Staff account #10.,2026-09-15 14:05:00
2381,469,PAYMENT_RECEIVED,\N,Thanh toán PAY-20261024-00469 thành công.,2026-09-16 02:00:00
2382,470,CREATED,30,Booking LNR-20260925-00470 được tạo.,2026-09-15 05:00:00
2383,470,STAFF_ASSIGNED,\N,Đã phân Staff account #23.,2026-09-15 05:05:00
2384,470,PAYMENT_RECEIVED,\N,Thanh toán PAY-20260925-00470 thành công.,2026-09-15 11:00:00
2385,470,EMAIL_SENT,\N,Đã gửi email xác nhận booking.,2026-09-15 05:10:00
2386,471,CREATED,4,Booking LNR-20261027-00471 được tạo.,2026-09-14 21:00:00
2387,471,STAFF_ASSIGNED,4,Đã phân Staff account #22.,2026-09-14 21:05:00
2388,471,PAYMENT_RECEIVED,\N,Thanh toán PAY-20261027-00471 thành công.,2026-09-15 02:00:00
2389,471,EMAIL_SENT,\N,Đã gửi email xác nhận booking.,2026-09-14 21:10:00
2390,472,CREATED,93,Booking LNR-20261016-00472 được tạo.,2026-09-15 01:00:00
2391,472,STAFF_ASSIGNED,93,Đã phân Staff account #13.,2026-09-15 01:05:00
2392,472,PAYMENT_RECEIVED,\N,Thanh toán PAY-20261016-00472 thành công.,2026-09-15 11:00:00
2393,473,CREATED,6,Booking LNR-20261007-00473 được tạo.,2026-09-15 14:00:00
2394,473,STAFF_ASSIGNED,6,Đã phân Staff account #13.,2026-09-15 14:05:00
2395,473,PAYMENT_RECEIVED,\N,Thanh toán PAY-20261007-00473 thành công.,2026-09-16 02:00:00
2396,474,CREATED,100,Booking LNR-20260917-00474 được tạo.,2026-09-04 09:30:00
2397,474,STAFF_ASSIGNED,100,Đã phân Staff account #21.,2026-09-04 09:35:00
2398,474,PAYMENT_RECEIVED,\N,Thanh toán PAY-20260917-00474 thành công.,2026-09-04 21:30:00
2399,475,CREATED,2,Booking LNR-20260930-00475 được tạo.,2026-09-13 14:30:00
2400,475,STAFF_ASSIGNED,2,Đã phân Staff account #11.,2026-09-13 14:35:00
2401,475,PAYMENT_RECEIVED,\N,Thanh toán PAY-20260930-00475 thành công.,2026-09-13 20:30:00
2402,475,EMAIL_SENT,\N,Đã gửi email xác nhận booking.,2026-09-13 14:40:00
2403,476,CREATED,43,Booking LNR-20261023-00476 được tạo.,2026-09-14 18:00:00
2404,476,STAFF_ASSIGNED,43,Đã phân Staff account #23.,2026-09-14 18:05:00
2405,476,PAYMENT_RECEIVED,\N,Thanh toán PAY-20261023-00476 thành công.,2026-09-15 02:00:00
2406,477,CREATED,148,Booking LNR-20261029-00477 được tạo.,2026-09-14 12:00:00
2407,477,STAFF_ASSIGNED,\N,Đã phân Staff account #13.,2026-09-14 12:05:00
2408,477,PAYMENT_RECEIVED,\N,Thanh toán PAY-20261029-00477 thành công.,2026-09-14 17:00:00
2409,478,CREATED,164,Booking LNR-20260925-00478 được tạo.,2026-09-14 07:00:00
2410,478,STAFF_ASSIGNED,\N,Đã phân Staff account #18.,2026-09-14 07:05:00
2411,478,PAYMENT_RECEIVED,\N,Thanh toán PAY-20260925-00478 thành công.,2026-09-14 17:00:00
2412,479,CREATED,43,Booking LNR-20261014-00479 được tạo.,2026-09-14 21:00:00
2413,479,STAFF_ASSIGNED,43,Đã phân Staff account #15.,2026-09-14 21:05:00
2414,479,PAYMENT_RECEIVED,\N,Thanh toán PAY-20261014-00479 thành công.,2026-09-14 22:00:00
2415,479,EMAIL_SENT,\N,Đã gửi email xác nhận booking.,2026-09-14 21:10:00
2416,480,CREATED,43,Booking LNR-20261023-00480 được tạo.,2026-09-15 08:00:00
2417,480,STAFF_ASSIGNED,\N,Đã phân Staff account #12.,2026-09-15 08:05:00
2418,480,PAYMENT_RECEIVED,\N,Thanh toán PAY-20261023-00480 thành công.,2026-09-15 12:00:00
2419,481,CREATED,33,Booking LNR-20260929-00481 được tạo.,2026-09-14 22:00:00
2420,481,STAFF_ASSIGNED,33,Đã phân Staff account #17.,2026-09-14 22:05:00
2421,481,PAYMENT_RECEIVED,\N,Thanh toán PAY-20260929-00481 thành công.,2026-09-15 01:00:00
2422,481,EMAIL_SENT,\N,Đã gửi email xác nhận booking.,2026-09-14 22:10:00
2423,482,CREATED,104,Booking LNR-20260928-00482 được tạo.,2026-09-13 07:30:00
2424,482,STAFF_ASSIGNED,104,Đã phân Staff account #19.,2026-09-13 07:35:00
2425,482,PAYMENT_RECEIVED,\N,Thanh toán PAY-20260928-00482 thành công.,2026-09-13 09:30:00
2426,483,CREATED,4,Booking LNR-20261016-00483 được tạo.,2026-09-14 23:00:00
2427,483,STAFF_ASSIGNED,4,Đã phân Staff account #15.,2026-09-14 23:05:00
2428,483,PAYMENT_RECEIVED,\N,Thanh toán PAY-20261016-00483 thành công.,2026-09-15 04:00:00
2429,484,CREATED,134,Booking LNR-20261027-00484 được tạo.,2026-09-15 13:00:00
2430,484,STAFF_ASSIGNED,\N,Đã phân Staff account #14.,2026-09-15 13:05:00
2431,484,PAYMENT_RECEIVED,\N,Thanh toán PAY-20261027-00484 thành công.,2026-09-16 00:00:00
2432,485,CREATED,152,Booking LNR-20260930-00485 được tạo.,2026-09-15 03:00:00
2433,485,STAFF_ASSIGNED,152,Đã phân Staff account #23.,2026-09-15 03:05:00
2434,485,PAYMENT_RECEIVED,\N,Thanh toán PAY-20260930-00485 thành công.,2026-09-15 05:00:00
2435,486,CREATED,141,Booking LNR-20261009-00486 được tạo.,2026-09-15 09:00:00
2436,486,STAFF_ASSIGNED,141,Đã phân Staff account #11.,2026-09-15 09:05:00
2437,486,PAYMENT_RECEIVED,\N,Thanh toán PAY-20261009-00486 thành công.,2026-09-15 15:00:00
2438,487,CREATED,7,Booking LNR-20261005-00487 được tạo.,2026-09-14 21:00:00
2439,487,STAFF_ASSIGNED,7,Đã phân Staff account #11.,2026-09-14 21:05:00
2440,487,PAYMENT_RECEIVED,\N,Thanh toán PAY-20261005-00487 thành công.,2026-09-15 01:00:00
2441,488,CREATED,134,Booking LNR-20261023-00488 được tạo.,2026-09-14 13:00:00
2442,488,STAFF_ASSIGNED,134,Đã phân Staff account #24.,2026-09-14 13:05:00
2443,488,PAYMENT_RECEIVED,\N,Thanh toán PAY-20261023-00488 thành công.,2026-09-14 20:00:00
2444,489,CREATED,69,Booking LNR-20261027-00489 được tạo.,2026-09-14 14:00:00
2445,489,STAFF_ASSIGNED,\N,Đã phân Staff account #17.,2026-09-14 14:05:00
2446,489,PAYMENT_RECEIVED,\N,Thanh toán PAY-20261027-00489 thành công.,2026-09-15 02:00:00
2447,490,CREATED,51,Booking LNR-20260923-00490 được tạo.,2026-09-11 05:00:00
2448,490,STAFF_ASSIGNED,51,Đã phân Staff account #15.,2026-09-11 05:05:00
2449,490,PAYMENT_RECEIVED,\N,Thanh toán PAY-20260923-00490 thành công.,2026-09-11 12:00:00
2450,491,CREATED,5,Booking LNR-20260916-00491 được tạo.,2026-09-11 12:30:00
2451,491,STAFF_ASSIGNED,5,Đã phân Staff account #12.,2026-09-11 12:35:00
2452,491,PAYMENT_RECEIVED,\N,Thanh toán PAY-20260916-00491 thành công.,2026-09-11 13:30:00
2453,492,CREATED,140,Booking LNR-20261020-00492 được tạo.,2026-09-15 04:00:00
2454,492,STAFF_ASSIGNED,\N,Đã phân Staff account #19.,2026-09-15 04:05:00
2455,492,PAYMENT_RECEIVED,\N,Thanh toán PAY-20261020-00492 thành công.,2026-09-15 13:00:00
2456,492,EMAIL_SENT,\N,Đã gửi email xác nhận booking.,2026-09-15 04:10:00
2457,493,CREATED,104,Booking LNR-20261012-00493 được tạo.,2026-09-14 13:00:00
2458,493,STAFF_ASSIGNED,\N,Đã phân Staff account #12.,2026-09-14 13:05:00
2459,493,PAYMENT_RECEIVED,\N,Thanh toán PAY-20261012-00493 thành công.,2026-09-14 15:00:00
2460,494,CREATED,31,Booking LNR-20261021-00494 được tạo.,2026-09-14 04:00:00
2461,494,STAFF_ASSIGNED,\N,Đã phân Staff account #17.,2026-09-14 04:05:00
2462,494,PAYMENT_RECEIVED,\N,Thanh toán PAY-20261021-00494 thành công.,2026-09-14 14:00:00
2463,495,CREATED,111,Booking LNR-20261019-00495 được tạo.,2026-09-15 03:00:00
2464,495,STAFF_ASSIGNED,\N,Đã phân Staff account #14.,2026-09-15 03:05:00
2465,495,PAYMENT_RECEIVED,\N,Thanh toán PAY-20261019-00495 thành công.,2026-09-15 07:00:00
2466,496,CREATED,131,Booking LNR-20261014-00496 được tạo.,2026-09-14 15:00:00
2467,496,STAFF_ASSIGNED,\N,Đã phân Staff account #16.,2026-09-14 15:05:00
2468,496,PAYMENT_RECEIVED,\N,Thanh toán PAY-20261014-00496 thành công.,2026-09-14 17:00:00
2469,497,CREATED,30,Booking LNR-20261029-00497 được tạo.,2026-09-14 05:00:00
2470,497,STAFF_ASSIGNED,30,Đã phân Staff account #23.,2026-09-14 05:05:00
2471,497,PAYMENT_RECEIVED,\N,Thanh toán PAY-20261029-00497 thành công.,2026-09-14 14:00:00
2472,498,CREATED,102,Booking LNR-20260921-00498 được tạo.,2026-09-14 10:30:00
2473,498,STAFF_ASSIGNED,102,Đã phân Staff account #14.,2026-09-14 10:35:00
2474,498,PAYMENT_RECEIVED,\N,Thanh toán PAY-20260921-00498 thành công.,2026-09-14 21:30:00
2475,499,CREATED,116,Booking LNR-20261012-00499 được tạo.,2026-09-14 20:00:00
2476,499,STAFF_ASSIGNED,116,Đã phân Staff account #10.,2026-09-14 20:05:00
2477,499,PAYMENT_RECEIVED,\N,Thanh toán PAY-20261012-00499 thành công.,2026-09-15 08:00:00
2478,500,CREATED,123,Booking LNR-20261014-00500 được tạo.,2026-09-14 15:00:00
2479,500,STAFF_ASSIGNED,\N,Đã phân Staff account #18.,2026-09-14 15:05:00
2480,500,PAYMENT_RECEIVED,\N,Thanh toán PAY-20261014-00500 thành công.,2026-09-15 00:00:00
2481,501,CREATED,104,Booking LNR-20261022-00501 được tạo.,2026-09-14 07:00:00
2482,501,STAFF_ASSIGNED,\N,Đã phân Staff account #20.,2026-09-14 07:05:00
2483,501,PAYMENT_RECEIVED,\N,Thanh toán PAY-20261022-00501 thành công.,2026-09-14 12:00:00
2484,502,CREATED,103,Booking LNR-20261009-00502 được tạo.,2026-09-14 05:00:00
2485,502,STAFF_ASSIGNED,103,Đã phân Staff account #18.,2026-09-14 05:05:00
2486,502,PAYMENT_RECEIVED,\N,Thanh toán PAY-20261009-00502 thành công.,2026-09-14 07:00:00
2487,502,EMAIL_SENT,\N,Đã gửi email xác nhận booking.,2026-09-14 05:10:00
2488,503,CREATED,147,Booking LNR-20260917-00503 được tạo.,2026-09-11 05:00:00
2489,503,STAFF_ASSIGNED,\N,Đã phân Staff account #24.,2026-09-11 05:05:00
2490,503,PAYMENT_RECEIVED,\N,Thanh toán PAY-20260917-00503 thành công.,2026-09-11 06:00:00
2491,504,CREATED,172,Booking LNR-20261024-00504 được tạo.,2026-09-14 03:00:00
2492,504,STAFF_ASSIGNED,172,Đã phân Staff account #24.,2026-09-14 03:05:00
2493,504,PAYMENT_RECEIVED,\N,Thanh toán PAY-20261024-00504 thành công.,2026-09-14 12:00:00
2494,505,CREATED,129,Booking LNR-20261002-00505 được tạo.,2026-09-14 09:00:00
2495,505,STAFF_ASSIGNED,129,Đã phân Staff account #21.,2026-09-14 09:05:00
2496,505,PAYMENT_RECEIVED,\N,Thanh toán PAY-20261002-00505 thành công.,2026-09-14 14:00:00
2497,506,CREATED,43,Booking LNR-20261019-00506 được tạo.,2026-09-15 14:00:00
2498,506,STAFF_ASSIGNED,\N,Đã phân Staff account #12.,2026-09-15 14:05:00
2499,506,PAYMENT_RECEIVED,\N,Thanh toán PAY-20261019-00506 thành công.,2026-09-15 22:00:00
2500,507,CREATED,119,Booking LNR-20260919-00507 được tạo.,2026-09-07 11:00:00
2501,507,STAFF_ASSIGNED,119,Đã phân Staff account #21.,2026-09-07 11:05:00
2502,507,PAYMENT_RECEIVED,\N,Thanh toán PAY-20260919-00507 thành công.,2026-09-07 18:00:00
2503,508,CREATED,71,Booking LNR-20261017-00508 được tạo.,2026-09-15 07:00:00
2504,508,STAFF_ASSIGNED,71,Đã phân Staff account #14.,2026-09-15 07:05:00
2505,508,PAYMENT_RECEIVED,\N,Thanh toán PAY-20261017-00508 thành công.,2026-09-15 17:00:00
2506,509,CREATED,155,Booking LNR-20260922-00509 được tạo.,2026-09-12 13:30:00
2507,509,STAFF_ASSIGNED,155,Đã phân Staff account #10.,2026-09-12 13:35:00
2508,509,PAYMENT_RECEIVED,\N,Thanh toán PAY-20260922-00509 thành công.,2026-09-13 00:30:00
2509,509,EMAIL_SENT,\N,Đã gửi email xác nhận booking.,2026-09-12 13:40:00
2510,510,CREATED,33,Booking LNR-20261031-00510 được tạo.,2026-09-15 11:00:00
2511,510,STAFF_ASSIGNED,\N,Đã phân Staff account #19.,2026-09-15 11:05:00
2512,510,PAYMENT_RECEIVED,\N,Thanh toán PAY-20261031-00510 thành công.,2026-09-15 15:00:00
2513,510,EMAIL_SENT,\N,Đã gửi email xác nhận booking.,2026-09-15 11:10:00
2514,511,CREATED,144,Booking LNR-20261005-00511 được tạo.,2026-09-14 06:00:00
2515,511,STAFF_ASSIGNED,144,Đã phân Staff account #22.,2026-09-14 06:05:00
2516,511,PAYMENT_RECEIVED,\N,Thanh toán PAY-20261005-00511 thành công.,2026-09-14 08:00:00
2517,512,CREATED,149,Booking LNR-20260925-00512 được tạo.,2026-09-14 17:00:00
2518,512,STAFF_ASSIGNED,\N,Đã phân Staff account #19.,2026-09-14 17:05:00
2519,512,PAYMENT_RECEIVED,\N,Thanh toán PAY-20260925-00512 thành công.,2026-09-14 18:00:00
2520,513,CREATED,102,Booking LNR-20261009-00513 được tạo.,2026-09-15 00:00:00
2521,513,STAFF_ASSIGNED,102,Đã phân Staff account #17.,2026-09-15 00:05:00
2522,513,PAYMENT_RECEIVED,\N,Thanh toán PAY-20261009-00513 thành công.,2026-09-15 08:00:00
2523,514,CREATED,36,Booking LNR-20260917-00514 được tạo.,2026-09-12 05:00:00
2524,514,STAFF_ASSIGNED,\N,Đã phân Staff account #12.,2026-09-12 05:05:00
2525,514,PAYMENT_RECEIVED,\N,Thanh toán PAY-20260917-00514 thành công.,2026-09-12 17:00:00
2526,514,EMAIL_SENT,\N,Đã gửi email xác nhận booking.,2026-09-12 05:10:00
2527,515,CREATED,89,Booking LNR-20261014-00515 được tạo.,2026-09-14 03:00:00
2528,515,STAFF_ASSIGNED,\N,Đã phân Staff account #14.,2026-09-14 03:05:00
2529,515,PAYMENT_RECEIVED,\N,Thanh toán PAY-20261014-00515 thành công.,2026-09-14 07:00:00
2530,515,EMAIL_SENT,\N,Đã gửi email xác nhận booking.,2026-09-14 03:10:00
2531,516,CREATED,155,Booking LNR-20261021-00516 được tạo.,2026-09-14 09:00:00
2532,516,STAFF_ASSIGNED,155,Đã phân Staff account #17.,2026-09-14 09:05:00
2533,516,PAYMENT_RECEIVED,\N,Thanh toán PAY-20261021-00516 thành công.,2026-09-14 10:00:00
2534,517,CREATED,6,Booking LNR-20261012-00517 được tạo.,2026-09-14 18:00:00
2535,517,STAFF_ASSIGNED,6,Đã phân Staff account #19.,2026-09-14 18:05:00
2536,517,PAYMENT_RECEIVED,\N,Thanh toán PAY-20261012-00517 thành công.,2026-09-15 04:00:00
2537,517,EMAIL_SENT,\N,Đã gửi email xác nhận booking.,2026-09-14 18:10:00
2538,518,CREATED,134,Booking LNR-20260930-00518 được tạo.,2026-09-14 22:00:00
2539,518,STAFF_ASSIGNED,134,Đã phân Staff account #22.,2026-09-14 22:05:00
2540,518,PAYMENT_RECEIVED,\N,Thanh toán PAY-20260930-00518 thành công.,2026-09-15 03:00:00
2541,518,EMAIL_SENT,\N,Đã gửi email xác nhận booking.,2026-09-14 22:10:00
2542,519,CREATED,128,Booking LNR-20260921-00519 được tạo.,2026-09-05 11:00:00
2543,519,STAFF_ASSIGNED,\N,Đã phân Staff account #14.,2026-09-05 11:05:00
2544,519,PAYMENT_RECEIVED,\N,Thanh toán PAY-20260921-00519 thành công.,2026-09-05 14:00:00
2545,520,CREATED,78,Booking LNR-20261028-00520 được tạo.,2026-09-14 21:00:00
2546,520,STAFF_ASSIGNED,\N,Đã phân Staff account #17.,2026-09-14 21:05:00
2547,520,PAYMENT_RECEIVED,\N,Thanh toán PAY-20261028-00520 thành công.,2026-09-15 02:00:00
2548,521,CREATED,141,Booking LNR-20260918-00521 được tạo.,2026-08-31 10:30:00
2549,521,STAFF_ASSIGNED,\N,Đã phân Staff account #14.,2026-08-31 10:35:00
2550,521,PAYMENT_RECEIVED,\N,Thanh toán PAY-20260918-00521 thành công.,2026-08-31 18:30:00
2551,522,CREATED,4,Booking LNR-20261020-00522 được tạo.,2026-09-14 23:00:00
2552,522,STAFF_ASSIGNED,4,Đã phân Staff account #11.,2026-09-14 23:05:00
2553,522,PAYMENT_RECEIVED,\N,Thanh toán PAY-20261020-00522 thành công.,2026-09-15 02:00:00
2554,522,EMAIL_SENT,\N,Đã gửi email xác nhận booking.,2026-09-14 23:10:00
2555,523,CREATED,104,Booking LNR-20261001-00523 được tạo.,2026-09-15 00:00:00
2556,523,STAFF_ASSIGNED,\N,Đã phân Staff account #16.,2026-09-15 00:05:00
2557,523,PAYMENT_RECEIVED,\N,Thanh toán PAY-20261001-00523 thành công.,2026-09-15 04:00:00
2558,524,CREATED,95,Booking LNR-20261029-00524 được tạo.,2026-09-14 21:00:00
2559,524,STAFF_ASSIGNED,95,Đã phân Staff account #12.,2026-09-14 21:05:00
2560,524,PAYMENT_RECEIVED,\N,Thanh toán PAY-20261029-00524 thành công.,2026-09-15 02:00:00
2561,525,CREATED,53,Booking LNR-20261026-00525 được tạo.,2026-09-14 10:00:00
2562,525,STAFF_ASSIGNED,\N,Đã phân Staff account #10.,2026-09-14 10:05:00
2563,525,PAYMENT_RECEIVED,\N,Thanh toán PAY-20261026-00525 thành công.,2026-09-14 12:00:00
2564,526,CREATED,44,Booking LNR-20260917-00526 được tạo.,2026-09-07 09:00:00
2565,526,STAFF_ASSIGNED,44,Đã phân Staff account #19.,2026-09-07 09:05:00
2566,526,PAYMENT_RECEIVED,\N,Thanh toán PAY-20260917-00526 thành công.,2026-09-07 20:00:00
2567,527,CREATED,4,Booking LNR-20261029-00527 được tạo.,2026-09-15 06:00:00
2568,527,STAFF_ASSIGNED,4,Đã phân Staff account #19.,2026-09-15 06:05:00
2569,527,PAYMENT_RECEIVED,\N,Thanh toán PAY-20261029-00527 thành công.,2026-09-15 07:00:00
2570,528,CREATED,157,Booking LNR-20260929-00528 được tạo.,2026-09-15 00:00:00
2571,528,STAFF_ASSIGNED,\N,Đã phân Staff account #22.,2026-09-15 00:05:00
2572,528,PAYMENT_RECEIVED,\N,Thanh toán PAY-20260929-00528 thành công.,2026-09-15 01:00:00
2573,529,CREATED,90,Booking LNR-20261003-00529 được tạo.,2026-09-14 17:00:00
2574,529,STAFF_ASSIGNED,90,Đã phân Staff account #14.,2026-09-14 17:05:00
2575,529,PAYMENT_RECEIVED,\N,Thanh toán PAY-20261003-00529 thành công.,2026-09-15 02:00:00
2576,530,CREATED,52,Booking LNR-20261022-00530 được tạo.,2026-09-14 21:00:00
2577,530,STAFF_ASSIGNED,\N,Đã phân Staff account #15.,2026-09-14 21:05:00
2578,530,PAYMENT_RECEIVED,\N,Thanh toán PAY-20261022-00530 thành công.,2026-09-15 07:00:00
2579,530,EMAIL_SENT,\N,Đã gửi email xác nhận booking.,2026-09-14 21:10:00
2580,531,CREATED,116,Booking LNR-20261005-00531 được tạo.,2026-09-14 18:00:00
2581,531,STAFF_ASSIGNED,116,Đã phân Staff account #15.,2026-09-14 18:05:00
2582,531,PAYMENT_RECEIVED,\N,Thanh toán PAY-20261005-00531 thành công.,2026-09-15 01:00:00
2583,532,CREATED,83,Booking LNR-20261017-00532 được tạo.,2026-09-14 10:00:00
2584,532,STAFF_ASSIGNED,\N,Đã phân Staff account #18.,2026-09-14 10:05:00
2585,532,PAYMENT_RECEIVED,\N,Thanh toán PAY-20261017-00532 thành công.,2026-09-14 11:00:00
2586,533,CREATED,57,Booking LNR-20261021-00533 được tạo.,2026-09-14 06:00:00
2587,533,STAFF_ASSIGNED,57,Đã phân Staff account #14.,2026-09-14 06:05:00
2588,533,PAYMENT_RECEIVED,\N,Thanh toán PAY-20261021-00533 thành công.,2026-09-14 14:00:00
2589,533,EMAIL_SENT,\N,Đã gửi email xác nhận booking.,2026-09-14 06:10:00
2590,534,CREATED,69,Booking LNR-20261003-00534 được tạo.,2026-09-15 08:00:00
2591,534,STAFF_ASSIGNED,\N,Đã phân Staff account #22.,2026-09-15 08:05:00
2592,534,PAYMENT_RECEIVED,\N,Thanh toán PAY-20261003-00534 thành công.,2026-09-15 15:00:00
2593,534,EMAIL_SENT,\N,Đã gửi email xác nhận booking.,2026-09-15 08:10:00
2594,535,CREATED,4,Booking LNR-20261031-00535 được tạo.,2026-09-14 12:00:00
2595,535,STAFF_ASSIGNED,4,Đã phân Staff account #20.,2026-09-14 12:05:00
2596,535,PAYMENT_RECEIVED,\N,Thanh toán PAY-20261031-00535 thành công.,2026-09-14 13:00:00
2597,536,CREATED,141,Booking LNR-20261022-00536 được tạo.,2026-09-14 04:00:00
2598,536,STAFF_ASSIGNED,141,Đã phân Staff account #15.,2026-09-14 04:05:00
2599,536,PAYMENT_RECEIVED,\N,Thanh toán PAY-20261022-00536 thành công.,2026-09-14 11:00:00
2600,536,EMAIL_SENT,\N,Đã gửi email xác nhận booking.,2026-09-14 04:10:00
2601,537,CREATED,121,Booking LNR-20261019-00537 được tạo.,2026-09-14 15:00:00
2602,537,STAFF_ASSIGNED,\N,Đã phân Staff account #22.,2026-09-14 15:05:00
2603,537,PAYMENT_RECEIVED,\N,Thanh toán PAY-20261019-00537 thành công.,2026-09-15 03:00:00
2604,537,EMAIL_SENT,\N,Đã gửi email xác nhận booking.,2026-09-14 15:10:00
2605,538,CREATED,147,Booking LNR-20261002-00538 được tạo.,2026-09-15 10:00:00
2606,538,STAFF_ASSIGNED,\N,Đã phân Staff account #14.,2026-09-15 10:05:00
2607,538,PAYMENT_RECEIVED,\N,Thanh toán PAY-20261002-00538 thành công.,2026-09-15 21:00:00
2608,539,CREATED,162,Booking LNR-20261029-00539 được tạo.,2026-09-14 14:00:00
2609,539,STAFF_ASSIGNED,\N,Đã phân Staff account #13.,2026-09-14 14:05:00
2610,539,PAYMENT_RECEIVED,\N,Thanh toán PAY-20261029-00539 thành công.,2026-09-15 02:00:00
2611,539,EMAIL_SENT,\N,Đã gửi email xác nhận booking.,2026-09-14 14:10:00
2612,540,CREATED,168,Booking LNR-20261017-00540 được tạo.,2026-09-15 13:00:00
2613,540,STAFF_ASSIGNED,\N,Đã phân Staff account #12.,2026-09-15 13:05:00
2614,540,PAYMENT_RECEIVED,\N,Thanh toán PAY-20261017-00540 thành công.,2026-09-15 16:00:00
2615,541,CREATED,78,Booking LNR-20260919-00541 được tạo.,2026-09-14 11:30:00
2616,541,STAFF_ASSIGNED,\N,Đã phân Staff account #15.,2026-09-14 11:35:00
2617,541,PAYMENT_RECEIVED,\N,Thanh toán PAY-20260919-00541 thành công.,2026-09-14 23:30:00
2618,542,CREATED,81,Booking LNR-20260921-00542 được tạo.,2026-09-15 07:00:00
2619,542,STAFF_ASSIGNED,81,Đã phân Staff account #13.,2026-09-15 07:05:00
2620,542,PAYMENT_RECEIVED,\N,Thanh toán PAY-20260921-00542 thành công.,2026-09-15 17:00:00
2621,543,CREATED,34,Booking LNR-20261008-00543 được tạo.,2026-09-15 13:00:00
2622,543,STAFF_ASSIGNED,\N,Đã phân Staff account #13.,2026-09-15 13:05:00
2623,543,PAYMENT_RECEIVED,\N,Thanh toán PAY-20261008-00543 thành công.,2026-09-16 00:00:00
2624,544,CREATED,6,Booking LNR-20261014-00544 được tạo.,2026-09-15 14:00:00
2625,544,STAFF_ASSIGNED,6,Đã phân Staff account #18.,2026-09-15 14:05:00
2626,544,PAYMENT_RECEIVED,\N,Thanh toán PAY-20261014-00544 thành công.,2026-09-15 15:00:00
2627,544,EMAIL_SENT,\N,Đã gửi email xác nhận booking.,2026-09-15 14:10:00
2628,545,CREATED,155,Booking LNR-20261021-00545 được tạo.,2026-09-15 00:00:00
2629,545,STAFF_ASSIGNED,\N,Đã phân Staff account #11.,2026-09-15 00:05:00
2630,545,PAYMENT_RECEIVED,\N,Thanh toán PAY-20261021-00545 thành công.,2026-09-15 02:00:00
2631,546,CREATED,5,Booking LNR-20261001-00546 được tạo.,2026-09-15 12:00:00
2632,546,STAFF_ASSIGNED,5,Đã phân Staff account #18.,2026-09-15 12:05:00
2633,546,PAYMENT_RECEIVED,\N,Thanh toán PAY-20261001-00546 thành công.,2026-09-15 13:00:00
2634,547,CREATED,129,Booking LNR-20261003-00547 được tạo.,2026-09-15 02:00:00
2635,547,STAFF_ASSIGNED,129,Đã phân Staff account #23.,2026-09-15 02:05:00
2636,547,PAYMENT_RECEIVED,\N,Thanh toán PAY-20261003-00547 thành công.,2026-09-15 06:00:00
2637,547,EMAIL_SENT,\N,Đã gửi email xác nhận booking.,2026-09-15 02:10:00
2638,548,CREATED,9,Booking LNR-20260918-00548 được tạo.,2026-09-03 13:30:00
2639,548,STAFF_ASSIGNED,9,Đã phân Staff account #16.,2026-09-03 13:35:00
2640,548,PAYMENT_RECEIVED,\N,Thanh toán PAY-20260918-00548 thành công.,2026-09-03 16:30:00
2641,548,EMAIL_SENT,\N,Đã gửi email xác nhận booking.,2026-09-03 13:40:00
2642,549,CREATED,53,Booking LNR-20260922-00549 được tạo.,2026-09-08 12:30:00
2643,549,STAFF_ASSIGNED,\N,Đã phân Staff account #15.,2026-09-08 12:35:00
2644,549,PAYMENT_RECEIVED,\N,Thanh toán PAY-20260922-00549 thành công.,2026-09-08 22:30:00
2645,549,EMAIL_SENT,\N,Đã gửi email xác nhận booking.,2026-09-08 12:40:00
2646,550,CREATED,118,Booking LNR-20261012-00550 được tạo.,2026-09-15 12:00:00
2647,550,STAFF_ASSIGNED,\N,Đã phân Staff account #10.,2026-09-15 12:05:00
2648,550,PAYMENT_RECEIVED,\N,Thanh toán PAY-20261012-00550 thành công.,2026-09-15 16:00:00
2649,551,CREATED,164,Booking LNR-20261015-00551 được tạo.,2026-09-14 11:00:00
2650,551,STAFF_ASSIGNED,\N,Đã phân Staff account #13.,2026-09-14 11:05:00
2651,551,PAYMENT_RECEIVED,\N,Thanh toán PAY-20261015-00551 thành công.,2026-09-14 21:00:00
2652,552,CREATED,37,Booking LNR-20261031-00552 được tạo.,2026-09-14 04:00:00
2653,552,STAFF_ASSIGNED,\N,Đã phân Staff account #21.,2026-09-14 04:05:00
2654,552,PAYMENT_RECEIVED,\N,Thanh toán PAY-20261031-00552 thành công.,2026-09-14 12:00:00
2655,553,CREATED,2,Booking LNR-20261020-00553 được tạo.,2026-09-14 12:00:00
2656,553,STAFF_ASSIGNED,2,Đã phân Staff account #20.,2026-09-14 12:05:00
2657,553,PAYMENT_RECEIVED,\N,Thanh toán PAY-20261020-00553 thành công.,2026-09-14 14:00:00
2658,553,EMAIL_SENT,\N,Đã gửi email xác nhận booking.,2026-09-14 12:10:00
2659,554,CREATED,56,Booking LNR-20261007-00554 được tạo.,2026-09-15 14:00:00
2660,554,STAFF_ASSIGNED,\N,Đã phân Staff account #19.,2026-09-15 14:05:00
2661,554,PAYMENT_RECEIVED,\N,Thanh toán PAY-20261007-00554 thành công.,2026-09-15 17:00:00
2662,555,CREATED,2,Booking LNR-20261023-00555 được tạo.,2026-09-15 04:00:00
2663,555,STAFF_ASSIGNED,2,Đã phân Staff account #11.,2026-09-15 04:05:00
2664,555,PAYMENT_RECEIVED,\N,Thanh toán PAY-20261023-00555 thành công.,2026-09-15 15:00:00
2665,556,CREATED,81,Booking LNR-20261024-00556 được tạo.,2026-09-14 08:00:00
2666,556,STAFF_ASSIGNED,81,Đã phân Staff account #22.,2026-09-14 08:05:00
2667,556,PAYMENT_RECEIVED,\N,Thanh toán PAY-20261024-00556 thành công.,2026-09-14 17:00:00
2668,557,CREATED,113,Booking LNR-20260921-00557 được tạo.,2026-09-14 13:00:00
2669,557,STAFF_ASSIGNED,\N,Đã phân Staff account #21.,2026-09-14 13:05:00
2670,557,PAYMENT_RECEIVED,\N,Thanh toán PAY-20260921-00557 thành công.,2026-09-14 14:00:00
2671,558,CREATED,8,Booking LNR-20261015-00558 được tạo.,2026-09-14 03:00:00
2672,558,STAFF_ASSIGNED,8,Đã phân Staff account #18.,2026-09-14 03:05:00
2673,558,PAYMENT_RECEIVED,\N,Thanh toán PAY-20261015-00558 thành công.,2026-09-14 12:00:00
2674,559,CREATED,69,Booking LNR-20260925-00559 được tạo.,2026-09-14 08:00:00
2675,559,STAFF_ASSIGNED,69,Đã phân Staff account #24.,2026-09-14 08:05:00
2676,559,PAYMENT_RECEIVED,\N,Thanh toán PAY-20260925-00559 thành công.,2026-09-14 15:00:00
2677,560,CREATED,99,Booking LNR-20261017-00560 được tạo.,2026-09-14 13:00:00
2678,560,STAFF_ASSIGNED,99,Đã phân Staff account #16.,2026-09-14 13:05:00
2679,560,PAYMENT_RECEIVED,\N,Thanh toán PAY-20261017-00560 thành công.,2026-09-14 22:00:00
2680,561,CREATED,6,Booking LNR-20260916-00561 được tạo.,2026-09-13 07:30:00
2681,561,STAFF_ASSIGNED,6,Đã phân Staff account #12.,2026-09-13 07:35:00
2682,561,PAYMENT_RECEIVED,\N,Thanh toán PAY-20260916-00561 thành công.,2026-09-13 18:30:00
2683,562,CREATED,127,Booking LNR-20261024-00562 được tạo.,2026-09-14 03:00:00
2684,562,STAFF_ASSIGNED,\N,Đã phân Staff account #24.,2026-09-14 03:05:00
2685,562,PAYMENT_RECEIVED,\N,Thanh toán PAY-20261024-00562 thành công.,2026-09-14 07:00:00
2686,563,CREATED,55,Booking LNR-20261019-00563 được tạo.,2026-09-14 05:00:00
2687,563,STAFF_ASSIGNED,55,Đã phân Staff account #11.,2026-09-14 05:05:00
2688,563,PAYMENT_RECEIVED,\N,Thanh toán PAY-20261019-00563 thành công.,2026-09-14 15:00:00
2689,564,CREATED,6,Booking LNR-20261022-00564 được tạo.,2026-09-14 18:00:00
2690,564,STAFF_ASSIGNED,6,Đã phân Staff account #19.,2026-09-14 18:05:00
2691,564,PAYMENT_RECEIVED,\N,Thanh toán PAY-20261022-00564 thành công.,2026-09-14 23:00:00
2692,565,CREATED,77,Booking LNR-20260923-00565 được tạo.,2026-09-14 18:00:00
2693,565,STAFF_ASSIGNED,77,Đã phân Staff account #23.,2026-09-14 18:05:00
2694,565,PAYMENT_RECEIVED,\N,Thanh toán PAY-20260923-00565 thành công.,2026-09-14 22:00:00
2695,565,EMAIL_SENT,\N,Đã gửi email xác nhận booking.,2026-09-14 18:10:00
2696,566,CREATED,116,Booking LNR-20261008-00566 được tạo.,2026-09-15 03:00:00
2697,566,STAFF_ASSIGNED,116,Đã phân Staff account #18.,2026-09-15 03:05:00
2698,566,PAYMENT_RECEIVED,\N,Thanh toán PAY-20261008-00566 thành công.,2026-09-15 11:00:00
2699,566,EMAIL_SENT,\N,Đã gửi email xác nhận booking.,2026-09-15 03:10:00
2700,567,CREATED,154,Booking LNR-20261017-00567 được tạo.,2026-09-14 16:00:00
2701,567,STAFF_ASSIGNED,\N,Đã phân Staff account #23.,2026-09-14 16:05:00
2702,567,PAYMENT_RECEIVED,\N,Thanh toán PAY-20261017-00567 thành công.,2026-09-14 19:00:00
2703,568,CREATED,80,Booking LNR-20261002-00568 được tạo.,2026-09-14 23:00:00
2704,568,STAFF_ASSIGNED,\N,Đã phân Staff account #12.,2026-09-14 23:05:00
2705,568,PAYMENT_RECEIVED,\N,Thanh toán PAY-20261002-00568 thành công.,2026-09-15 08:00:00
2706,568,EMAIL_SENT,\N,Đã gửi email xác nhận booking.,2026-09-14 23:10:00
2707,569,CREATED,7,Booking LNR-20261022-00569 được tạo.,2026-09-14 11:00:00
2708,569,STAFF_ASSIGNED,7,Đã phân Staff account #17.,2026-09-14 11:05:00
2709,569,PAYMENT_RECEIVED,\N,Thanh toán PAY-20261022-00569 thành công.,2026-09-14 20:00:00
2710,570,CREATED,83,Booking LNR-20261027-00570 được tạo.,2026-09-15 00:00:00
2711,570,STAFF_ASSIGNED,83,Đã phân Staff account #22.,2026-09-15 00:05:00
2712,570,PAYMENT_RECEIVED,\N,Thanh toán PAY-20261027-00570 thành công.,2026-09-15 08:00:00
2713,571,CREATED,85,Booking LNR-20260915-00571 được tạo.,2026-09-02 09:00:00
2714,571,STAFF_ASSIGNED,85,Đã phân Staff account #17.,2026-09-02 09:05:00
2715,571,PAYMENT_RECEIVED,\N,Thanh toán PAY-20260915-00571 thành công.,2026-09-02 10:00:00
2716,571,CHECKED_IN,9,Khách hàng đã check-in tại Spa.,2026-09-15 08:49:00
2717,572,CREATED,159,Booking LNR-20260915-00572 được tạo.,2026-09-05 09:00:00
2718,572,STAFF_ASSIGNED,159,Đã phân Staff account #12.,2026-09-05 09:05:00
2719,572,PAYMENT_RECEIVED,\N,Thanh toán PAY-20260915-00572 thành công.,2026-09-15 08:49:00
2720,572,EMAIL_SENT,\N,Đã gửi email xác nhận booking.,2026-09-05 09:10:00
2721,572,CHECKED_IN,9,Khách hàng đã check-in tại Spa.,2026-09-15 08:49:00
2722,573,CREATED,8,Booking LNR-20260915-00573 được tạo.,2026-08-29 04:00:00
2723,573,STAFF_ASSIGNED,8,Đã phân Staff account #20.,2026-08-29 04:05:00
2724,573,PAYMENT_RECEIVED,\N,Thanh toán PAY-20260915-00573 thành công.,2026-09-15 08:52:00
2725,573,CHECKED_IN,6,Khách hàng đã check-in tại Spa.,2026-09-15 08:52:00
2726,574,CREATED,66,Booking LNR-20260915-00574 được tạo.,2026-09-13 09:00:00
2727,574,STAFF_ASSIGNED,66,Đã phân Staff account #17.,2026-09-13 09:05:00
2728,574,PAYMENT_RECEIVED,\N,Thanh toán PAY-20260915-00574 thành công.,2026-09-15 10:54:00
2729,574,EMAIL_SENT,\N,Đã gửi email xác nhận booking.,2026-09-13 09:10:00
2730,574,CHECKED_IN,8,Khách hàng đã check-in tại Spa.,2026-09-15 10:54:00
2731,575,CREATED,129,Booking LNR-20260915-00575 được tạo.,2026-09-03 04:00:00
2732,575,STAFF_ASSIGNED,\N,Đã phân Staff account #15.,2026-09-03 04:05:00
2733,575,PAYMENT_RECEIVED,\N,Thanh toán PAY-20260915-00575 thành công.,2026-09-03 15:00:00
2734,575,EMAIL_SENT,\N,Đã gửi email xác nhận booking.,2026-09-03 04:10:00
2735,575,CHECKED_IN,8,Khách hàng đã check-in tại Spa.,2026-09-15 08:48:00
2736,576,CREATED,106,Booking LNR-20260915-00576 được tạo.,2026-09-12 09:00:00
2737,576,STAFF_ASSIGNED,\N,Đã phân Staff account #10.,2026-09-12 09:05:00
2738,576,PAYMENT_RECEIVED,\N,Thanh toán PAY-20260915-00576 thành công.,2026-09-12 11:00:00
2739,576,CHECKED_IN,7,Khách hàng đã check-in tại Spa.,2026-09-15 08:53:00
2740,577,CREATED,2,Booking LNR-20260915-00577 được tạo.,2026-09-09 08:00:00
2741,577,STAFF_ASSIGNED,2,Đã phân Staff account #18.,2026-09-09 08:05:00
2742,577,PAYMENT_RECEIVED,\N,Thanh toán PAY-20260915-00577 thành công.,2026-09-15 08:57:00
2743,577,CHECKED_IN,9,Khách hàng đã check-in tại Spa.,2026-09-15 08:57:00
2744,578,CREATED,173,Booking LNR-20260915-00578 được tạo.,2026-09-11 06:00:00
2745,578,STAFF_ASSIGNED,173,Đã phân Staff account #22.,2026-09-11 06:05:00
2746,578,PAYMENT_RECEIVED,\N,Thanh toán PAY-20260915-00578 thành công.,2026-09-11 13:00:00
2747,578,CHECKED_IN,7,Khách hàng đã check-in tại Spa.,2026-09-15 08:50:00
2748,579,CREATED,57,Booking LNR-20260915-00579 được tạo.,2026-09-04 08:00:00
2749,579,STAFF_ASSIGNED,\N,Đã phân Staff account #21.,2026-09-04 08:05:00
2750,579,PAYMENT_RECEIVED,\N,Thanh toán PAY-20260915-00579 thành công.,2026-09-04 14:00:00
2751,579,CHECKED_IN,7,Khách hàng đã check-in tại Spa.,2026-09-15 08:55:00
2752,580,CREATED,99,Booking LNR-20260915-00580 được tạo.,2026-09-05 06:00:00
2753,580,STAFF_ASSIGNED,\N,Đã phân Staff account #24.,2026-09-05 06:05:00
2754,580,PAYMENT_RECEIVED,\N,Thanh toán PAY-20260915-00580 thành công.,2026-09-05 17:00:00
2755,580,CHECKED_IN,7,Khách hàng đã check-in tại Spa.,2026-09-15 08:54:00
2756,581,CREATED,155,Booking LNR-20260915-00581 được tạo.,2026-09-02 10:30:00
2757,581,STAFF_ASSIGNED,\N,Đã phân Staff account #17.,2026-09-02 10:35:00
2758,581,PAYMENT_RECEIVED,\N,Thanh toán PAY-20260915-00581 thành công.,2026-09-15 13:26:00
2759,581,CHECKED_IN,8,Khách hàng đã check-in tại Spa.,2026-09-15 13:26:00
2760,582,CREATED,171,Booking LNR-20260915-00582 được tạo.,2026-09-02 09:00:00
2761,582,STAFF_ASSIGNED,171,Đã phân Staff account #19.,2026-09-02 09:05:00
2762,582,PAYMENT_RECEIVED,\N,Thanh toán PAY-20260915-00582 thành công.,2026-09-02 16:00:00
2763,582,EMAIL_SENT,\N,Đã gửi email xác nhận booking.,2026-09-02 09:10:00
2764,582,CHECKED_IN,9,Khách hàng đã check-in tại Spa.,2026-09-15 08:57:00
2765,583,CREATED,115,Booking LNR-20260915-00583 được tạo.,2026-09-06 05:00:00
2766,583,STAFF_ASSIGNED,\N,Đã phân Staff account #21.,2026-09-06 05:05:00
2767,583,PAYMENT_RECEIVED,\N,Thanh toán PAY-20260915-00583 thành công.,2026-09-06 11:00:00
2768,583,CHECKED_IN,7,Khách hàng đã check-in tại Spa.,2026-09-15 10:56:00
2769,584,CREATED,151,Booking LNR-20260915-00584 được tạo.,2026-09-11 10:00:00
2770,584,STAFF_ASSIGNED,\N,Đã phân Staff account #12.,2026-09-11 10:05:00
2771,584,PAYMENT_RECEIVED,\N,Thanh toán PAY-20260915-00584 thành công.,2026-09-11 11:00:00
2772,584,CHECKED_IN,6,Khách hàng đã check-in tại Spa.,2026-09-15 10:55:00
2773,585,CREATED,114,Booking LNR-20260915-00585 được tạo.,2026-09-06 08:00:00
2774,585,STAFF_ASSIGNED,\N,Đã phân Staff account #19.,2026-09-06 08:05:00
2775,585,PAYMENT_RECEIVED,\N,Thanh toán PAY-20260915-00585 thành công.,2026-09-06 20:00:00
2776,585,CHECKED_IN,7,Khách hàng đã check-in tại Spa.,2026-09-15 10:55:00
2777,586,CREATED,95,Booking LNR-20260915-00586 được tạo.,2026-09-04 08:30:00
2778,586,STAFF_ASSIGNED,95,Đã phân Staff account #18.,2026-09-04 08:35:00
2779,586,PAYMENT_RECEIVED,\N,Thanh toán PAY-20260915-00586 thành công.,2026-09-04 15:30:00
2780,586,CHECKED_IN,9,Khách hàng đã check-in tại Spa.,2026-09-15 13:22:00
2781,586,SERVICE_STARTED,18,Staff bắt đầu thực hiện dịch vụ.,2026-09-15 13:33:00
2782,587,CREATED,166,Booking LNR-20260915-00587 được tạo.,2026-09-05 12:30:00
2783,587,STAFF_ASSIGNED,\N,Đã phân Staff account #15.,2026-09-05 12:35:00
2784,587,PAYMENT_RECEIVED,\N,Thanh toán PAY-20260915-00587 thành công.,2026-09-05 13:30:00
2785,587,CHECKED_IN,6,Khách hàng đã check-in tại Spa.,2026-09-15 13:22:00
2786,587,SERVICE_STARTED,15,Staff bắt đầu thực hiện dịch vụ.,2026-09-15 13:33:00
2787,588,CREATED,146,Booking LNR-20260915-00588 được tạo.,2026-09-06 12:30:00
2788,588,STAFF_ASSIGNED,146,Đã phân Staff account #21.,2026-09-06 12:35:00
2789,588,PAYMENT_RECEIVED,\N,Thanh toán PAY-20260915-00588 thành công.,2026-09-06 17:30:00
2790,588,EMAIL_SENT,\N,Đã gửi email xác nhận booking.,2026-09-06 12:40:00
2791,588,CHECKED_IN,6,Khách hàng đã check-in tại Spa.,2026-09-15 13:25:00
2792,588,SERVICE_STARTED,21,Staff bắt đầu thực hiện dịch vụ.,2026-09-15 13:32:00
2793,589,CREATED,100,Booking LNR-20260915-00589 được tạo.,2026-08-31 12:30:00
2794,589,STAFF_ASSIGNED,\N,Đã phân Staff account #14.,2026-08-31 12:35:00
2795,589,PAYMENT_RECEIVED,\N,Thanh toán PAY-20260915-00589 thành công.,2026-08-31 16:30:00
2796,589,CHECKED_IN,8,Khách hàng đã check-in tại Spa.,2026-09-15 13:24:00
2797,589,SERVICE_STARTED,14,Staff bắt đầu thực hiện dịch vụ.,2026-09-15 13:30:00
2798,590,CREATED,168,Booking LNR-20260915-00590 được tạo.,2026-09-02 08:30:00
2799,590,STAFF_ASSIGNED,\N,Đã phân Staff account #24.,2026-09-02 08:35:00
2800,590,PAYMENT_RECEIVED,\N,Thanh toán PAY-20260915-00590 thành công.,2026-09-02 18:30:00
2801,590,CHECKED_IN,7,Khách hàng đã check-in tại Spa.,2026-09-15 13:25:00
2802,590,SERVICE_STARTED,24,Staff bắt đầu thực hiện dịch vụ.,2026-09-15 13:31:00
2803,591,CREATED,111,Booking LNR-20260915-00591 được tạo.,2026-09-06 15:00:00
2804,591,STAFF_ASSIGNED,111,Đã phân Staff account #14.,2026-09-06 15:05:00
2805,591,PAYMENT_RECEIVED,\N,Thanh toán PAY-20260915-00591 thành công.,2026-09-06 23:00:00
2806,591,CHECKED_IN,7,Khách hàng đã check-in tại Spa.,2026-09-15 14:50:00
2807,591,SERVICE_STARTED,14,Staff bắt đầu thực hiện dịch vụ.,2026-09-15 15:01:00
2808,592,CREATED,9,Booking LNR-20260915-00592 được tạo.,2026-09-03 10:30:00
2809,592,STAFF_ASSIGNED,9,Đã phân Staff account #19.,2026-09-03 10:35:00
2810,592,PAYMENT_RECEIVED,\N,Thanh toán PAY-20260915-00592 thành công.,2026-09-03 20:30:00
2811,592,EMAIL_SENT,\N,Đã gửi email xác nhận booking.,2026-09-03 10:40:00
2812,592,CHECKED_IN,9,Khách hàng đã check-in tại Spa.,2026-09-15 13:24:00
2813,592,SERVICE_STARTED,19,Staff bắt đầu thực hiện dịch vụ.,2026-09-15 13:33:00
2814,593,CREATED,5,Booking LNR-20260915-00593 được tạo.,2026-09-07 09:30:00
2815,593,STAFF_ASSIGNED,5,Đã phân Staff account #12.,2026-09-07 09:35:00
2816,593,PAYMENT_RECEIVED,\N,Thanh toán PAY-20260915-00593 thành công.,2026-09-07 15:30:00
2817,593,CHECKED_IN,7,Khách hàng đã check-in tại Spa.,2026-09-15 13:20:00
2818,593,SERVICE_STARTED,12,Staff bắt đầu thực hiện dịch vụ.,2026-09-15 13:32:00
2819,594,CREATED,83,Booking LNR-20260915-00594 được tạo.,2026-09-03 10:00:00
2820,594,STAFF_ASSIGNED,83,Đã phân Staff account #19.,2026-09-03 10:05:00
2821,594,PAYMENT_RECEIVED,\N,Thanh toán PAY-20260915-00594 thành công.,2026-09-03 11:00:00
2822,594,CHECKED_IN,6,Khách hàng đã check-in tại Spa.,2026-09-15 14:56:00
2823,594,SERVICE_STARTED,19,Staff bắt đầu thực hiện dịch vụ.,2026-09-15 15:03:00
2824,595,CREATED,40,Booking LNR-20260915-00595 được tạo.,2026-09-10 12:30:00
2825,595,STAFF_ASSIGNED,40,Đã phân Staff account #22.,2026-09-10 12:35:00
2826,595,PAYMENT_RECEIVED,\N,Thanh toán PAY-20260915-00595 thành công.,2026-09-15 13:27:00
2827,595,CHECKED_IN,6,Khách hàng đã check-in tại Spa.,2026-09-15 13:27:00
2828,595,SERVICE_STARTED,22,Staff bắt đầu thực hiện dịch vụ.,2026-09-15 13:32:00
2829,596,CREATED,3,Booking LNR-20260915-00596 được tạo.,2026-08-29 12:30:00
2830,596,STAFF_ASSIGNED,3,Đã phân Staff account #16.,2026-08-29 12:35:00
2831,596,PAYMENT_RECEIVED,\N,Thanh toán PAY-20260915-00596 thành công.,2026-09-15 13:19:00
2832,596,CHECKED_IN,8,Khách hàng đã check-in tại Spa.,2026-09-15 13:19:00
2833,596,SERVICE_STARTED,16,Staff bắt đầu thực hiện dịch vụ.,2026-09-15 13:30:00
2834,597,CREATED,4,Booking LNR-20260915-00597 được tạo.,2026-09-12 10:00:00
2835,597,STAFF_ASSIGNED,4,Đã phân Staff account #21.,2026-09-12 10:05:00
2836,597,PAYMENT_RECEIVED,\N,Thanh toán PAY-20260915-00597 thành công.,2026-09-12 18:00:00
2837,597,CHECKED_IN,6,Khách hàng đã check-in tại Spa.,2026-09-15 14:49:00
2838,597,SERVICE_STARTED,21,Staff bắt đầu thực hiện dịch vụ.,2026-09-15 15:02:00
2839,598,CREATED,9,Booking LNR-20260915-00598 được tạo.,2026-09-09 12:30:00
2840,598,STAFF_ASSIGNED,9,Đã phân Staff account #10.,2026-09-09 12:35:00
2841,598,PAYMENT_RECEIVED,\N,Thanh toán PAY-20260915-00598 thành công.,2026-09-10 00:30:00
2842,598,CHECKED_IN,6,Khách hàng đã check-in tại Spa.,2026-09-15 13:21:00
2843,598,SERVICE_STARTED,10,Staff bắt đầu thực hiện dịch vụ.,2026-09-15 13:30:00
2844,599,CREATED,140,Booking LNR-20260915-00599 được tạo.,2026-09-01 13:30:00
2845,599,STAFF_ASSIGNED,\N,Đã phân Staff account #11.,2026-09-01 13:35:00
2846,599,PAYMENT_RECEIVED,\N,Thanh toán PAY-20260915-00599 thành công.,2026-09-02 00:30:00
2847,599,CHECKED_IN,8,Khách hàng đã check-in tại Spa.,2026-09-15 13:25:00
2848,599,SERVICE_STARTED,11,Staff bắt đầu thực hiện dịch vụ.,2026-09-15 13:35:00
2849,600,CREATED,109,Booking LNR-20260915-00600 được tạo.,2026-08-31 12:00:00
2850,600,STAFF_ASSIGNED,109,Đã phân Staff account #10.,2026-08-31 12:05:00
2851,600,PAYMENT_RECEIVED,\N,Thanh toán PAY-20260915-00600 thành công.,2026-09-15 14:56:00
2852,600,CHECKED_IN,7,Khách hàng đã check-in tại Spa.,2026-09-15 14:56:00
2853,600,SERVICE_STARTED,10,Staff bắt đầu thực hiện dịch vụ.,2026-09-15 15:01:00
